method,sample_id,density_sae,density_nrmse,foreground_nrmse,background_nrmse,selection_score,physics_nrms
IRLS_original_beta0.3,v023_validation_iid_000001_1f77f185d2,597.5026760141527,1.065139785795904,0.8058132113692433,0.18831979461714757,0.9941330059863909,0.04087348057906431
IRLS_original_beta0.3,v023_validation_iid_000010_4165b45c34,904.5477686881147,1.3265818376749041,0.8217261475773115,0.35388764115035526,1.1756137887276668,0.026375448835899408
IRLS_original_beta0.3,v023_validation_iid_000011_fb2c2ea247,832.341633555036,1.2913896080494562,0.7006174590635942,0.3031809236173987,1.0037983826809929,0.020564024676085268
IRLS_original_beta0.3,v023_validation_iid_000014_ea7806be94,510.0145392652846,1.1990989000684429,0.5657938277403893,0.21281001721894327,0.7786038449593327,0.028457111668751745
IRLS_original_beta0.3,v023_validation_iid_000019_f282d5a722,460.15673063279064,1.5287486477458312,0.6603143628464773,0.22824420750161684,0.888558570348094,0.0367451308419369
IRLS_original_beta0.3,v023_validation_iid_000033_c7b569725d,582.3393235955646,1.6036770122412882,0.8492593296062332,0.2908032370017891,1.1400625666080222,0.034078969400391304
IRLS_original_beta0.3,v023_validation_iid_000044_71f89a6957,2630.3028362026544,8.758897869303633,0.9637038772397808,0.9702267040880274,1.9339305813278083,0.26447035650125944
IRLS_original_beta0.3,v023_validation_iid_000048_e740a9c6dd,336.50514957041673,0.7541649059472746,0.5117171667959821,0.11133302628447288,0.623050193080455,0.045064169488369096
IRLS_original_beta0.3,v023_validation_iid_000051_d9509242d5,800.4248859678962,1.6091481154575795,0.7433496052572274,0.2875101277116891,1.0308597329689164,0.02821550890912446
IRLS_original_beta0.3,v023_validation_iid_000058_3bd2cdd65c,730.3520026936827,1.4273485636826522,0.6929882162061464,0.24932928710144123,0.9423175033075876,0.026179270814683447
IRLS_original_beta0.3,v023_validation_iid_000070_34f84d5f0a,946.169637810684,0.7853267982645985,0.483715241240512,0.24352629428472733,0.7272415355252393,0.013893274713838293
IRLS_original_beta0.3,v023_validation_iid_000079_5e095c685b,961.2526457879139,1.0461004639193083,0.6737837934285485,0.23462505887675555,0.9084088523053041,0.02854568312389693
IRLS_original_beta0.3,v023_validation_iid_000094_9735873545,346.7071501092692,2.9677569071809695,0.79899180748582,0.2536247526548716,1.0526165601406916,0.08331299288540224
IRLS_original_beta0.3,v023_validation_iid_000115_00de972314,817.44063219339,2.866233267511882,0.6011908067942108,0.5562474284932085,1.1574382352874193,0.11540319854712135
IRLS_original_beta0.3,v023_validation_iid_000118_5f2dd18f7c,493.0092710836799,0.5522470931396031,0.4049702653325015,0.1398866932550145,0.544856958587516,0.01361012131892341
IRLS_original_beta0.3,v023_validation_iid_000132_75bcb1df73,658.5333958886586,1.3435112371330002,0.7225804917934693,0.39742178590638527,1.1200022776998546,0.029672404911302564
IRLS_original_beta0.3,v023_validation_iid_000140_de1f8ff7c3,717.4845186935107,1.6526457217746993,0.8988792017279802,0.36197447819409195,1.2608536799220722,0.04628503788074931
IRLS_original_beta0.3,v023_validation_iid_000145_6a44137e7d,251.30000431667168,1.2422430848257218,0.5836432995834178,0.11814740318958501,0.7017907027730028,0.06445413796105201
IRLS_original_beta0.3,v023_validation_iid_000182_e81e751497,882.70540782884,1.2954644833927267,0.8280308996658926,0.3299091733680528,1.1579400730339455,0.025893742887372888
IRLS_original_beta0.3,v023_validation_iid_000200_1840e37748,773.453771861031,0.5649414712473741,0.3066622358197175,0.1764168524953543,0.48307908831507185,0.013779528126702141
IRLS_original_beta0.3,v023_validation_iid_000203_b00b5267c4,254.2445022565672,1.5062306497772842,0.6826208113304295,0.1264322592953404,0.8090530706257699,0.05780227432770809
IRLS_original_beta0.3,v023_validation_iid_000208_f77617b188,913.7899242636463,1.5040766888328088,0.7904702803689836,0.3095890236815439,1.1000593040505275,0.023611473075346272
IRLS_original_beta0.3,v023_validation_iid_000279_9f28c90c00,390.0184646625413,0.845236047209199,0.6370955065247196,0.1285569328747624,0.7656524393994819,0.036678178264772175
IRLS_original_beta0.3,v023_validation_iid_000283_084f2e07a3,560.3781691784912,1.0164982310447563,0.5517838788095925,0.1807573317880086,0.732541210597601,0.01471909228234276
IRLS_original_beta0.3,v023_validation_iid_000284_7207955a74,778.8902586383141,1.5884106877759214,0.825859157829622,0.29614446186873516,1.1220036196983572,0.03251122110881991
IRLS_original_beta0.3,v023_validation_iid_000309_8b472acfc1,449.93617673677244,0.6398573979790873,0.39967326820676735,0.17538072207002947,0.5750539902767968,0.016031469953410146
IRLS_original_beta0.3,v023_validation_iid_000405_16b7ac8cf5,480.9054169216066,1.2738568927151535,0.7105082278729642,0.26508946245065595,0.9755976903236201,0.031071328878428964
IRLS_original_beta0.3,v023_validation_iid_000406_22b4cbcb04,769.7160622899598,1.329785724462348,0.8585386058722125,0.27123597319374776,1.1297745790659603,0.021946664454833398
IRLS_original_beta0.3,v023_validation_iid_000419_b85b330a88,1076.1946545971407,1.3508743954425568,0.8017919926251861,0.41389896757247024,1.2156909601976564,0.029188458638536998
IRLS_original_beta0.3,v023_validation_iid_000423_e037bd9b67,541.6116077023082,1.238594449457733,0.7388001909262639,0.21313620011858064,0.9519363910448446,0.022111277625467697
IRLS_original_beta0.3,v023_validation_iid_000427_9707c07b4a,1221.2783077984386,1.3217965484343,0.6895407266473751,0.30488067078493136,0.9944213974323064,0.021134446193216104
IRLS_original_beta0.3,v023_validation_iid_000442_ee6835e33d,213.60322994497963,0.6389733891905343,0.4058257494041271,0.13350011762906625,0.5393258670331933,0.027879877364604254
IRLS_original_beta0.3,v023_validation_iid_000446_6755efaa5c,583.1700114839881,0.8329180762552164,0.542513711298403,0.1630131598788552,0.7055268711772582,0.0366276677959625
IRLS_original_beta0.3,v023_validation_iid_000450_27c02340da,261.01777357314774,1.6067812157638781,0.8328744927598384,0.16682759928674698,0.9997020920465853,0.05454115860599628
IRLS_original_beta0.3,v023_validation_iid_000451_3d48c8a249,1689.6000462768989,1.2556872728903015,0.7411842109775527,0.3601943516041691,1.1013785625817218,0.01799743607929345
IRLS_original_beta0.3,v023_validation_iid_000455_93fd0d97dc,370.043486670816,3.3237104615113573,0.7719720538377685,0.3022802736790483,1.0742523275168168,0.08183442407120939
IRLS_original_beta0.3,v023_validation_iid_000460_3fb1e2ffd2,270.73906326280354,1.0242985308378498,0.8439434419413057,0.126785129580826,0.9707285715221317,0.03918346613749826
IRLS_original_beta0.3,v023_validation_iid_000487_d05e40465d,284.2116582985664,0.748704272663618,0.5827885260833846,0.1111012339421452,0.6938897600255298,0.023860292855192495
IRLS_original_beta0.3,v023_validation_iid_000491_6834b0a0fb,357.9911523182524,0.9149055424245311,0.4833278386684399,0.1509311579852269,0.6342589966536668,0.06496292715996585
IRLS_original_beta0.3,v023_validation_iid_000506_5fa9667a27,549.0596709027002,1.4468862592729084,0.6629003183025942,0.2647354298639812,0.9276357481665753,0.03290313740909075
IRLS_original_beta0.3,v023_validation_iid_000507_7539ae13a0,140.36126211990137,0.37868667074300055,0.28868432175652525,0.045288767995296,0.3339730897518213,0.01259444931669275
IRLS_original_beta0.3,v023_validation_iid_000509_6c81ecd0ef,517.6198239520622,1.842718499700523,0.9952561425359093,0.3511459297955584,1.3464020723314678,0.0823406524791132
IRLS_original_beta0.3,v023_validation_iid_000522_d34239552a,511.7435576792439,1.2135862766851582,0.6825040028993118,0.20510256639103805,0.8876065692903499,0.028521284409178976
IRLS_original_beta0.3,v023_validation_iid_000539_534acc73fc,462.9635171150369,1.0693844609832863,0.6357086406173914,0.19174111159751875,0.8274497522149101,0.03765399205449786
IRLS_original_beta0.3,v023_validation_iid_000547_0541fc99a6,1316.394229286121,0.821514932781185,0.5701368190070324,0.25523264091323805,0.8253694599202704,0.020231810129083243
IRLS_original_beta0.3,v023_validation_iid_000565_06392fe377,548.3458763223337,1.2247225271684932,0.7137223466829391,0.20868719484563802,0.9224095415285771,0.03604320542750751
IRLS_original_beta0.3,v023_validation_iid_000567_911c9aa1d5,564.7777601424615,0.6342804546325213,0.36489341883204474,0.13374690357779417,0.4986403224098389,0.012030606964458509
IRLS_original_beta0.3,v023_validation_iid_000597_c35c5c3592,999.4356207430887,1.6273330792995164,0.7502839847266842,0.3222066651373361,1.0724906498640203,0.023681106145201764
IRLS_original_beta0.3,v023_validation_iid_000638_e94f0fea1e,319.1596298663758,0.8128898441665127,0.6425429321759594,0.10737217019637847,0.7499151023723378,0.03704833478125847
IRLS_original_beta0.3,v023_validation_iid_000653_0d2b5410c7,503.7217763436606,1.4323990902936228,0.70800735953307,0.23832997145520407,0.9463373309882741,0.03531758949985496
IRLS_original_beta0.3,v023_validation_iid_000655_b1311ba687,608.235782916149,1.6023961246866807,0.7076787770973932,0.2555970045934466,0.9632757816908398,0.03489848843437518
IRLS_original_beta0.3,v023_validation_iid_000668_be049a5dc0,324.7270383299947,0.8538012621403953,0.5048763783408636,0.1749838903193073,0.6798602686601709,0.02749420664496215
IRLS_original_beta0.3,v023_validation_iid_000684_425d6fc5aa,542.7498927693931,0.9472156440442376,0.5099369319606627,0.3094016219142882,0.8193385538749509,0.02693463804857965
IRLS_original_beta0.3,v023_validation_iid_000687_5ce3a49729,421.90184067532323,0.44108436203025947,0.24939787994421836,0.1316486578335513,0.38104653777776964,0.012928412531053214
IRLS_original_beta0.3,v023_validation_iid_000706_787f38ecbf,959.579729144542,1.506789886512951,0.8462196962224879,0.3928736434239168,1.2390933396464048,0.02787081625575791
IRLS_original_beta0.3,v023_validation_iid_000714_f9c1abaf4a,535.9673305872409,1.4139297065112344,0.7728663358124118,0.26113590079983967,1.0340022366122514,0.03235083132353417
IRLS_original_beta0.3,v023_validation_iid_000732_61a68984bd,464.6058778431733,1.0948224299389984,0.7581056339414575,0.16786519956474164,0.9259708335061991,0.053698882803556704
IRLS_original_beta0.3,v023_validation_iid_000737_d2eb689b28,261.2953395292586,0.9934557004674698,0.9101339448382222,0.06859228775385992,0.9787262325920821,0.041583567611050684
IRLS_original_beta0.3,v023_validation_iid_000772_04c51fed39,228.6213915010968,0.6794992383881006,0.58950697038153,0.06763438030068226,0.6571413506822122,0.019873700381496228
IRLS_original_beta0.3,v023_validation_iid_000782_debfbcf3eb,1012.2352910322858,1.620709237074237,0.8570011743279088,0.43813413909611293,1.2951353134240218,0.02893352987270738
IRLS_original_beta0.3,v023_validation_iid_000800_72e34cb2d4,1091.8179236326512,3.515693740642658,0.8372506676133504,0.4469577799113258,1.2842084475246762,0.15192648139087817
IRLS_original_beta0.3,v023_validation_iid_000802_5feed81428,222.94097955641263,0.47559957624147553,0.33269196118115213,0.07495875810675176,0.40765071928790386,0.012503390650902455
IRLS_original_beta0.3,v023_validation_iid_000826_6593d02fbe,246.88310538632555,1.6645545455356912,0.8207997550427701,0.17355592949598858,0.9943556845387587,0.06034634097657845
IRLS_original_beta0.3,v023_validation_iid_000839_6eb51100d5,739.7861386876598,2.505624042563106,0.7412796240642787,0.3285422098920408,1.0698218339563195,0.12427383991512557
IRLS_original_beta0.3,v023_validation_iid_000843_52ac30ba89,1398.1336518909611,4.813461615752102,0.7995066899995624,0.5811811930387608,1.3806878830383233,0.16782886076792244
IRLS_original_beta0.3,v023_validation_iid_000889_b127aed843,228.3746938996703,0.6617175414326829,0.5127365637206615,0.0936476049933755,0.606384168714037,0.02395225394604433
IRLS_original_beta0.3,v023_validation_iid_000912_3c59a5c7e6,620.0840613182224,1.6015778508438534,0.7839711361061561,0.28295001212756815,1.0669211482337242,0.034418780415791876
IRLS_original_beta0.3,v023_validation_iid_000922_e952b4e12d,229.3594990102826,0.948760372438865,0.614634243377009,0.18729329636804226,0.8019275397450513,0.037519030649051224
IRLS_original_beta0.3,v023_validation_iid_000952_e2157d7a26,612.9237084975948,1.4957778712075531,0.6473802939839407,0.23676016159879898,0.8841404555827397,0.03110019772937072
IRLS_original_beta0.3,v023_validation_iid_000960_e75b514594,338.0826095148118,1.7990837373871533,0.7879484000792286,0.15908806660222355,0.9470364666814521,0.0505756133919581
IRLS_original_beta0.3,v023_validation_iid_000965_e8bb8373a7,388.0456503203163,1.0195239621687489,0.7093877667110634,0.1473974086557294,0.8567851753667928,0.03220196075585956
IRLS_original_beta0.3,v023_validation_iid_000977_f41d84bc1b,106.34152168812368,0.2858259928639828,0.22636311631235387,0.034289573990275206,0.26065269030262905,0.014865461460929295
IRLS_original_beta0.3,v023_validation_iid_001023_5c3dc691cc,1081.1774337371164,0.7620247285781014,0.469726655084655,0.23357532181968174,0.7033019769043367,0.010787725709826126
IRLS_original_beta0.3,v023_validation_iid_001024_c6ff8c5a86,412.82957768804823,0.4237510932951365,0.21424336077545397,0.1392620195345201,0.3535053803099741,0.01353583302645007
IRLS_original_beta0.3,v023_validation_iid_001034_62728bc710,747.6038952676647,1.4961682545106558,0.7223217028546481,0.2707625403187852,0.9930842431734334,0.02777531135160194
IRLS_original_beta0.3,v023_validation_iid_001056_afd37f7504,529.4780568671216,1.1895468834397234,0.7431062782676644,0.21633886093829002,0.9594451392059544,0.027050770432877645
IRLS_original_beta0.3,v023_validation_iid_001059_68f399ad71,578.8206981786306,1.4316523584984577,0.7626899264813765,0.2505658914457539,1.0132558179271305,0.04819737789008591
IRLS_original_beta0.3,v023_validation_iid_001074_e32181a201,348.37361621806286,0.6147734027064318,0.39885700186341094,0.10916169074986147,0.5080186926132724,0.039968983265548874
IRLS_original_beta0.3,v023_validation_iid_001085_658d1208e9,234.22354764706762,0.7255257415429816,0.5069201853472024,0.10354080515981026,0.6104609905070126,0.02183766076436587
IRLS_original_beta0.3,v023_validation_iid_001092_0be5e16b4d,673.2012876874528,1.5707177611062957,0.7324947868150408,0.26066102264036295,0.9931558094554037,0.029766275646591168
IRLS_original_beta0.3,v023_validation_iid_001095_a77f326f56,154.78213122759487,0.39825775147536624,0.2909896597682168,0.06415549525267375,0.3551451550208905,0.017132329359415707
IRLS_original_beta0.3,v023_validation_iid_001106_5a21d431e0,552.1059801214562,1.7109593559903704,0.563587434413601,0.3176826857758086,0.8812701201894096,0.09560536008808354
IRLS_original_beta0.3,v023_validation_iid_001108_01bc96df0b,599.6148050957286,1.31160275153345,0.7049450113220423,0.2559879179036332,0.9609329292256755,0.03337976573910479
IRLS_original_beta0.3,v023_validation_iid_001110_ab08e62622,295.7322973160901,0.8000213939364293,0.7355331755441558,0.07292425157989695,0.8084574271240527,0.03256781836572295
IRLS_original_beta0.3,v023_validation_iid_001113_22c0350d45,530.038840388376,1.534005161094748,0.6872860761319332,0.23387223630670625,0.9211583124386394,0.03530489042744136
IRLS_original_beta0.3,v023_validation_iid_001115_0e9d555775,499.3010542596361,1.0474432196399863,0.9085975002657706,0.14089617307053048,1.049493673336301,0.02731811966037461
IRLS_original_beta0.3,v023_validation_iid_001118_3b2ad14e21,410.3697425562794,0.8617421327441042,0.5809554774902136,0.14114723424352155,0.7221027117337351,0.03655314499237595
IRLS_original_beta0.3,v023_validation_iid_001134_d8defdf98b,181.9706685587804,0.6063044724406076,0.42414399921850643,0.08685363552573372,0.5109976347442402,0.027473984159730302
IRLS_original_beta0.3,v023_validation_iid_001143_cc64f3ccc6,469.4663223828965,0.6757751604352656,0.41484264439350205,0.15104384069227514,0.5658864850857772,0.014686612527324786
IRLS_original_beta0.3,v023_validation_iid_001145_ce5e9aeed3,853.2476360425749,1.1005952090436895,0.6934222961820958,0.24145662187602188,0.9348789180581177,0.019154544675941406
IRLS_original_beta0.3,v023_validation_iid_001152_7f1063bbc6,1154.8686018353542,1.4500601453144681,0.7650061778858249,0.4254398936974011,1.1904460715832261,0.021269592588201436
IRLS_original_beta0.3,v023_validation_iid_001172_20a3ab781e,533.5629573683182,2.0229072481086248,0.5979732415530712,0.3990386949740513,0.9970119365271225,0.09724598585199871
IRLS_original_beta0.3,v023_validation_iid_001175_a75a848771,99.29927976266566,0.30615228317791676,0.23920400062264863,0.034491155311144904,0.2736951559337935,0.019916668051021373
IRLS_original_beta0.3,v023_validation_iid_001177_b44b6f946f,542.9795285885825,1.5187882081201654,0.8976405266060868,0.2878278455730313,1.1854683721791182,0.033316634358303496
IRLS_original_beta0.3,v023_validation_iid_001180_631f813f31,336.2552533807683,0.9689956919151499,0.797692343870996,0.12066186171875817,0.9183542055897541,0.036887111791895216
IRLS_original_beta0.3,v023_validation_iid_001209_e89232c271,284.76602303525334,0.9202472911472295,0.5653362076434454,0.1383561045025224,0.7036923121459677,0.04908106712229637
IRLS_original_beta0.3,v023_validation_iid_001213_3757e973fb,497.9847310940017,1.0153405367585129,0.7921578814995053,0.16510027256241003,0.9572581540619153,0.0298057462227056
IRLS_original_beta0.3,v023_validation_iid_001216_0f91985e53,644.395248933163,1.1735681427109357,0.6311294634979943,0.21212529389874038,0.8432547573967346,0.028853937975820296
IRLS_original_beta0.3,v023_validation_iid_001248_fe5cedd48a,697.3075828990917,1.4256732229293307,0.8687631832888613,0.27856390413299653,1.1473270874218577,0.025834503716439246
IRLS_original_beta0.3,v023_validation_iid_001252_5b3833df3c,234.14093438117862,1.4189151379453704,0.7671836536170162,0.12580453633577177,0.8929881899527881,0.051897840109632894
IRLS_original_beta0.3,v023_validation_iid_001262_d0c96428de,424.24425669258176,1.3187494617925746,0.4718148036230588,0.2790136386953982,0.750828442318457,0.0851805723102365
IRLS_original_beta0.3,v023_validation_iid_001283_2f009af3b3,317.91229405493834,1.0017702173464367,0.7744983887837779,0.1306868814817258,0.9051852702655037,0.04202213937818391
IRLS_original_beta0.3,v023_validation_iid_001284_34866fe82c,235.815495030918,0.4632430610729036,0.33732353317271735,0.07855097790235793,0.4158745110750753,0.01549613889630484
IRLS_original_beta0.3,v023_validation_iid_001288_7c427445f8,945.4290194030259,2.560918141216663,0.7374155089978972,0.32513766523878107,1.0625531742366783,0.12561855530197563
IRLS_original_beta0.3,v023_validation_iid_001302_f0948edf79,926.287576846683,1.096420784438985,0.8729293385358431,0.22625075301475364,1.0991800915505967,0.031011186906112057
IRLS_original_beta0.3,v023_validation_iid_001316_36b97c23a4,483.43705338801556,0.6989046419775633,0.4224389302875211,0.21447865891428652,0.6369175892018076,0.017563660648673894
IRLS_original_beta0.3,v023_validation_iid_001339_a24d8bcb72,439.50527858742487,1.4615188744016119,0.6833274875314408,0.37049076354022964,1.0538182510716705,0.0669598741621249
IRLS_original_beta0.3,v023_validation_iid_001357_d4c5a1f89f,319.26095029022804,0.8742348784072894,0.6117356645263613,0.11607201516082674,0.7278076796871881,0.04393325661334877
IRLS_original_beta0.3,v023_validation_iid_001384_15083e2183,443.4720788957442,1.544173460775373,0.7437111955474874,0.23711247272714733,0.9808236682746347,0.040948672250826
IRLS_original_beta0.3,v023_validation_iid_001409_78c7dec716,1021.2818637297523,0.7570497942792259,0.5115809631509248,0.2175191882999171,0.729100151450842,0.011526846403305088
IRLS_original_beta0.3,v023_validation_iid_001415_f463c7597e,419.2383333084624,0.877027981748904,0.6182028884825409,0.13337455072368543,0.7515774392062263,0.02704020477622492
IRLS_original_beta0.3,v023_validation_iid_001422_6762dc3aa7,286.9313291029525,0.9225069738884633,0.6458051957836292,0.152752421625145,0.7985576174087742,0.03633527398919171
IRLS_original_beta0.3,v023_validation_iid_001426_4e8eb0ecc7,571.7101197801193,1.1420645388848287,0.6224327502214716,0.1891010040163286,0.8115337542378002,0.0304779907716046
IRLS_original_beta0.3,v023_validation_iid_001437_aef4e30c7a,449.31494865309764,1.6199130293216615,0.864234833597886,0.27624353285135284,1.1404783664492388,0.041070519392268044
IRLS_original_beta0.3,v023_validation_iid_001444_8c8cecd3fd,388.7832256739418,0.8777857747222562,0.644451809473739,0.11629845558569682,0.7607502650594359,0.032814493033561445
IRLS_original_beta0.3,v023_validation_iid_001446_dda935bc03,608.4707732979332,2.481735296566626,0.6135496783921839,0.5011584216765921,1.114708100068776,0.09896330622443936
IRLS_original_beta0.3,v023_validation_iid_001463_a1d1a635db,425.51775338969094,1.175804388880838,0.7858558671804364,0.18171876720798147,0.967574634388418,0.029403052203484267
IRLS_original_beta0.3,v023_validation_iid_001484_1f01fb6983,784.4400975166657,1.3287957842928295,0.6900184661577851,0.2528669709617203,0.9428854371195053,0.02201481285456836
IRLS_original_beta0.3,v023_validation_iid_001487_d7365b251e,746.1201173411654,0.9055807690967405,0.6265237376888774,0.22640359126807086,0.8529273289569482,0.014278936805757854
IRLS_original_beta0.3,v023_validation_iid_001497_591529d1c9,621.1409813699909,1.5093997199406435,0.7976077220649261,0.25983248793715774,1.0574402100020839,0.030607590050917458
IRLS_original_beta0.3,v023_validation_iid_001502_5255167dac,303.5022641320119,2.0363726306713312,0.6390139948315474,0.1762392242073334,0.8152532190388808,0.06320044426460868
IRLS_original_beta0.3,v023_validation_iid_001506_6a06a73483,633.3185511933921,1.2570754365893497,0.7422568589966679,0.223759123558023,0.9660159825546909,0.02285293515577519
IRLS_original_beta0.3,v023_validation_iid_001517_4cf46854b3,430.79918294735484,0.8921688353078958,0.6844983994028492,0.12506676150967663,0.8095651609125258,0.025831220600029885
IRLS_original_beta0.3,v023_validation_iid_001544_11e61f52d6,224.27578749194458,0.6192014077907363,0.4983011973929524,0.07701348055572797,0.5753146779486804,0.019810092692260497
IRLS_original_beta0.3,v023_validation_iid_001555_d08c3c237c,380.1277437705386,0.9473623432478844,0.7375163320607331,0.14318687699347327,0.8807032090542064,0.04141426598448376
IRLS_original_beta0.3,v023_validation_iid_001572_d7d6aa2d98,1064.2247345919113,1.8259754322713346,0.8919971194310476,0.3834453730463852,1.2754424924774328,0.026898967881977844
IRLS_original_beta0.3,v023_validation_iid_001576_10d5844be2,134.3025566220009,0.3591766301745324,0.2132230510011422,0.06947953354591142,0.2827025845470536,0.020555235915776494
IRLS_original_beta0.3,v023_validation_iid_001644_9794ba8ee8,240.7108090149718,1.0950733361913894,0.5074955545837992,0.09697224204364074,0.60446779662744,0.06524503121196962
IRLS_original_beta0.3,v023_validation_iid_001653_b050350929,396.33011170005597,1.0472208164002224,0.7442810104592283,0.16158132603994438,0.9058623364991727,0.028686707292834467
IRLS_original_beta0.3,v023_validation_iid_001683_4aef758feb,540.6011160258508,1.0661102013230885,0.7420846587961509,0.22140935545867582,0.9634940142548267,0.02008645235057967
IRLS_original_beta0.3,v023_validation_iid_001709_204b247300,1735.8704775480305,4.786594142704132,0.905860969559668,0.4925822778774732,1.3984432474371413,0.18646669908570443
IRLS_original_beta0.3,v023_validation_iid_001717_8508258ba6,414.03364546952884,1.3690859384466867,0.7401657636974341,0.22339110748879223,0.9635568711862263,0.035417572015798045
IRLS_original_beta0.3,v023_validation_iid_001732_fb8e6624a0,399.38357598292873,1.0440743026851569,0.7205315961208213,0.14436236645138797,0.8648939625722093,0.031962417283432035
IRLS_original_beta0.3,v023_validation_iid_001749_9a435d6701,1277.6530414369863,9.977612340295172,0.8326165298613756,1.2650466080256653,2.0976631378870407,0.1577577068396425
IRLS_original_beta0.3,v023_validation_iid_001753_67e7829fa3,384.7851349644207,0.8834357275372166,0.7324662270543928,0.10870912727045863,0.8411753543248515,0.032971420777356555
IRLS_original_beta0.3,v023_validation_iid_001756_2680e87d41,611.4081167977955,1.2261987506689382,0.6952199216039802,0.2178088178966523,0.9130287395006325,0.022418797943027983
IRLS_original_beta0.3,v023_validation_iid_001777_4890b23e9d,649.3476188997811,1.417576793280843,0.9153271504537466,0.3121666612478532,1.2274938117015997,0.028931752512336845
IRLS_original_beta0.3,v023_validation_iid_001781_13b615b552,465.66256167855937,1.0800565811199143,0.6051374782603759,0.19235776981311017,0.797495248073486,0.03804737209760291
IRLS_original_beta0.3,v023_validation_iid_001789_7fabda9fc2,408.80864337428477,0.4826936439188021,0.2414185892010251,0.15877536989993327,0.40019395910095834,0.014622488313316776
IRLS_original_beta0.3,v023_validation_iid_001790_7015e46e8b,453.19163694982274,0.8400070163590042,0.4541796722952855,0.16271631482677548,0.616895987122061,0.06516723489053697
IRLS_original_beta0.3,v023_validation_iid_001795_83f5602d1b,701.1983427656832,0.9372801626503008,0.7753513540323029,0.17527742241167815,0.9506287764439811,0.02324611979945812
IRLS_original_beta0.3,v023_validation_iid_001797_46d3ebadbe,352.10239847985474,0.9072685126440008,0.8028700790466967,0.08316297842966462,0.8860330574763613,0.03429097184243691
IRLS_original_beta0.3,v023_validation_iid_001800_277ad4acc3,337.7349906288827,0.9688677897465398,0.7377577925280991,0.1330744905651451,0.8708322830932442,0.03690738037439162
IRLS_original_beta0.3,v023_validation_iid_001815_485b63e423,159.4607806449866,0.7014024255889917,0.41581014266612826,0.10830772573365079,0.524117868399779,0.042171097493363986
IRLS_original_beta0.3,v023_validation_iid_001820_46e8a9d8f9,337.9582070706722,2.2585013240610317,0.6580025476967393,0.23340062284246654,0.8914031705392058,0.08177405288850328
IRLS_original_beta0.3,v023_validation_iid_001826_706d993d00,147.46827231799088,0.5969669821691798,0.3957839079260561,0.0858437404502734,0.48162764837632954,0.03233135761810103
IRLS_original_beta0.3,v023_validation_iid_001828_8e7098242d,546.6347751895435,1.8525451600120348,0.9863770517496228,0.40950545717212905,1.3958825089217517,0.04154787492750248
IRLS_original_beta0.3,v023_validation_iid_001829_5e0205e0d1,1050.8081438519835,0.943147126368681,0.7199456090505729,0.22563082157829079,0.9455764306288637,0.015674387609343986
IRLS_original_beta0.3,v023_validation_iid_001830_cbf1aa7f9e,565.865123404544,3.4945556667024698,0.7494147403640874,0.4009499157518128,1.1503646561159002,0.10452100963059384
IRLS_original_beta0.3,v023_validation_iid_001854_2b4bd927e5,289.85188826112835,1.9425371799798459,0.6237210264075312,0.19820733954680517,0.8219283659543364,0.07844253341674241
IRLS_original_beta0.3,v023_validation_iid_001858_d42cfd316c,448.5282641477162,0.6893389131430486,0.44310586287188664,0.15495785896691433,0.598063721838801,0.05046055555704003
IRLS_original_beta0.3,v023_validation_iid_001861_d0db81a36a,373.47131136603696,0.5317498320520103,0.36036137858705536,0.14183339037734866,0.502194768964404,0.014305652706810673
IRLS_original_beta0.3,v023_validation_iid_001878_35ff4f395c,601.0995272423694,1.587043932796302,0.7866353940120198,0.3155712575109674,1.1022066515229871,0.03292227778988174
IRLS_original_beta0.3,v023_validation_iid_001881_defb784e80,289.4295169821769,0.7272627678671275,0.5623092368571688,0.09396894251608331,0.6562781793732522,0.03492507356131227
IRLS_original_beta0.3,v023_validation_iid_001883_b4900ffa27,313.5590821205084,1.6854020266324308,0.8312163546353019,0.17533401489067701,1.006550369525979,0.0487930176368649
IRLS_original_beta0.3,v023_validation_iid_001893_ed82b52573,462.70779656516777,0.6121398936684918,0.3773257338620125,0.13514057848821937,0.5124663123502319,0.024149300437958186
IRLS_original_beta0.3,v023_validation_iid_001902_3948d7efad,971.191920059091,1.2832992734474042,0.6731780960113524,0.2590417758334462,0.9322198718447985,0.015369544201915199
IRLS_original_beta0.3,v023_validation_iid_001908_972ada1ffc,398.95866565463916,0.507473127323368,0.3116381074674164,0.14755366437881548,0.45919177184623183,0.015511420400797164
IRLS_original_beta0.3,v023_validation_iid_001924_8d85a07c49,720.2924846745395,0.953652624297606,0.7415119991401992,0.21355935602925213,0.9550713551694513,0.02312900644568604
IRLS_original_beta0.3,v023_validation_iid_001933_77afdd7615,898.5093552843705,1.2507388614561286,0.6762468858155727,0.24197048833130516,0.9182173741468779,0.020918720934610363
IRLS_original_beta0.3,v023_validation_iid_001939_92f2aa4022,585.3962378811137,1.3701444154391578,0.5148585921955883,0.23642249644275795,0.7512810886383462,0.08876213010005927
IRLS_original_beta0.3,v023_validation_iid_001957_4936f51b3c,361.702822038744,0.5740040884359663,0.3572607426273951,0.17051886346103243,0.5277796060884276,0.018955395753940212
IRLS_original_beta0.3,v023_validation_iid_001959_84a5b12666,1332.1895893471121,1.4744697449043638,0.8599120434317128,0.4080754265661621,1.2679874699978748,0.02512106040781452
IRLS_original_beta0.3,v023_validation_iid_001976_2716f50634,637.8673562603237,1.4868153101564952,0.7786126939066473,0.24781064308249798,1.0264233369891453,0.02919914897955274
IRLS_original_beta0.3,v023_validation_iid_001989_aea7aaae00,799.8532920931448,1.4988944697946986,0.8770293919258653,0.3072568209637564,1.1842862128896217,0.028283236796795425
IRLS_original_beta0.3,v023_validation_iid_002005_d52954cbd6,732.0189022213805,1.5679391145674968,0.7729454621738834,0.2559175839590305,1.0288630461329138,0.0324360207855449
IRLS_original_beta0.3,v023_validation_iid_002006_421a893ff1,1114.3967241287896,1.391764876129619,0.7077618694433137,0.40801660538696044,1.1157784748302741,0.02928159531177068
IRLS_original_beta0.3,v023_validation_iid_002017_1d5509e3f7,590.7784306124798,1.2364676828724686,0.818358442449387,0.2553826953168393,1.0737411377662265,0.02604013695790333
IRLS_original_beta0.3,v023_validation_iid_002030_9831b28a25,485.72764114776726,0.974410020262468,0.7715729389127415,0.14772693846094773,0.9192998773736892,0.029392551429539587
IRLS_original_beta0.3,v023_validation_iid_002036_1e1b892489,530.1100729143571,2.6795641991149526,0.6381365418976908,0.2727455577548895,0.9108820996525803,0.10319126360262303
IRLS_original_beta0.3,v023_validation_iid_002063_3a71022534,544.6992234826795,1.2584885897279807,0.6542720396066248,0.23743086629419521,0.89170290590082,0.027576204269547034
IRLS_original_beta0.3,v023_validation_iid_002074_c64e5c576c,151.0973963040521,0.4592233555526216,0.23452958088864218,0.09400619823899482,0.328535779127637,0.024625063565248427
IRLS_original_beta0.3,v023_validation_iid_002091_8f94370ea0,595.1473477643463,0.48718988750535913,0.21946001541659932,0.18778374631960576,0.4072437617362051,0.012077768052034107
IRLS_original_beta0.3,v023_validation_iid_002097_44b45f29ed,263.1404626675228,0.6126162054664194,0.4643530744136855,0.08733771477018477,0.5516907891838703,0.01634051608895734
IRLS_original_beta0.3,v023_validation_iid_002099_cee61209e9,345.8424206146562,0.405650623570647,0.20451575413066547,0.13796853267835385,0.3424842868090193,0.015380549899406154
IRLS_original_beta0.3,v023_validation_iid_002102_c361fa67b3,925.4122076261992,1.8381065541933126,0.808672483814656,0.30121665472872566,1.1098891385433816,0.03352232507294137
IRLS_original_beta0.3,v023_validation_iid_002105_6f3e5f128c,405.8123105399691,0.3944568708669295,0.24759234667064484,0.11371931422513402,0.3613116608957789,0.012831449037976159
IRLS_original_beta0.3,v023_validation_iid_002113_fb2d041ee0,1430.1645893559296,1.2366701340049187,0.7130239720649005,0.348406746584207,1.0614307186491074,0.01839642915000709
IRLS_original_beta0.3,v023_validation_iid_002122_56a79780f0,281.5521268432324,0.7661427872412617,0.5527759589088693,0.10608381725443324,0.6588597761633026,0.03449253891147743
IRLS_original_beta0.3,v023_validation_iid_002132_047051f58f,526.2941959687486,3.2718998885469692,0.5438467752325956,0.3333003513336968,0.8771471265662925,0.10126431718302045
IRLS_original_beta0.3,v023_validation_iid_002133_e58d9ea607,1017.2122373913755,1.4949382066979473,0.718748177381782,0.4016138658483546,1.1203620432301367,0.03196056731283369
IRLS_original_beta0.3,v023_validation_iid_002150_e35a3d7c45,251.80359529785375,1.5835282794676782,0.7293200490803042,0.14562648373194517,0.8749465328122494,0.05332043646298779
IRLS_original_beta0.3,v023_validation_iid_002169_2a737ec345,349.43292531034325,0.7842138154620357,0.5707687723471991,0.11121966490367075,0.6819884372508699,0.045456744030704675
IRLS_original_beta0.3,v023_validation_iid_002194_e3b2996e41,329.2565740655286,0.5762701284876024,0.3173119202166254,0.18935026830672735,0.5066621885233528,0.021497071062137822
IRLS_original_beta0.3,v023_validation_iid_002201_da992c9d70,657.0242532553237,1.337286465664982,0.6938715851366511,0.25403985798746015,0.9479114431241114,0.026796546757842984
IRLS_original_beta0.3,v023_validation_iid_002213_8f617d0829,481.1113247574048,0.989038447994625,0.740119464924894,0.1570520697542116,0.8971715346791056,0.026981669621400934
IRLS_original_beta0.3,v023_validation_iid_002224_c51f110ed6,1473.9327686328356,6.763092782191663,0.789990511406516,1.337635522014827,2.1276260334213433,0.18503020773756879
IRLS_original_beta0.3,v023_validation_iid_002226_0648a00cf0,353.3496729710035,0.44388586286998244,0.3017915962443762,0.11148123788969733,0.4132728341340735,0.014423447225153492
IRLS_original_beta0.3,v023_validation_iid_002228_b5dc23961a,1186.246030570771,1.4581289140671425,0.7005832473813033,0.38444175187877605,1.0850249992600793,0.022110058956908936
IRLS_original_beta0.3,v023_validation_iid_002257_5808fee8fe,482.4259781457275,1.175655471732632,0.8707173555944037,0.19123108491034513,1.0619484405047488,0.05941551375458631
IRLS_original_beta0.3,v023_validation_iid_002279_8d39d5a8a2,1027.9844772436454,1.550000349912149,0.7277890424211646,0.4700630822372919,1.1978521246584566,0.0315201117586234
IRLS_original_beta0.3,v023_validation_iid_002286_71680df018,310.57489721407916,0.8981519212950558,0.6968571230925842,0.12174805514841772,0.8186051782410019,0.04345336228357684
IRLS_original_beta0.3,v023_validation_iid_002312_7f68e7bc1e,323.66266316639457,0.8223958797123624,0.643028022508685,0.11918383582173409,0.762211858330419,0.03589337805188932
IRLS_original_beta0.3,v023_validation_iid_002367_b310b98e97,344.1089110024367,0.872890439731942,0.7324308594678547,0.08949478539510292,0.8219256448629576,0.03408107816913541
IRLS_original_beta0.3,v023_validation_iid_002376_5bb82b32ff,1294.5634975936118,1.432171989039081,0.9327753402096383,0.39793506631366754,1.3307104065233057,0.025225907347433362
IRLS_original_beta0.3,v023_validation_iid_002388_f40c2f84a2,333.60265246444305,1.0923681444019198,0.8409705164277225,0.15012079502859035,0.9910913114563128,0.0421607694168171
IRLS_original_beta0.3,v023_validation_iid_002408_c9afb24d73,795.9286335497862,0.5782077888377739,0.3043680171977917,0.18524190404691612,0.4896099212447078,0.012060790922595621
IRLS_original_beta0.3,v023_validation_iid_002427_2a5026983e,532.8307319479864,1.9931156716831648,0.5580970520912318,0.26702555254557236,0.8251226046368042,0.09604308181400341
IRLS_original_beta0.3,v023_validation_iid_002441_cca68f10d1,361.41389526076443,0.9279463397430784,0.5804373866829411,0.15192349908366565,0.7323608857666067,0.05309316097450827
IRLS_original_beta0.3,v023_validation_iid_002451_c5ed312006,1123.970786027982,1.7923613842496704,0.8919826585429848,0.3778849903108654,1.2698676488538503,0.02725571248501786
Smooth_L2_beta3000,v023_validation_iid_000001_1f77f185d2,532.7182691814135,0.7098935353207697,0.5344561514723317,0.1263203482484102,0.6607764997207419,0.10435396894339138
Smooth_L2_beta3000,v023_validation_iid_000010_4165b45c34,939.9478193107225,1.1087459747627495,0.6303981802496323,0.3099367006419621,0.9403348808915944,0.2839541268064218
Smooth_L2_beta3000,v023_validation_iid_000011_fb2c2ea247,1035.0814289307336,1.2857937909606127,0.7597825939898648,0.2899023747175412,1.049684968707406,0.350806228617859
Smooth_L2_beta3000,v023_validation_iid_000014_ea7806be94,687.0994872595908,1.2491695504673963,0.6634426764847375,0.21305295701517812,0.8764956334999157,0.24584488801846194
Smooth_L2_beta3000,v023_validation_iid_000019_f282d5a722,533.6356343451636,1.4054635632297376,0.6540637542110301,0.20593089511350485,0.859994649324535,0.18145917882288393
Smooth_L2_beta3000,v023_validation_iid_000033_c7b569725d,545.6403282352255,1.1967708216179176,0.6019343571231922,0.2211204636282453,0.8230548207514375,0.16414223075557785
Smooth_L2_beta3000,v023_validation_iid_000044_71f89a6957,136.8361993407937,0.8979525192487248,0.8453390645686424,0.03375218851112469,0.8790912530797671,0.32688014456648595
Smooth_L2_beta3000,v023_validation_iid_000048_e740a9c6dd,567.2617455135874,0.9201504403511606,0.6303840716638174,0.13470479945628888,0.7650888711201063,0.17822986258333715
Smooth_L2_beta3000,v023_validation_iid_000051_d9509242d5,869.3310101936863,1.3662896916543517,0.7912116891602473,0.22439812947737842,1.0156098186376257,0.2553340922848024
Smooth_L2_beta3000,v023_validation_iid_000058_3bd2cdd65c,773.164360518546,1.1694618559674055,0.6508758750521658,0.19413446782488938,0.8450103428770552,0.24323417618699658
Smooth_L2_beta3000,v023_validation_iid_000070_34f84d5f0a,1782.9759320290204,1.031196024498808,0.8141351949697448,0.2491218154447184,1.0632570104144632,0.6632737431585713
Smooth_L2_beta3000,v023_validation_iid_000079_5e095c685b,1057.2368770845521,0.8410322537827881,0.6643235694918439,0.15122272962792305,0.815546299119767,0.18069505010105108
Smooth_L2_beta3000,v023_validation_iid_000094_9735873545,164.8290681041599,1.3740485586938758,0.6708940069038872,0.10640667209326546,0.7773006789971527,0.14810515931344007
Smooth_L2_beta3000,v023_validation_iid_000115_00de972314,201.5602125619785,0.7507655971610555,0.6168188668994982,0.08495119645783554,0.7017700633573337,0.1361412958982343
Smooth_L2_beta3000,v023_validation_iid_000118_5f2dd18f7c,1393.1616995565246,0.9973723022127026,0.7468649438721652,0.24627307455788092,0.9931380184300461,0.644946512875154
Smooth_L2_beta3000,v023_validation_iid_000132_75bcb1df73,829.8283034420701,1.4798506272052379,0.7290850697085025,0.45185489963906056,1.180939969347563,0.25894934200112485
Smooth_L2_beta3000,v023_validation_iid_000140_de1f8ff7c3,559.6873338977704,1.009223831052625,0.6064344216176181,0.21055879896058155,0.8169932205781996,0.09254955317767907
Smooth_L2_beta3000,v023_validation_iid_000145_6a44137e7d,223.2541037877195,1.0619778989047328,0.6588774073940793,0.08973373558992963,0.7486111429840089,0.17316617515428975
Smooth_L2_beta3000,v023_validation_iid_000182_e81e751497,945.1763386512379,1.1060386483468527,0.6418057331036136,0.29828258386305473,0.9400883169666683,0.2850834842091108
Smooth_L2_beta3000,v023_validation_iid_000200_1840e37748,1756.7423713353678,1.0078910522626519,0.8717322528515481,0.18810227851275846,1.0598345313643065,0.7987201400322906
Smooth_L2_beta3000,v023_validation_iid_000203_b00b5267c4,269.4186577240758,1.4214806396636746,0.7139282929179452,0.11574676272694105,0.8296750556448863,0.14998139067636215
Smooth_L2_beta3000,v023_validation_iid_000208_f77617b188,974.1624245043081,1.2286636431911433,0.7427289541295247,0.23680090876923687,0.9795298628987615,0.34029637600220614
Smooth_L2_beta3000,v023_validation_iid_000279_9f28c90c00,606.2677493258187,0.8385978558406426,0.5868767060209824,0.138638515575044,0.7255152215960264,0.20526824825247092
Smooth_L2_beta3000,v023_validation_iid_000283_084f2e07a3,987.0870676406365,1.2448377203288166,0.7943572363058194,0.20293555789345027,0.9972927941992697,0.5515619548161496
Smooth_L2_beta3000,v023_validation_iid_000284_7207955a74,809.9030059705924,1.5009928364546554,0.8399934271147408,0.2715040011856407,1.1114974283003816,0.21092131682994666
Smooth_L2_beta3000,v023_validation_iid_000309_8b472acfc1,996.5574146633961,1.0081548895588788,0.6866515501254364,0.2590859391077808,0.9457374892332173,0.570746131025246
Smooth_L2_beta3000,v023_validation_iid_000405_16b7ac8cf5,632.8297091662103,1.3938694972471504,0.6747428021608582,0.30579825437316627,0.9805410565340245,0.19884314018535668
Smooth_L2_beta3000,v023_validation_iid_000406_22b4cbcb04,886.3869102814707,1.1553982178947686,0.7097230454395732,0.24351727757109604,0.9532403230106692,0.32316300405077303
Smooth_L2_beta3000,v023_validation_iid_000419_b85b330a88,1070.765536227428,1.0625825710769061,0.6924498951151575,0.3068377861496427,0.9992876812648002,0.24833382015698133
Smooth_L2_beta3000,v023_validation_iid_000423_e037bd9b67,700.5198140300878,1.2025039212450823,0.6659601512871846,0.2146643199587703,0.8806244712459549,0.32430302438837877
Smooth_L2_beta3000,v023_validation_iid_000427_9707c07b4a,1220.8059989352982,1.0524885117665803,0.7174578235456568,0.20819167810512815,0.925649501650785,0.29466288442044947
Smooth_L2_beta3000,v023_validation_iid_000442_ee6835e33d,480.83001023003567,1.1805153364962797,0.790779569315717,0.23708859641800004,1.027868165733717,0.28174797127426354
Smooth_L2_beta3000,v023_validation_iid_000446_6755efaa5c,769.9121068952104,0.7411643542517018,0.6123302869443404,0.1077073142701622,0.7200376012145027,0.12075257805535372
Smooth_L2_beta3000,v023_validation_iid_000450_27c02340da,267.01900622201197,1.486536765634755,0.7638191682415139,0.15483502934555138,0.9186541975870652,0.14464802099193524
Smooth_L2_beta3000,v023_validation_iid_000451_3d48c8a249,1670.7622854195947,0.9990898105440759,0.7439437866452964,0.23698187991008787,0.9809256665553843,0.3560997860783486
Smooth_L2_beta3000,v023_validation_iid_000455_93fd0d97dc,163.77260052635197,1.385921017357465,0.7047441404835206,0.11158400103240375,0.8163281415159244,0.1405834850668503
Smooth_L2_beta3000,v023_validation_iid_000460_3fb1e2ffd2,347.7818963889779,1.087802441212421,0.6574578632902998,0.1892873138096189,0.8467451770999187,0.15570936542477412
Smooth_L2_beta3000,v023_validation_iid_000487_d05e40465d,588.7696503009324,1.1246123589281811,0.7090686197612613,0.20633643862054427,0.9154050583818056,0.4090545905401384
Smooth_L2_beta3000,v023_validation_iid_000491_6834b0a0fb,319.8087293840421,0.6984172030327773,0.5645615479833728,0.0798869710087946,0.6444485189921674,0.09126778826644072
Smooth_L2_beta3000,v023_validation_iid_000506_5fa9667a27,635.1742042189043,1.3229339527068182,0.6226631907868496,0.24026921380844823,0.8629324045952979,0.19067721011903072
Smooth_L2_beta3000,v023_validation_iid_000507_7539ae13a0,882.2327748593648,1.1915706562575674,0.819094573270098,0.15991860809135017,0.9790131813614482,0.6967478556382155
Smooth_L2_beta3000,v023_validation_iid_000509_6c81ecd0ef,221.07506979886818,0.6595899854404147,0.4879488192562023,0.10048920110930433,0.5884380203655066,0.09936715131012637
Smooth_L2_beta3000,v023_validation_iid_000522_d34239552a,682.6706714759268,1.2326703864166804,0.6926619045624122,0.20840772988686715,0.9010696344492793,0.2429726051489353
Smooth_L2_beta3000,v023_validation_iid_000539_534acc73fc,558.1901768434595,0.9796430632417497,0.6106130223799596,0.1708138413346529,0.7814268637146126,0.1612972691893128
Smooth_L2_beta3000,v023_validation_iid_000547_0541fc99a6,1660.6399333610298,0.7305137922884966,0.6304470400667407,0.15924833959762036,0.7896953796643611,0.29127753652129534
Smooth_L2_beta3000,v023_validation_iid_000565_06392fe377,619.7894272113525,1.0394826275410156,0.6809209858014571,0.1646856519668919,0.845606637768349,0.17230301500896367
Smooth_L2_beta3000,v023_validation_iid_000567_911c9aa1d5,1341.1701780254407,1.0586746193498464,0.832662588171629,0.16854858780296222,1.0012111759745912,0.7253608068528742
Smooth_L2_beta3000,v023_validation_iid_000597_c35c5c3592,978.3576604834918,1.2216508092593161,0.7219592578620163,0.2198909514441938,0.9418502093062101,0.3359339443689546
Smooth_L2_beta3000,v023_validation_iid_000638_e94f0fea1e,599.002589205829,1.0925493233322718,0.592613010388095,0.19792708050424607,0.790540090892341,0.21579171232918956
Smooth_L2_beta3000,v023_validation_iid_000653_0d2b5410c7,576.4029634162205,1.3417113531060425,0.734187740007037,0.2149456364180966,0.9491333764251336,0.18678135444873867
Smooth_L2_beta3000,v023_validation_iid_000655_b1311ba687,652.6902709735891,1.3199708677735478,0.7392909017591359,0.1944124587246953,0.9337033604838312,0.1661384582373245
Smooth_L2_beta3000,v023_validation_iid_000668_be049a5dc0,759.7171670602423,1.652759447707612,0.7613045592238654,0.3728189321223834,1.1341234913462488,0.31685279234753955
Smooth_L2_beta3000,v023_validation_iid_000684_425d6fc5aa,885.3710995780982,1.3645417343649366,0.7476573446857712,0.44244594472670484,1.190103289412476,0.2841858100948979
Smooth_L2_beta3000,v023_validation_iid_000687_5ce3a49729,1365.2226322968058,0.9484584442946589,0.7662853540474877,0.20224890013398522,0.9685342541814729,0.7297598479644323
Smooth_L2_beta3000,v023_validation_iid_000706_787f38ecbf,864.6065169867109,1.1362153310807557,0.6560250611323565,0.2923387774466307,0.9483638385789872,0.22769179852636942
Smooth_L2_beta3000,v023_validation_iid_000714_f9c1abaf4a,586.3899037719782,1.2725705962929714,0.6288386040916973,0.24400695824300764,0.872845562334705,0.19376481688868538
Smooth_L2_beta3000,v023_validation_iid_000732_61a68984bd,407.6138417458172,0.7525780251202254,0.5954646529462961,0.09780417576068937,0.6932688287069855,0.08678275849854201
Smooth_L2_beta3000,v023_validation_iid_000737_d2eb689b28,352.0887222125461,1.0395095384297797,0.49281118022844195,0.1576367607288921,0.650447940957334,0.1533784922000962
Smooth_L2_beta3000,v023_validation_iid_000772_04c51fed39,662.4119400537955,1.1352826125546172,0.7114807442330132,0.17705985367467333,0.8885405979076866,0.6272520678309219
Smooth_L2_beta3000,v023_validation_iid_000782_debfbcf3eb,867.1904941656599,1.1382653233949434,0.6484058835906945,0.29797259744006865,0.9463784810307632,0.22520464537038393
Smooth_L2_beta3000,v023_validation_iid_000800_72e34cb2d4,179.5096369105375,0.8731092975205553,0.786977561525284,0.04949721192732651,0.8364747734526105,0.18180830547934665
Smooth_L2_beta3000,v023_validation_iid_000802_5feed81428,986.3283300582748,1.0925367853445298,0.7722419208432634,0.17045090811557623,0.9426928289588397,0.6898293885572638
Smooth_L2_beta3000,v023_validation_iid_000826_6593d02fbe,250.71624363913426,1.6182978827981673,0.7802641014046658,0.1699195398849335,0.9501836412895993,0.14308568945673736
Smooth_L2_beta3000,v023_validation_iid_000839_6eb51100d5,196.75158776437985,0.8899290097376198,0.7559504817013901,0.06445867977718413,0.8204091614785742,0.14516385102095045
Smooth_L2_beta3000,v023_validation_iid_000843_52ac30ba89,148.14683662835472,0.8197915414864212,0.7406704244967515,0.04302311092994993,0.7836935354267014,0.20289775097264562
Smooth_L2_beta3000,v023_validation_iid_000889_b127aed843,629.8086719152107,1.4875277233953108,0.7055604415406984,0.293180834359465,0.9987412759001635,0.3966906325575583
Smooth_L2_beta3000,v023_validation_iid_000912_3c59a5c7e6,647.1303472301646,1.3446710301253537,0.7667509187830552,0.22380252132429332,0.9905534401073486,0.16678974011702347
Smooth_L2_beta3000,v023_validation_iid_000922_e952b4e12d,393.2825635454294,1.3552708486728138,0.6444979647356563,0.30894987855307504,0.9534478432887314,0.2832331998059028
Smooth_L2_beta3000,v023_validation_iid_000952_e2157d7a26,697.7225719440762,1.2921570341388515,0.7142875850192267,0.18906464576739235,0.9033522307866191,0.20753176673225027
Smooth_L2_beta3000,v023_validation_iid_000960_e75b514594,340.63429250123215,1.5040992520761558,0.8004410424634798,0.1252579359967152,0.925698978460195,0.16287829230864737
Smooth_L2_beta3000,v023_validation_iid_000965_e8bb8373a7,571.5886298261012,1.0382767174597096,0.6007366383833633,0.1704617448051485,0.7711983831885119,0.21938202088312464
Smooth_L2_beta3000,v023_validation_iid_000977_f41d84bc1b,813.2101115154544,1.2318790359014118,0.800797434779383,0.18392375967767385,0.9847211944570569,0.6794185475676998
Smooth_L2_beta3000,v023_validation_iid_001023_5c3dc691cc,1601.0433492103894,0.8435531229792799,0.7799800351416856,0.12506036289045971,0.9050403980321453,0.8058197031068792
Smooth_L2_beta3000,v023_validation_iid_001024_c6ff8c5a86,1521.9736796153702,1.0069649333708846,0.7556279747179337,0.2535294392111045,1.0091574139290382,0.6778959233663255
Smooth_L2_beta3000,v023_validation_iid_001034_62728bc710,868.8626508605992,1.3922955964202852,0.797227100668042,0.23587978679353624,1.0331068874615783,0.2581400351798895
Smooth_L2_beta3000,v023_validation_iid_001056_afd37f7504,717.8153044775154,1.2161360198667333,0.6666122782391971,0.23689991931473478,0.9035121975539319,0.26377664287935676
Smooth_L2_beta3000,v023_validation_iid_001059_68f399ad71,477.5413728252429,0.9867697033997017,0.6332757080875339,0.1565033059714007,0.7897790140589346,0.09733848848541604
Smooth_L2_beta3000,v023_validation_iid_001074_e32181a201,613.1573314952161,0.6864419355675653,0.559845636415122,0.09268453172251324,0.6525301681376352,0.12178537434184795
Smooth_L2_beta3000,v023_validation_iid_001085_658d1208e9,667.4174735944393,1.463683779038887,0.7366297123819741,0.2523031296725054,0.9889328420544794,0.45680616274550606
Smooth_L2_beta3000,v023_validation_iid_001092_0be5e16b4d,736.1927619614335,1.352311459880234,0.7419591167822314,0.21209778357657996,0.9540569003588113,0.22920022754717562
Smooth_L2_beta3000,v023_validation_iid_001095_a77f326f56,864.8472380405145,1.357063758518989,0.7623286706008425,0.2648978801562649,1.0272265507571074,0.5829184548409722
Smooth_L2_beta3000,v023_validation_iid_001106_5a21d431e0,244.31374209814737,0.7121003697134259,0.5949147033759116,0.07696114923020796,0.6718758526061195,0.11331518839294573
Smooth_L2_beta3000,v023_validation_iid_001108_01bc96df0b,696.9122463136879,1.0944252277889006,0.6975574163640863,0.19517904004485134,0.8927364564089376,0.21890000250656322
Smooth_L2_beta3000,v023_validation_iid_001110_ab08e62622,597.018364294494,1.0150672092588733,0.5923292117298921,0.19102527197585803,0.7833544837057501,0.26630042629956774
Smooth_L2_beta3000,v023_validation_iid_001113_22c0350d45,581.6133679101782,1.3126414837198512,0.7152115822248739,0.18770164873250794,0.9029132309573819,0.18483837641654707
Smooth_L2_beta3000,v023_validation_iid_001115_0e9d555775,573.3807036776216,0.8258861458473116,0.6117985455878767,0.14999274009103342,0.7617912856789102,0.22077514238416696
Smooth_L2_beta3000,v023_validation_iid_001118_3b2ad14e21,614.1073381229255,0.8333167575450496,0.5617854914304892,0.13649270051745155,0.6982781919479407,0.20601545438148083
Smooth_L2_beta3000,v023_validation_iid_001134_d8defdf98b,529.2339320379035,1.5914433549131985,0.7146745274803431,0.2850565937353818,0.9997311212157249,0.33506295453824836
Smooth_L2_beta3000,v023_validation_iid_001143_cc64f3ccc6,1282.2737475727163,1.2236868942293606,0.8153881107847616,0.2583498840547516,1.0737379948395132,0.5920730535025084
Smooth_L2_beta3000,v023_validation_iid_001145_ce5e9aeed3,990.2841205651062,0.9473226279694155,0.6475086362091519,0.1953528094519572,0.8428614456611091,0.35469891830744005
Smooth_L2_beta3000,v023_validation_iid_001152_7f1063bbc6,1218.3148048423452,1.1682703939561516,0.7121837602683997,0.3198436090088858,1.0320273692772854,0.3152328603000887
Smooth_L2_beta3000,v023_validation_iid_001172_20a3ab781e,250.66950414781218,0.8562030910152076,0.6313559867412407,0.11941937327569906,0.7507753600169398,0.11879656137908824
Smooth_L2_beta3000,v023_validation_iid_001175_a75a848771,586.915835629475,1.5132078278730385,0.7553761442585466,0.23668005939140788,0.9920562036499545,0.5522114674719055
Smooth_L2_beta3000,v023_validation_iid_001177_b44b6f946f,536.9986734869212,1.2035921957859934,0.6640479357840183,0.23583507753556068,0.899883013319579,0.1690283250780565
Smooth_L2_beta3000,v023_validation_iid_001180_631f813f31,557.9906911654689,1.1737931652874796,0.6098173089902521,0.21998058120100125,0.8297978901912534,0.2258982745714421
Smooth_L2_beta3000,v023_validation_iid_001209_e89232c271,428.223632991728,1.0788434673243466,0.6117942541358969,0.16931545849231722,0.7811097126282142,0.16099218221672287
Smooth_L2_beta3000,v023_validation_iid_001213_3757e973fb,653.0681918968414,0.9515504480730826,0.6199436207335647,0.18764906283256147,0.8075926835661261,0.25152598914797053
Smooth_L2_beta3000,v023_validation_iid_001216_0f91985e53,750.2376177843639,1.019336912815806,0.6714020731225271,0.16443798770171877,0.8358400608242459,0.21243436928806816
Smooth_L2_beta3000,v023_validation_iid_001248_fe5cedd48a,760.7189173992723,1.2010001709542144,0.7232427747803806,0.2362805392026646,0.9595233139830451,0.2485911221799412
Smooth_L2_beta3000,v023_validation_iid_001252_5b3833df3c,285.8488309794837,1.3410900131395822,0.7745913430956537,0.11538563764066904,0.8899769807363227,0.19638073064399444
Smooth_L2_beta3000,v023_validation_iid_001262_d0c96428de,301.24161131479747,0.7928717849796861,0.5726724599436753,0.1242414191730691,0.6969138791167444,0.11427238595387629
Smooth_L2_beta3000,v023_validation_iid_001283_2f009af3b3,493.18582492139785,1.1663269624413974,0.5838891139210496,0.20766938985521088,0.7915585037762605,0.19515876819347477
Smooth_L2_beta3000,v023_validation_iid_001284_34866fe82c,822.6372617670511,1.0911950317074852,0.6877918081422402,0.2095860489198441,0.8973778570620843,0.5661173752448024
Smooth_L2_beta3000,v023_validation_iid_001288_7c427445f8,203.1315039669945,0.8056501655041981,0.733899845164999,0.04406315756689833,0.7779630027318973,0.1494587962417954
Smooth_L2_beta3000,v023_validation_iid_001302_f0948edf79,815.2015076449824,0.7474709252725458,0.5966580342028734,0.15354575534913908,0.7502037895520125,0.15359122585456236
Smooth_L2_beta3000,v023_validation_iid_001316_36b97c23a4,1134.646809401232,1.1452849531786657,0.7133259241376967,0.3451513797080166,1.0584773038457134,0.48313241032055015
Smooth_L2_beta3000,v023_validation_iid_001339_a24d8bcb72,367.398197704936,1.0440954434016527,0.5261266786868927,0.2586237547483043,0.7847504334351969,0.12963813429626744
Smooth_L2_beta3000,v023_validation_iid_001357_d4c5a1f89f,513.4235759436749,1.088763484185771,0.5979296208939966,0.16909991409701824,0.7670295349910148,0.19857626106339252
Smooth_L2_beta3000,v023_validation_iid_001384_15083e2183,474.1601166727428,1.238102178911495,0.6258941723078361,0.18717117453205814,0.8130653468398942,0.13821594628393813
Smooth_L2_beta3000,v023_validation_iid_001409_78c7dec716,1551.1236304712384,0.854898425631845,0.7530845163453928,0.15771610882924855,0.9108006251746413,0.6812801707910714
Smooth_L2_beta3000,v023_validation_iid_001415_f463c7597e,574.909828731165,0.8107356258055557,0.5137785148414081,0.13445925442577839,0.6482377692671866,0.28664113095911864
Smooth_L2_beta3000,v023_validation_iid_001422_6762dc3aa7,386.9043565803621,0.9475785417423819,0.5830717734152961,0.173203500026238,0.7562752734415341,0.26178966158858735
Smooth_L2_beta3000,v023_validation_iid_001426_4e8eb0ecc7,712.4308831317032,1.0111305821246248,0.6750595206990712,0.14866348453481132,0.8237230052338824,0.2014295908161306
Smooth_L2_beta3000,v023_validation_iid_001437_aef4e30c7a,471.0187684226571,1.2848220798325438,0.6860252757466407,0.2190287807289839,0.9050540564756246,0.13880668247898104
Smooth_L2_beta3000,v023_validation_iid_001444_8c8cecd3fd,714.6289933106189,1.0232742682703375,0.6509162531047029,0.15407289689847858,0.8049891500031815,0.2570521423274106
Smooth_L2_beta3000,v023_validation_iid_001446_dda935bc03,248.1460372584958,0.8903870569809678,0.5970935100959062,0.13765487771955046,0.7347483878154566,0.12332527384921999
Smooth_L2_beta3000,v023_validation_iid_001463_a1d1a635db,573.1712473797925,1.1005296917801501,0.5969659499834523,0.19209467750329676,0.7890606274867491,0.23490589627763084
Smooth_L2_beta3000,v023_validation_iid_001484_1f01fb6983,899.3421585731807,1.1322178774351959,0.6374920763409229,0.20835432489501327,0.8458464012359361,0.3158852499590453
Smooth_L2_beta3000,v023_validation_iid_001487_d7365b251e,1263.7753122461802,1.0371892732537271,0.732518890764373,0.2542486043003429,0.986767495064716,0.5541421394201946
Smooth_L2_beta3000,v023_validation_iid_001497_591529d1c9,690.5067897893376,1.3186819572488315,0.7642491816298526,0.21789858651205757,0.9821477681419102,0.20931517223266563
Smooth_L2_beta3000,v023_validation_iid_001502_5255167dac,253.06279938496849,1.5439891211393237,0.7321168411429162,0.12390697135213877,0.856023812495055,0.15092425269578646
Smooth_L2_beta3000,v023_validation_iid_001506_6a06a73483,812.3885868088165,1.151103929105174,0.675686816922439,0.20553839448331085,0.8812252114057499,0.3236786775164469
Smooth_L2_beta3000,v023_validation_iid_001517_4cf46854b3,572.8041968017121,0.8104028478383035,0.5563600839749742,0.1287906522004112,0.6851507361753854,0.2814446253597285
Smooth_L2_beta3000,v023_validation_iid_001544_11e61f52d6,594.9794817767681,1.0913591011538994,0.6531459366131839,0.18319253609869698,0.8363384727118809,0.4625319645480079
Smooth_L2_beta3000,v023_validation_iid_001555_d08c3c237c,564.6289373412842,1.0477917397552734,0.578828024101153,0.2103202959931395,0.7891483200942925,0.22129088076435832
Smooth_L2_beta3000,v023_validation_iid_001572_d7d6aa2d98,896.7409250415554,1.2792881505260845,0.7418313362298933,0.2508305057500036,0.9926618419798969,0.21143393144530542
Smooth_L2_beta3000,v023_validation_iid_001576_10d5844be2,606.889313695801,1.2486542947213317,0.6875420826985584,0.25055287459890985,0.9380949572974683,0.4547316440773933
Smooth_L2_beta3000,v023_validation_iid_001644_9794ba8ee8,226.54724539898265,1.055250040808188,0.6559935075511285,0.08260163301091014,0.7385951405620387,0.17009106279986602
Smooth_L2_beta3000,v023_validation_iid_001653_b050350929,566.7902869954164,1.1017359118963508,0.5876323717430122,0.2044047552544474,0.7920371269974595,0.23819846113392526
Smooth_L2_beta3000,v023_validation_iid_001683_4aef758feb,804.5191825646795,1.0587937869987725,0.630604920022161,0.2460183455795161,0.876623265601677,0.5125426633279724
Smooth_L2_beta3000,v023_validation_iid_001709_204b247300,156.43357843132696,0.8860793782836506,0.8368083657447648,0.030534887082200222,0.867343252826965,0.2243798329074107
Smooth_L2_beta3000,v023_validation_iid_001717_8508258ba6,530.7780998533328,1.4709570267427212,0.7258032754614915,0.2481521729779654,0.9739554484394569,0.18996081856598904
Smooth_L2_beta3000,v023_validation_iid_001732_fb8e6624a0,578.0512910529353,1.0452929539956697,0.6289100079536696,0.15951981502188695,0.7884298229755565,0.21637964901415868
Smooth_L2_beta3000,v023_validation_iid_001749_9a435d6701,102.78834841449907,0.8812762672104799,0.4857949951924967,0.09355260064217794,0.5793475958346747,0.19315634505597018
Smooth_L2_beta3000,v023_validation_iid_001753_67e7829fa3,707.0260634300322,1.0303646721764796,0.6802626766913551,0.17032845910593766,0.8505911357972927,0.2609975106434152
Smooth_L2_beta3000,v023_validation_iid_001756_2680e87d41,818.7870190232683,1.157284120059105,0.6507013879768802,0.20637092506219737,0.8570723130390775,0.32305811566375886
Smooth_L2_beta3000,v023_validation_iid_001777_4890b23e9d,679.3070714723759,1.2374892780150002,0.7101306360824815,0.29226944132079996,1.0024000774032815,0.20317501762681822
Smooth_L2_beta3000,v023_validation_iid_001781_13b615b552,562.2541892035294,0.9737423831374306,0.5869505080165995,0.16705999802909668,0.7540105060456962,0.16235662939478043
Smooth_L2_beta3000,v023_validation_iid_001789_7fabda9fc2,1335.7528373014554,1.0768214873957862,0.7231378260061366,0.3030838690365787,1.0262216950427154,0.6028073996029908
Smooth_L2_beta3000,v023_validation_iid_001790_7015e46e8b,473.97343445662943,0.7716316230520408,0.6566103260400902,0.0933310510032134,0.7499413770433035,0.09482725654160203
Smooth_L2_beta3000,v023_validation_iid_001795_83f5602d1b,870.2131376465204,0.829684344408925,0.5836930099396332,0.19625475792621444,0.7799477678658477,0.350421551028248
Smooth_L2_beta3000,v023_validation_iid_001797_46d3ebadbe,611.6388010399941,0.9997411600484131,0.6149503176946638,0.15513934993423015,0.770089667628894,0.25525108833775517
Smooth_L2_beta3000,v023_validation_iid_001800_277ad4acc3,565.9072866456843,1.1903166341888032,0.5960884099830851,0.21831400661926095,0.814402416602346,0.22647983939796176
Smooth_L2_beta3000,v023_validation_iid_001815_485b63e423,396.40867427709344,1.8419066825666266,0.7408924505972083,0.32334047988076847,1.0642329304779767,0.26096905047879404
Smooth_L2_beta3000,v023_validation_iid_001820_46e8a9d8f9,146.74027101434564,0.9281666749578766,0.601297457620412,0.07638379605263962,0.6776812536730517,0.17342394109565618
Smooth_L2_beta3000,v023_validation_iid_001826_706d993d00,409.3398483886328,1.6603495291737917,0.7106220226950335,0.2882406346157658,0.9988626573107993,0.32629397639719254
Smooth_L2_beta3000,v023_validation_iid_001828_8e7098242d,504.86754058785584,1.2242970910551547,0.6602396297431543,0.26924387531488964,0.9294835050580439,0.20049775011521517
Smooth_L2_beta3000,v023_validation_iid_001829_5e0205e0d1,1200.6701286796165,0.8065512185836142,0.6604948743679822,0.17142482421900246,0.8319196985869846,0.4409310937436979
Smooth_L2_beta3000,v023_validation_iid_001830_cbf1aa7f9e,145.97323047988104,0.9621110102024726,0.6515068722914482,0.08316261248549216,0.7346694847769404,0.15741171762678183
Smooth_L2_beta3000,v023_validation_iid_001854_2b4bd927e5,145.16274537870402,0.9223232151797718,0.564318740127534,0.07860060390068084,0.6429193440282148,0.1636399442885077
Smooth_L2_beta3000,v023_validation_iid_001858_d42cfd316c,649.4495715457194,0.7344155904374566,0.5972080335815345,0.12543296247366176,0.7226409960551963,0.10701561626106147
Smooth_L2_beta3000,v023_validation_iid_001861_d0db81a36a,955.2115298191056,0.8541354925505935,0.6468201507471482,0.20233818779290438,0.8491583385400525,0.625281785538563
Smooth_L2_beta3000,v023_validation_iid_001878_35ff4f395c,594.2492733559989,1.3097882986182943,0.6453099880234984,0.2609487706613889,0.9062587586848873,0.19141439652710543
Smooth_L2_beta3000,v023_validation_iid_001881_defb784e80,582.6141102153767,1.0269136539121988,0.6949823318550542,0.15403085011612952,0.8490131819711837,0.24905094073356387
Smooth_L2_beta3000,v023_validation_iid_001883_b4900ffa27,339.3565943741877,1.5625076826057835,0.8042986677011797,0.16019805800579212,0.9644967257069719,0.16160233700232618
Smooth_L2_beta3000,v023_validation_iid_001893_ed82b52573,1016.1449629108183,0.7860227686779128,0.6019704963515052,0.14170577437380946,0.7436762707253147,0.3157906842423604
Smooth_L2_beta3000,v023_validation_iid_001902_3948d7efad,1112.4254090715108,1.1949883753389368,0.8171794497755115,0.20672478619331475,1.0239042359688262,0.5365280192947655
Smooth_L2_beta3000,v023_validation_iid_001908_972ada1ffc,1206.1801997228797,1.0656849797576946,0.7113335208761146,0.2923455361941113,1.0036790570702259,0.5599638788417404
Smooth_L2_beta3000,v023_validation_iid_001924_8d85a07c49,852.2964563167125,0.8291158193638634,0.533936075487056,0.22589124822550377,0.7598273237125598,0.35525148151196095
Smooth_L2_beta3000,v023_validation_iid_001933_77afdd7615,1008.1546876944467,1.0930544961370912,0.7493084923185126,0.18301538318463142,0.932323875503144,0.338592158288128
Smooth_L2_beta3000,v023_validation_iid_001939_92f2aa4022,342.9804266408672,0.8015303676372711,0.6947658716229137,0.07442166082963879,0.7691875324525524,0.10820084911047748
Smooth_L2_beta3000,v023_validation_iid_001957_4936f51b3c,947.9409990679701,1.0971302923804482,0.6786428063854448,0.3271884134414644,1.0058312198269093,0.48390412709520986
Smooth_L2_beta3000,v023_validation_iid_001959_84a5b12666,1127.636643054038,1.0298338478181401,0.6631979249762258,0.2684252753818604,0.9316232003580862,0.2985012031376171
Smooth_L2_beta3000,v023_validation_iid_001976_2716f50634,733.5945192580252,1.3501594053279902,0.7526282980246711,0.21930275658342613,0.9719310546080973,0.23425773104047762
Smooth_L2_beta3000,v023_validation_iid_001989_aea7aaae00,770.8394316118007,1.1305616752125531,0.6759441187648247,0.22907619978899102,0.9050203185538157,0.2274944981905296
Smooth_L2_beta3000,v023_validation_iid_002005_d52954cbd6,671.1533130290121,1.1693931303288214,0.7142724374535926,0.17369746769208136,0.887969905145674,0.16318640474411358
Smooth_L2_beta3000,v023_validation_iid_002006_421a893ff1,1088.1712589840176,1.0620097667605866,0.6696085431462302,0.2806594110615094,0.9502679542077396,0.24622580199374297
Smooth_L2_beta3000,v023_validation_iid_002017_1d5509e3f7,757.4094296140722,1.184812473736593,0.6913025833707616,0.2651163291421782,0.9564189125129398,0.28137212610056633
Smooth_L2_beta3000,v023_validation_iid_002030_9831b28a25,652.7061513620114,0.9344478242305936,0.5518987909950198,0.18718421507631672,0.7390830060713365,0.2484436660453461
Smooth_L2_beta3000,v023_validation_iid_002036_1e1b892489,162.20741752624073,0.926199450739676,0.669011230270161,0.06712845396290353,0.7361396842330645,0.13206616638436877
Smooth_L2_beta3000,v023_validation_iid_002063_3a71022534,729.1230208310994,1.2176388130204714,0.6084319412531827,0.23294410034323879,0.8413760415964214,0.26518692805026356
Smooth_L2_beta3000,v023_validation_iid_002074_c64e5c576c,493.3761019954702,1.2980198047959017,0.7146342600243285,0.2580007399688916,0.9726349999932201,0.3830972507284658
Smooth_L2_beta3000,v023_validation_iid_002091_8f94370ea0,1649.0684616063977,0.8584590804263111,0.7458825416470192,0.18347622809419323,0.9293587697412125,0.7564934507751485
Smooth_L2_beta3000,v023_validation_iid_002097_44b45f29ed,947.1728155477927,1.3346175626793628,0.7738615541701835,0.2376595129053289,1.0115210670755124,0.535206030109403
Smooth_L2_beta3000,v023_validation_iid_002099_cee61209e9,1421.8848756693626,1.162604541135676,0.788796479571256,0.33636431459624333,1.1251607941674993,0.5964136766058954
Smooth_L2_beta3000,v023_validation_iid_002102_c361fa67b3,812.7881651733387,1.4523226937031644,0.8254956286838431,0.21804916049651643,1.0435447891803595,0.2032156555930878
Smooth_L2_beta3000,v023_validation_iid_002105_6f3e5f128c,1501.9930239014661,0.9682786846510308,0.8014097338203355,0.20124624802641933,1.0026559818467549,0.7556136880703515
Smooth_L2_beta3000,v023_validation_iid_002113_fb2d041ee0,1412.6549022202169,0.9779010549981237,0.6891512667629471,0.23923229520235495,0.928383561965302,0.3483076721461096
Smooth_L2_beta3000,v023_validation_iid_002122_56a79780f0,582.3926844799175,1.0267190838684976,0.677821894311597,0.15421579386906967,0.8320376881806667,0.2492242443475025
Smooth_L2_beta3000,v023_validation_iid_002132_047051f58f,148.23292788245033,0.9631525255583792,0.6454314475049955,0.07385256477575126,0.7192840122807468,0.14810894636232888
Smooth_L2_beta3000,v023_validation_iid_002133_e58d9ea607,1026.637972756453,1.2620305425216691,0.7222901466062847,0.31707729101374854,1.0393674376200333,0.20097903761652713
Smooth_L2_beta3000,v023_validation_iid_002150_e35a3d7c45,282.78913670778616,1.3491872972391687,0.7691456047230807,0.11484495502924198,0.8839905597523227,0.19811351718526868
Smooth_L2_beta3000,v023_validation_iid_002169_2a737ec345,563.6175331154702,0.9199537137911793,0.6319979206729875,0.1382526246090253,0.7702505452820129,0.1789985212162647
Smooth_L2_beta3000,v023_validation_iid_002194_e3b2996e41,893.8103117769311,1.2165401200178678,0.7294985498854218,0.3832151010777291,1.112713650963151,0.4412381412301189
Smooth_L2_beta3000,v023_validation_iid_002201_da992c9d70,772.0190095998194,1.1592341639638104,0.5941738670591095,0.22119399885311392,0.8153678659122234,0.2749996468716365
Smooth_L2_beta3000,v023_validation_iid_002213_8f617d0829,579.6237407713705,0.8069176446005735,0.49958209600547276,0.1516904374086893,0.651272533414162,0.21872082022206818
Smooth_L2_beta3000,v023_validation_iid_002224_c51f110ed6,142.9574969873404,0.7322483511635337,0.6206990020239418,0.07736591208611997,0.6980649141100618,0.22524205260376612
Smooth_L2_beta3000,v023_validation_iid_002226_0648a00cf0,1199.2938270768063,1.060371568239744,0.7415978807482874,0.2595690707773038,1.0011669515255912,0.640855196856201
Smooth_L2_beta3000,v023_validation_iid_002228_b5dc23961a,1232.1790892710999,1.1355440255448372,0.6830480247528081,0.2727117840611183,0.9557598088139264,0.30899053438537066
Smooth_L2_beta3000,v023_validation_iid_002257_5808fee8fe,353.94462146449786,0.6758070862785255,0.5112219682109646,0.10700059889547536,0.6182225671064399,0.08249821914039392
Smooth_L2_beta3000,v023_validation_iid_002279_8d39d5a8a2,1019.2516708511398,1.2925197193261613,0.7274282615755001,0.3669758899342048,1.094404151509705,0.20148845585767147
Smooth_L2_beta3000,v023_validation_iid_002286_71680df018,504.4045684745377,1.0974799879642845,0.6423967550323927,0.1911907844777026,0.8335875395100953,0.19795275893003672
Smooth_L2_beta3000,v023_validation_iid_002312_7f68e7bc1e,595.4040328364121,1.1020044381233445,0.595063983662638,0.21562009514623415,0.8106840788088722,0.2159832666426705
Smooth_L2_beta3000,v023_validation_iid_002367_b310b98e97,613.1981961906799,0.9988377330508684,0.6049846367280244,0.14979054948564444,0.7547751862136688,0.25763686507575856
Smooth_L2_beta3000,v023_validation_iid_002376_5bb82b32ff,1110.2814570180367,1.0259322172247949,0.7008039956505301,0.27435899890255655,0.9751629945530866,0.30071088676495916
Smooth_L2_beta3000,v023_validation_iid_002388_f40c2f84a2,491.17961803892706,1.17674841532331,0.5998425366276579,0.21799661341478777,0.8178391500424456,0.19674009814256405
Smooth_L2_beta3000,v023_validation_iid_002408_c9afb24d73,1677.944619421527,0.8788390566753125,0.7782368294391706,0.15384732943395676,0.9320841588731273,0.7596632733502326
Smooth_L2_beta3000,v023_validation_iid_002427_2a5026983e,204.35737209220304,0.8257616098426355,0.6455747013516002,0.07185687262523237,0.7174315739768325,0.11753390708295718
Smooth_L2_beta3000,v023_validation_iid_002441_cca68f10d1,357.88397493733055,0.7065284876062587,0.5209239439240203,0.10015731498300029,0.6210812589070206,0.08865791399553348
Smooth_L2_beta3000,v023_validation_iid_002451_c5ed312006,949.8729104234944,1.2479861732443662,0.7553421399850391,0.24147413502762594,0.996816275012665,0.22611335255139914
TARF-GDC_s1107,v023_validation_iid_000001_1f77f185d2,99.67771686092846,0.300656720086982,0.28705095951134707,0.024175925943653552,0.3112268854550006,0.05422996962200475
TARF-GDC_s1107,v023_validation_iid_000010_4165b45c34,97.63363512557149,0.2731355434889235,0.2140930980648352,0.05763459027426916,0.2717276883391044,0.0665155541792138
TARF-GDC_s1107,v023_validation_iid_000011_fb2c2ea247,35.274380373382954,0.10454596576882709,0.09584308064092026,0.011671187405560413,0.10751426804648068,0.04918094393566159
TARF-GDC_s1107,v023_validation_iid_000014_ea7806be94,87.08779405663813,0.38856612769466015,0.25183106605624633,0.05956504777754777,0.3113961138337941,0.0743787137342902
TARF-GDC_s1107,v023_validation_iid_000019_f282d5a722,28.82236482807632,0.21709613376578932,0.14745993662503518,0.026375598213433576,0.17383553483846875,0.06169116751228713
TARF-GDC_s1107,v023_validation_iid_000033_c7b569725d,46.135559858063644,0.21015684983515615,0.1883978789955563,0.01990739777489176,0.20830527677044805,0.057031813937888504
TARF-GDC_s1107,v023_validation_iid_000044_71f89a6957,37.54816123427162,0.5441126919655062,0.47106897839749096,0.030348121764911057,0.501417100162402,0.40022773797747946
TARF-GDC_s1107,v023_validation_iid_000048_e740a9c6dd,94.32684147255434,0.3426957730965322,0.268339967919978,0.04283611157245809,0.3111760794924361,0.0786596583971665
TARF-GDC_s1107,v023_validation_iid_000051_d9509242d5,56.0355211669679,0.2677826444370896,0.23802760051039976,0.024714797631810857,0.2627423981422106,0.12285626037840872
TARF-GDC_s1107,v023_validation_iid_000058_3bd2cdd65c,55.57296284005726,0.18950462656688982,0.13676584637104441,0.02621019635928115,0.16297604273032557,0.05198499349315919
TARF-GDC_s1107,v023_validation_iid_000070_34f84d5f0a,121.51710999922068,0.13187870229145532,0.1260389931414244,0.015276365643647224,0.14131535878507162,0.10424425454935453
TARF-GDC_s1107,v023_validation_iid_000079_5e095c685b,397.79337676627335,0.5340965396942942,0.3873012527822609,0.10783212969115417,0.4951333824734151,0.04109631988523122
TARF-GDC_s1107,v023_validation_iid_000094_9735873545,12.441115257320458,0.3926512975134115,0.362100515379329,0.013475213815476648,0.3755757291948057,0.1379549741723748
TARF-GDC_s1107,v023_validation_iid_000115_00de972314,48.08531157967757,0.4220725097364175,0.3793878665031844,0.03671159200787784,0.4160994585110622,0.15986398485562986
TARF-GDC_s1107,v023_validation_iid_000118_5f2dd18f7c,76.89620301751472,0.1477500070860916,0.13763944964164557,0.02001291835011543,0.157652367991761,0.05966698394145286
TARF-GDC_s1107,v023_validation_iid_000132_75bcb1df73,55.891973728143405,0.2040349122898042,0.1987004586790961,0.016263355196758516,0.21496381387585461,0.09928303818989019
TARF-GDC_s1107,v023_validation_iid_000140_de1f8ff7c3,94.2743601121714,0.29269194084327954,0.24643554579370028,0.041218411469160623,0.2876539572628609,0.06363432377317893
TARF-GDC_s1107,v023_validation_iid_000145_6a44137e7d,26.499695717897893,0.4312899650633497,0.4061827913486093,0.015623180458999505,0.4218059718076088,0.16061840587485618
TARF-GDC_s1107,v023_validation_iid_000182_e81e751497,100.94478698951522,0.2803923816338606,0.19824079007038317,0.06566267058757727,0.26390346065796044,0.06777444052463734
TARF-GDC_s1107,v023_validation_iid_000200_1840e37748,279.35929140340875,0.3696510888746867,0.3638484291879976,0.024257679621077458,0.38810610880907503,0.1980197092941988
TARF-GDC_s1107,v023_validation_iid_000203_b00b5267c4,15.424388729940631,0.3097064014917139,0.2177865402987878,0.02073492312847029,0.23852146342725808,0.0873580741536638
TARF-GDC_s1107,v023_validation_iid_000208_f77617b188,97.26045346884618,0.3940693704367016,0.3841251509754717,0.021283893333742802,0.4054090443092145,0.0962768368001287
TARF-GDC_s1107,v023_validation_iid_000279_9f28c90c00,98.07169583778042,0.32787325627507186,0.27216493386041696,0.042315007175376416,0.31447994103579335,0.06525611805468362
TARF-GDC_s1107,v023_validation_iid_000283_084f2e07a3,48.17876391974069,0.14601818573431616,0.14157039915647654,0.007572662071879731,0.14914306122835627,0.07223014889035988
TARF-GDC_s1107,v023_validation_iid_000284_7207955a74,39.7846750583859,0.24298146994732575,0.21695065329673383,0.023882142536688473,0.2408327958334223,0.12484162029880659
TARF-GDC_s1107,v023_validation_iid_000309_8b472acfc1,89.7544221134519,0.21867243073953824,0.21196198845219386,0.018867788058400968,0.23082977651059483,0.10708796044401685
TARF-GDC_s1107,v023_validation_iid_000405_16b7ac8cf5,41.41725831473826,0.25625027431653385,0.24549308409318155,0.018420642797196983,0.2639137268903785,0.11006777646441804
TARF-GDC_s1107,v023_validation_iid_000406_22b4cbcb04,57.69541432948311,0.20101119575170182,0.19954356562582531,0.0064766096623715885,0.2060201752881969,0.08132539365776534
TARF-GDC_s1107,v023_validation_iid_000419_b85b330a88,145.957755826976,0.3109517660564475,0.2782779658712264,0.05282449463084232,0.3311024605020687,0.09834725302788222
TARF-GDC_s1107,v023_validation_iid_000423_e037bd9b67,42.71242606746562,0.19078824161096405,0.1906730261871858,0.0014213317113194607,0.19209435789850526,0.20208092505288683
TARF-GDC_s1107,v023_validation_iid_000427_9707c07b4a,112.77846189644359,0.19245618451904864,0.17116697965004504,0.02378737467019621,0.19495435432024125,0.05716325639305079
TARF-GDC_s1107,v023_validation_iid_000442_ee6835e33d,24.440418272450504,0.10605608312944972,0.1011902582619438,0.00858956967418374,0.10977982793612755,0.08459747333291057
TARF-GDC_s1107,v023_validation_iid_000446_6755efaa5c,163.1777072273829,0.2804452108684792,0.261849780034801,0.025901355126985843,0.28775113516178685,0.06221188156326341
TARF-GDC_s1107,v023_validation_iid_000450_27c02340da,16.3012573794847,0.33291967783495957,0.32571606614843723,0.008363930742942243,0.33407999689137946,0.12894387421168566
TARF-GDC_s1107,v023_validation_iid_000451_3d48c8a249,468.95863723930665,0.4354563335504385,0.33991326527615956,0.09672123544792124,0.43663450072408083,0.08515636122294618
TARF-GDC_s1107,v023_validation_iid_000455_93fd0d97dc,14.354363194231922,0.44386740185368456,0.39526117603924293,0.01888442137180431,0.41414559741104723,0.12731875563003883
TARF-GDC_s1107,v023_validation_iid_000460_3fb1e2ffd2,40.732430469678164,0.2651020244863123,0.26230474636735757,0.008391763904286188,0.27069651027164376,0.0853311107928346
TARF-GDC_s1107,v023_validation_iid_000487_d05e40465d,74.90162268314845,0.32203922249832506,0.30104339381874223,0.027036159274472806,0.328079553093215,0.08650805670929397
TARF-GDC_s1107,v023_validation_iid_000491_6834b0a0fb,34.16666571715962,0.16189555858153165,0.15664663435233372,0.007944712862226356,0.1645913472145601,0.08874228274479944
TARF-GDC_s1107,v023_validation_iid_000506_5fa9667a27,44.046693315331396,0.24105976516501298,0.1933262315021129,0.02964071022545137,0.22296694172756426,0.04956416000602534
TARF-GDC_s1107,v023_validation_iid_000507_7539ae13a0,47.756751617142456,0.2372072820777654,0.23657176495652546,0.0032065016969274073,0.23977826665345287,0.14021353564929628
TARF-GDC_s1107,v023_validation_iid_000509_6c81ecd0ef,83.40130351448845,0.48604552208073526,0.4860049328421416,0.001465848241547186,0.48747078108368874,0.11330559848170661
TARF-GDC_s1107,v023_validation_iid_000522_d34239552a,83.4434694006104,0.36640393547714206,0.32638014047834735,0.03403462333105719,0.3604147638094045,0.06466485288029818
TARF-GDC_s1107,v023_validation_iid_000539_534acc73fc,91.93651803595903,0.3399260392871764,0.2715122579049211,0.045604507460982165,0.3171167653659033,0.08132971887620977
TARF-GDC_s1107,v023_validation_iid_000547_0541fc99a6,210.5133029576022,0.18170496413905626,0.1761371629935671,0.0192617077266632,0.1953988707202303,0.03821827507054123
TARF-GDC_s1107,v023_validation_iid_000565_06392fe377,85.95118606728656,0.32830299818451714,0.27808270455418793,0.03659095563382145,0.31467366018800935,0.06696812656301428
TARF-GDC_s1107,v023_validation_iid_000567_911c9aa1d5,53.6965602310743,0.12777664044401285,0.12595294282707806,0.005545450386663163,0.1314983932137412,0.04750130068886861
TARF-GDC_s1107,v023_validation_iid_000597_c35c5c3592,90.35016387223429,0.37762238628748773,0.35713951449554576,0.02737320451304971,0.38451271900859546,0.08397195561366655
TARF-GDC_s1107,v023_validation_iid_000638_e94f0fea1e,76.29425820594957,0.31310818756054176,0.23095176433144085,0.045590262261709445,0.2765420265931503,0.07473771550334779
TARF-GDC_s1107,v023_validation_iid_000653_0d2b5410c7,42.27604991488107,0.31513589896041544,0.27604619046010814,0.029096423070162733,0.3051426135302709,0.0853186380880487
TARF-GDC_s1107,v023_validation_iid_000655_b1311ba687,52.898319743050536,0.31527096854480346,0.21765503228846544,0.040550284539523244,0.2582053168279887,0.06955874789909296
TARF-GDC_s1107,v023_validation_iid_000668_be049a5dc0,23.627643011832653,0.11072286265518402,0.09879780455797571,0.012703329653895265,0.11150113421187098,0.10284894035455293
TARF-GDC_s1107,v023_validation_iid_000684_425d6fc5aa,52.728085745486155,0.16254309073560175,0.13803805847867068,0.033265910421504015,0.17130396890017469,0.07087328516141546
TARF-GDC_s1107,v023_validation_iid_000687_5ce3a49729,88.50596459843376,0.15067698802192012,0.1430310602871527,0.017148157100118584,0.16017921738727128,0.05590587705712344
TARF-GDC_s1107,v023_validation_iid_000706_787f38ecbf,95.1662034477244,0.2628165251233545,0.22463704196854295,0.04298990472414886,0.2676269466926918,0.09868717847100825
TARF-GDC_s1107,v023_validation_iid_000714_f9c1abaf4a,44.39547560483115,0.2333783174127046,0.2094863100693947,0.022687002532189655,0.23217331260158436,0.08790771619058678
TARF-GDC_s1107,v023_validation_iid_000732_61a68984bd,58.203545519119004,0.21931312356893923,0.21303763160962158,0.01106983126602164,0.22410746287564323,0.07116214870422086
TARF-GDC_s1107,v023_validation_iid_000737_d2eb689b28,31.57896649368272,0.22636658845182797,0.19908380481516202,0.018555727523113377,0.2176395323382754,0.07101587342721921
TARF-GDC_s1107,v023_validation_iid_000772_04c51fed39,37.04208435753061,0.20834013491612505,0.19966740424345944,0.011905429484226526,0.21157283372768595,0.10083825215591023
TARF-GDC_s1107,v023_validation_iid_000782_debfbcf3eb,83.5112976948776,0.2544313387895763,0.23626727712424073,0.030070489826191812,0.26633776695043254,0.09927708147439303
TARF-GDC_s1107,v023_validation_iid_000800_72e34cb2d4,46.032778112142736,0.4541678234689922,0.42781488854290656,0.019956219016788505,0.44777110755969507,0.21307046510483388
TARF-GDC_s1107,v023_validation_iid_000802_5feed81428,48.170650702170384,0.1884587593965281,0.18800623391431526,0.002878687354671614,0.19088492126898687,0.07443255273785435
TARF-GDC_s1107,v023_validation_iid_000826_6593d02fbe,11.488151274034449,0.26137398465975276,0.2527067455611477,0.00800129731045907,0.26070804287160676,0.13366035147260064
TARF-GDC_s1107,v023_validation_iid_000839_6eb51100d5,61.84479347420361,0.5457823921162129,0.46475618808208385,0.039278417697224184,0.504034605779308,0.16683747006328983
TARF-GDC_s1107,v023_validation_iid_000843_52ac30ba89,20.544941807660805,0.267879742642742,0.248318609584759,0.012303660021391098,0.2606222696061501,0.24350887692384746
TARF-GDC_s1107,v023_validation_iid_000889_b127aed843,38.197372087473234,0.20873978400756452,0.20209494673476364,0.01169739053953028,0.21379233727429392,0.13524277952119734
TARF-GDC_s1107,v023_validation_iid_000912_3c59a5c7e6,50.586420518181626,0.29509349839478444,0.2826315641445654,0.017191417502745634,0.299822981647311,0.0717228433470904
TARF-GDC_s1107,v023_validation_iid_000922_e952b4e12d,50.02320762631997,0.33039425412972895,0.3281189899353207,0.010030691667259102,0.3381496816025798,0.1789519314686415
TARF-GDC_s1107,v023_validation_iid_000952_e2157d7a26,50.39957364177806,0.2475946454453674,0.13573022394607312,0.03635895185430528,0.1720891758003784,0.06174987100765389
TARF-GDC_s1107,v023_validation_iid_000960_e75b514594,15.931533011970203,0.23886747067101918,0.18971794891668592,0.014276179013290981,0.2039941279299769,0.09577176004955286
TARF-GDC_s1107,v023_validation_iid_000965_e8bb8373a7,49.919505005706974,0.23610209204273594,0.21135004549384356,0.02118406231575211,0.23253410780959566,0.06626873830421844
TARF-GDC_s1107,v023_validation_iid_000977_f41d84bc1b,41.90801416545958,0.22744502738644726,0.20315934154179233,0.02009270299557749,0.22325204453736983,0.08600099837109824
TARF-GDC_s1107,v023_validation_iid_001023_5c3dc691cc,204.33891967554143,0.19309671148399854,0.19235116598123608,0.00659891230098289,0.19895007828221897,0.16079556434277387
TARF-GDC_s1107,v023_validation_iid_001024_c6ff8c5a86,83.84774047784578,0.1728379358908967,0.17059236564086594,0.010578079762685096,0.18117044540355104,0.03323545938085723
TARF-GDC_s1107,v023_validation_iid_001034_62728bc710,58.33719970312812,0.2928719145545478,0.24419183122738275,0.033413508549027436,0.27760533977641016,0.11786180137056655
TARF-GDC_s1107,v023_validation_iid_001056_afd37f7504,42.124062443155296,0.21679770736230264,0.20531515565400837,0.016214973436285952,0.22153012909029432,0.07325096861213502
TARF-GDC_s1107,v023_validation_iid_001059_68f399ad71,107.1517357385804,0.3947450270632949,0.3463208901916165,0.03917673739208091,0.38549762758369743,0.06573000498168707
TARF-GDC_s1107,v023_validation_iid_001074_e32181a201,118.53461825339318,0.26621078974052753,0.2505864489301807,0.020967592469629835,0.27155404139981054,0.055628441258098106
TARF-GDC_s1107,v023_validation_iid_001085_658d1208e9,27.693759012018454,0.17784633201129518,0.17523687424911394,0.00605495150994212,0.18129182575905606,0.17523163380349874
TARF-GDC_s1107,v023_validation_iid_001092_0be5e16b4d,65.5758212853654,0.36120973612152724,0.20935214233949329,0.055220345374353254,0.26457248771384656,0.06325114896047293
TARF-GDC_s1107,v023_validation_iid_001095_a77f326f56,50.167456877125424,0.23351251228674433,0.22499548189347074,0.014744449669948562,0.2397399315634193,0.08705482781814337
TARF-GDC_s1107,v023_validation_iid_001106_5a21d431e0,51.96942562936772,0.3291224618593669,0.328581442279253,0.003709502778246636,0.3322909450574996,0.1269735586254955
TARF-GDC_s1107,v023_validation_iid_001108_01bc96df0b,70.06680183602285,0.28749968575928014,0.24018460373941117,0.03657044296380306,0.2767550467032142,0.09348650704608978
TARF-GDC_s1107,v023_validation_iid_001110_ab08e62622,57.06462547436446,0.2628226760194861,0.2339094142360222,0.027771989048724806,0.26168140328474704,0.06998864940538238
TARF-GDC_s1107,v023_validation_iid_001113_22c0350d45,40.36517756910961,0.2810583744710903,0.24753607242380826,0.022700572542176348,0.2702366449659846,0.06836634287412367
TARF-GDC_s1107,v023_validation_iid_001115_0e9d555775,91.39610451840957,0.2896134821773191,0.2869507741166798,0.010594171199858206,0.297544945316538,0.07219606295683265
TARF-GDC_s1107,v023_validation_iid_001118_3b2ad14e21,108.0933341283264,0.33107260156994456,0.2723683467739578,0.041739687760726216,0.31410803453468406,0.0639321098123714
TARF-GDC_s1107,v023_validation_iid_001134_d8defdf98b,18.720899457329004,0.14728841660197184,0.14390308489966822,0.006294159603488777,0.150197244503157,0.0712895005432463
TARF-GDC_s1107,v023_validation_iid_001143_cc64f3ccc6,61.17430320574569,0.18101484662193243,0.17776071711158634,0.009674565558163185,0.18743528266974951,0.07274099403971641
TARF-GDC_s1107,v023_validation_iid_001145_ce5e9aeed3,78.53926864394778,0.2234487237594737,0.2226675938172657,0.005273780374671126,0.22794137419193683,0.11234409537289808
TARF-GDC_s1107,v023_validation_iid_001152_7f1063bbc6,117.58186183197456,0.31676408269045864,0.2736341613482719,0.055112045612796104,0.328746206961068,0.07768579783992835
TARF-GDC_s1107,v023_validation_iid_001172_20a3ab781e,48.15322877786721,0.31733018457510737,0.29964121998487225,0.02157137114505169,0.32121259112992395,0.13588975303714174
TARF-GDC_s1107,v023_validation_iid_001175_a75a848771,40.798681974756555,0.3045356263309617,0.3009266099284005,0.008437928071043812,0.3093645379994443,0.11751086683150086
TARF-GDC_s1107,v023_validation_iid_001177_b44b6f946f,45.45455418771549,0.21123287449807224,0.20398720503897977,0.012886704862415244,0.21687390990139502,0.08942572069355059
TARF-GDC_s1107,v023_validation_iid_001180_631f813f31,42.01491580924315,0.25771773531302433,0.2427136550403354,0.01900615788430458,0.26171981292463997,0.0836890068760949
TARF-GDC_s1107,v023_validation_iid_001209_e89232c271,58.634746516380275,0.32535765869982686,0.31111625658717074,0.018140810663170793,0.32925706725034154,0.07022688096212394
TARF-GDC_s1107,v023_validation_iid_001213_3757e973fb,86.43516870859895,0.2845595499025097,0.2759365358179896,0.01807173571972529,0.2940082715377149,0.06645819451473962
TARF-GDC_s1107,v023_validation_iid_001216_0f91985e53,86.81204714292448,0.23589413644764046,0.22511424153411483,0.015113901362748162,0.24022814289686298,0.04492390438674123
TARF-GDC_s1107,v023_validation_iid_001248_fe5cedd48a,49.63954620896444,0.1900795817188028,0.18923135039080924,0.004420911289184192,0.19365226167999344,0.06343107202293906
TARF-GDC_s1107,v023_validation_iid_001252_5b3833df3c,28.763454638240386,0.42916992729309567,0.34395955042797666,0.027052119645389307,0.37101167007336594,0.30076132808734984
TARF-GDC_s1107,v023_validation_iid_001262_d0c96428de,43.82633598469564,0.2529975678249677,0.24058413872390902,0.017734989488212963,0.258319128212122,0.13012446195817615
TARF-GDC_s1107,v023_validation_iid_001283_2f009af3b3,43.97129089860137,0.2922936669019082,0.27309608402795504,0.02142970568321177,0.29452578971116683,0.08401151780275512
TARF-GDC_s1107,v023_validation_iid_001284_34866fe82c,40.54079527574102,0.15801061040348133,0.1498162158493845,0.012425617729589385,0.1622418335789739,0.0586243228747375
TARF-GDC_s1107,v023_validation_iid_001288_7c427445f8,52.43569022827044,0.383441987385589,0.3476421749138594,0.02144820028591014,0.36909037519976956,0.17402890036117935
TARF-GDC_s1107,v023_validation_iid_001302_f0948edf79,171.33634587775921,0.24850826363795062,0.24731537667594336,0.008293949260505334,0.2556093259364487,0.0472965390686965
TARF-GDC_s1107,v023_validation_iid_001316_36b97c23a4,49.689029129276946,0.12719737892314076,0.12580196569164426,0.007237777278255051,0.13303974296989932,0.0428919906664216
TARF-GDC_s1107,v023_validation_iid_001339_a24d8bcb72,39.115558703199206,0.2149523403462952,0.20223841511290438,0.02088542157403352,0.22312383668693792,0.12134454994013234
TARF-GDC_s1107,v023_validation_iid_001357_d4c5a1f89f,54.86413378745152,0.2918610939212432,0.2334718416825773,0.0325493784359769,0.2660212201185542,0.07407507223575155
TARF-GDC_s1107,v023_validation_iid_001384_15083e2183,32.00053198381748,0.20805266109401424,0.16409212973755838,0.022410693408971227,0.1865028231465296,0.07018948853745517
TARF-GDC_s1107,v023_validation_iid_001409_78c7dec716,295.4802247478244,0.36305956133513867,0.3087492238285318,0.07445534299529954,0.38320456682383136,0.16642161633623886
TARF-GDC_s1107,v023_validation_iid_001415_f463c7597e,80.04022225493439,0.28583965446162507,0.240463604384264,0.03313199302070792,0.2735955974049719,0.06771377824322612
TARF-GDC_s1107,v023_validation_iid_001422_6762dc3aa7,55.834703575983255,0.3036587967275992,0.3006543262355585,0.009880544008704988,0.31053487024426346,0.14724356262061286
TARF-GDC_s1107,v023_validation_iid_001426_4e8eb0ecc7,137.62436571456826,0.38908587048291327,0.3403723100199759,0.03722722099524706,0.377599531015223,0.050807663025106475
TARF-GDC_s1107,v023_validation_iid_001437_aef4e30c7a,35.018413864593796,0.2251986373444773,0.21540845366762798,0.013242643394395895,0.22865109706202388,0.0833511319672407
TARF-GDC_s1107,v023_validation_iid_001444_8c8cecd3fd,78.82664412488225,0.3195943044070601,0.2545699324394905,0.03770511199856919,0.2922750444380597,0.07126786400528842
TARF-GDC_s1107,v023_validation_iid_001446_dda935bc03,45.01193992133055,0.3733678163434289,0.3407026200637854,0.03182935685816314,0.3725319769219485,0.13873683250045493
TARF-GDC_s1107,v023_validation_iid_001463_a1d1a635db,50.21981397045502,0.2937542962095572,0.2514501524538189,0.03155424155301882,0.28300439400683775,0.05446582758107435
TARF-GDC_s1107,v023_validation_iid_001484_1f01fb6983,58.531374460760006,0.1888866799803387,0.1329143240611094,0.029884757869819957,0.16279908193092935,0.03865748786249063
TARF-GDC_s1107,v023_validation_iid_001487_d7365b251e,64.93950547646418,0.1309526281516355,0.12717510112352126,0.010812192073524178,0.13798729319704545,0.04667753269239381
TARF-GDC_s1107,v023_validation_iid_001497_591529d1c9,46.36480275591772,0.22961354727648622,0.21197341956164836,0.01789600864929948,0.22986942821094786,0.06384137423410126
TARF-GDC_s1107,v023_validation_iid_001502_5255167dac,11.491387012918429,0.23149305529662964,0.1894354251015338,0.01212788316924559,0.2015633082707794,0.10681848710273203
TARF-GDC_s1107,v023_validation_iid_001506_6a06a73483,47.93781738746202,0.1970776042824291,0.14915083875882176,0.028410693666648418,0.17756153242547018,0.0623650455320599
TARF-GDC_s1107,v023_validation_iid_001517_4cf46854b3,79.32883893448336,0.2951107705437096,0.27253070529913903,0.024744912986907504,0.29727561828604654,0.054440897225961064
TARF-GDC_s1107,v023_validation_iid_001544_11e61f52d6,28.242943348718406,0.15581914078888912,0.15401970361206463,0.004947265609699818,0.15896696922176445,0.07966758373110953
TARF-GDC_s1107,v023_validation_iid_001555_d08c3c237c,52.30316131161452,0.21445418530058155,0.206366197369992,0.014048733417330685,0.2204149307873227,0.07181837959083888
TARF-GDC_s1107,v023_validation_iid_001572_d7d6aa2d98,54.51484713201563,0.19228504567197527,0.18791853271716966,0.009805913295164387,0.19772444601233405,0.050614297364482815
TARF-GDC_s1107,v023_validation_iid_001576_10d5844be2,38.893285292078424,0.2620159884135585,0.2591125894622367,0.009350301836127518,0.2684628912983642,0.07744365443039446
TARF-GDC_s1107,v023_validation_iid_001644_9794ba8ee8,27.72350655285669,0.4024218437337685,0.34315062506759925,0.021007545332898957,0.3641581704004982,0.14107968827954043
TARF-GDC_s1107,v023_validation_iid_001653_b050350929,47.04438453028763,0.27191046371679595,0.25871281641876415,0.018355122011672918,0.2770679384304371,0.0841328916068801
TARF-GDC_s1107,v023_validation_iid_001683_4aef758feb,40.13682242758162,0.1328899722864281,0.12506598349795572,0.012994830488439486,0.13806081398639522,0.08129766164052873
TARF-GDC_s1107,v023_validation_iid_001709_204b247300,42.45878831447159,0.46486112749166975,0.41276625941702993,0.022409111563941705,0.43517537098097164,0.2704696089280324
TARF-GDC_s1107,v023_validation_iid_001717_8508258ba6,27.880261595059228,0.227260936380256,0.20367573532995845,0.019553972129082525,0.22322970745904097,0.10837657821516776
TARF-GDC_s1107,v023_validation_iid_001732_fb8e6624a0,53.62484924408398,0.2550442335212956,0.2066587735461388,0.028556416683001216,0.23521519022914,0.05671116628907095
TARF-GDC_s1107,v023_validation_iid_001749_9a435d6701,24.234075338564033,0.7115222999943303,0.7114248625892998,0.0014981474806634429,0.7129230100699633,0.23453538656881778
TARF-GDC_s1107,v023_validation_iid_001753_67e7829fa3,77.57997852084769,0.32410251815255825,0.2947588339082196,0.029659985830647273,0.3244188197388669,0.0807515086122422
TARF-GDC_s1107,v023_validation_iid_001756_2680e87d41,50.87009855391498,0.19689339375655102,0.18013160199697115,0.017142452000317075,0.19727405399728823,0.0795734011952636
TARF-GDC_s1107,v023_validation_iid_001777_4890b23e9d,25.220971488961275,0.09080882985901188,0.0882793748278999,0.006137976839376016,0.09441735166727591,0.07678038056231515
TARF-GDC_s1107,v023_validation_iid_001781_13b615b552,98.60308774183027,0.35103760639941356,0.2771121780274153,0.04633452961705884,0.32344670764447414,0.07426597779344779
TARF-GDC_s1107,v023_validation_iid_001789_7fabda9fc2,123.44812135404538,0.254129056403015,0.1835172828903148,0.06677658257439469,0.2502938654647095,0.04812225810490362
TARF-GDC_s1107,v023_validation_iid_001790_7015e46e8b,77.73044044922707,0.25594841456326095,0.24689568993973066,0.015536116530940417,0.26243180647067105,0.08785632351733014
TARF-GDC_s1107,v023_validation_iid_001795_83f5602d1b,148.50013477597167,0.3078528591105726,0.2965356831840766,0.02752742752566759,0.3240631107097442,0.06709565663695861
TARF-GDC_s1107,v023_validation_iid_001797_46d3ebadbe,91.91587821778153,0.34189150058130724,0.27342712718992634,0.040396912417520414,0.31382403960744676,0.08771660064758485
TARF-GDC_s1107,v023_validation_iid_001800_277ad4acc3,43.41291750443045,0.2683268157442579,0.24155421789096665,0.024757094771446053,0.2663113126624127,0.0948308190502581
TARF-GDC_s1107,v023_validation_iid_001815_485b63e423,19.022123343216542,0.21753169593212635,0.20523775165774402,0.01382342668459892,0.21906117834234295,0.16817322980441937
TARF-GDC_s1107,v023_validation_iid_001820_46e8a9d8f9,32.55984850312471,0.6028001753639155,0.536232606693146,0.0297475656388636,0.5659801723320096,0.1570058787490314
TARF-GDC_s1107,v023_validation_iid_001826_706d993d00,29.56218829349429,0.28043772218456503,0.276728771566345,0.008732259479905021,0.28546103104625004,0.17090457754770613
TARF-GDC_s1107,v023_validation_iid_001828_8e7098242d,48.00892885719827,0.2352328659074347,0.23109322332005994,0.011474017294599905,0.24256724061465984,0.17205788969310148
TARF-GDC_s1107,v023_validation_iid_001829_5e0205e0d1,205.4223516836082,0.3261061971179544,0.2686966849188964,0.06843370930882112,0.3371303942277175,0.1454406818564325
TARF-GDC_s1107,v023_validation_iid_001830_cbf1aa7f9e,27.021214037922057,0.5274659670583421,0.4776597014788087,0.026283794362616106,0.5039434958414248,0.17332613423356125
TARF-GDC_s1107,v023_validation_iid_001854_2b4bd927e5,31.11397456181132,0.5459454634772427,0.5100385989959023,0.020980183999204944,0.5310187829951073,0.1677717848375759
TARF-GDC_s1107,v023_validation_iid_001858_d42cfd316c,144.7999401647699,0.30969819103960666,0.30879640577652406,0.006930290510726508,0.3157266962872506,0.07262738772940623
TARF-GDC_s1107,v023_validation_iid_001861_d0db81a36a,126.85964024019117,0.2758129862610213,0.2753280491752187,0.0059299670334001095,0.2812580162086188,0.05949862071481364
TARF-GDC_s1107,v023_validation_iid_001878_35ff4f395c,38.96595100208816,0.2314792145128675,0.19428301837520828,0.028811530519891698,0.22309454889509997,0.06839239390735291
TARF-GDC_s1107,v023_validation_iid_001881_defb784e80,73.50207571344482,0.315972658673413,0.27914624582704956,0.03016228473650523,0.3093085305635548,0.09649149014931056
TARF-GDC_s1107,v023_validation_iid_001883_b4900ffa27,13.931687084829672,0.2231011524176956,0.21095823097652172,0.008682195756612223,0.21964042673313394,0.13727833772720258
TARF-GDC_s1107,v023_validation_iid_001893_ed82b52573,111.67790902931685,0.21531766985424744,0.210465642718629,0.012743220714258988,0.22320886343288798,0.1253804261173894
TARF-GDC_s1107,v023_validation_iid_001902_3948d7efad,125.48709618995072,0.38408556805206523,0.31354405651440287,0.05259678303692254,0.3661408395513254,0.12438470867891213
TARF-GDC_s1107,v023_validation_iid_001908_972ada1ffc,91.05340126495474,0.22228039874899888,0.17696667728049215,0.049552904723057026,0.22651958200354916,0.038709761961666984
TARF-GDC_s1107,v023_validation_iid_001924_8d85a07c49,145.51088961298768,0.29803715625845745,0.2844444090620773,0.03168866852639148,0.31613307758846876,0.06630715407597605
TARF-GDC_s1107,v023_validation_iid_001933_77afdd7615,97.32137318898262,0.2217009544399489,0.20951349628296195,0.016671872804815052,0.226185369087777,0.07167893536252978
TARF-GDC_s1107,v023_validation_iid_001939_92f2aa4022,82.39835468946315,0.3480198643544044,0.31157129948427187,0.028870530847078593,0.34044183033135045,0.12344048739145005
TARF-GDC_s1107,v023_validation_iid_001957_4936f51b3c,61.3996790444669,0.15391163047516382,0.14330150849030251,0.021313615773332874,0.1646151242636354,0.08675249051002877
TARF-GDC_s1107,v023_validation_iid_001959_84a5b12666,193.20768111330844,0.39079235874328333,0.3264700291493698,0.07318039285803336,0.39965042200740314,0.20342084973453767
TARF-GDC_s1107,v023_validation_iid_001976_2716f50634,66.6584940808334,0.3387227318770015,0.2816985380511242,0.036799375568537254,0.31849791361966145,0.10002675959830225
TARF-GDC_s1107,v023_validation_iid_001989_aea7aaae00,121.48045177426648,0.44095119501944097,0.3626024445323576,0.06342502723612019,0.42602747176847783,0.06590268891707327
TARF-GDC_s1107,v023_validation_iid_002005_d52954cbd6,37.81214914437823,0.1354607441822691,0.13039021954338675,0.006887694319681217,0.13727791386306798,0.04233849144117044
TARF-GDC_s1107,v023_validation_iid_002006_421a893ff1,153.3900607027412,0.31670351525522555,0.2213637143924003,0.07711590328537861,0.2984796176777789,0.09642146143065536
TARF-GDC_s1107,v023_validation_iid_002017_1d5509e3f7,56.268078490448644,0.28225332946492426,0.2692574871348071,0.02332633277988936,0.2925838199146965,0.09460809940156374
TARF-GDC_s1107,v023_validation_iid_002030_9831b28a25,84.77239939997199,0.278392819452924,0.2691153571789564,0.017692138693025744,0.2868074958719822,0.06053389592654676
TARF-GDC_s1107,v023_validation_iid_002036_1e1b892489,28.91382731592593,0.4386946228730633,0.40104853659965983,0.018633963387636312,0.4196824999872961,0.14406659055258084
TARF-GDC_s1107,v023_validation_iid_002063_3a71022534,36.66719646607483,0.1645799249116977,0.13506418383722296,0.020770262624432035,0.155834446461655,0.06710836222948728
TARF-GDC_s1107,v023_validation_iid_002074_c64e5c576c,41.272651363140824,0.3200429996025219,0.3194635748149408,0.004583313816831774,0.32404688863177256,0.09473294968824741
TARF-GDC_s1107,v023_validation_iid_002091_8f94370ea0,164.1612894748716,0.21793473488385642,0.20988315679788655,0.025338296170606574,0.23522145296849312,0.047837010576177945
TARF-GDC_s1107,v023_validation_iid_002097_44b45f29ed,20.74937018255728,0.07904675099132216,0.07763799872039653,0.0032472390537514116,0.08088523777414794,0.057607625873815474
TARF-GDC_s1107,v023_validation_iid_002099_cee61209e9,101.01961202167823,0.21770491086364246,0.21639402229551022,0.009395167091538746,0.22578918938704898,0.04780952132525853
TARF-GDC_s1107,v023_validation_iid_002102_c361fa67b3,37.769202250378406,0.22002152691506796,0.14657754404405468,0.029942977644508616,0.1765205216885633,0.06578294128475308
TARF-GDC_s1107,v023_validation_iid_002105_6f3e5f128c,85.6735611479594,0.14227980834828566,0.13700542065804747,0.014213519456781122,0.1512189401148286,0.0784344322901644
TARF-GDC_s1107,v023_validation_iid_002113_fb2d041ee0,249.5778594677613,0.2825801416067421,0.24978243934207892,0.04556273911350044,0.29534517845557934,0.06785742888307723
TARF-GDC_s1107,v023_validation_iid_002122_56a79780f0,72.45903586751456,0.31389629954352,0.2700522198678744,0.031997861902575454,0.3020500817704499,0.1136444231681036
TARF-GDC_s1107,v023_validation_iid_002132_047051f58f,30.552247520723274,0.506305798594361,0.4337671234420907,0.026976711883310182,0.46074383532540086,0.18915450841673825
TARF-GDC_s1107,v023_validation_iid_002133_e58d9ea607,190.98208638159204,0.4411061314329022,0.28951454144774796,0.10196484439381898,0.39147938584156694,0.18443466161847047
TARF-GDC_s1107,v023_validation_iid_002150_e35a3d7c45,28.438157950850254,0.4240275066353677,0.3328068329988987,0.027222866263695692,0.36002969926259437,0.294699665454896
TARF-GDC_s1107,v023_validation_iid_002169_2a737ec345,91.6116422354638,0.3396939330650372,0.28100689475507307,0.0394716527914288,0.32047854754650185,0.07536471981599338
TARF-GDC_s1107,v023_validation_iid_002194_e3b2996e41,76.58693543928415,0.20436191605064172,0.18629093065672794,0.033072747898631544,0.2193636785553595,0.14088527589919467
TARF-GDC_s1107,v023_validation_iid_002201_da992c9d70,54.36740131311663,0.26078199491935666,0.22490506357040815,0.02933399283993632,0.2542390564103445,0.04489609312644927
TARF-GDC_s1107,v023_validation_iid_002213_8f617d0829,73.74620665454113,0.2306420476106287,0.22231476839251746,0.014702143696906776,0.23701691208942424,0.05928011198241649
TARF-GDC_s1107,v023_validation_iid_002224_c51f110ed6,46.03322766353277,0.5081905623919191,0.5048849793892396,0.011524461184907192,0.5164094405741468,0.2681084374176647
TARF-GDC_s1107,v023_validation_iid_002226_0648a00cf0,98.00272395747271,0.21344715753145183,0.18698680757213904,0.0352534190301792,0.22224022660231824,0.0945238570928394
TARF-GDC_s1107,v023_validation_iid_002228_b5dc23961a,119.83038934110567,0.2946144241647313,0.2396674688795799,0.05150940678941598,0.29117687566899586,0.05052158537443955
TARF-GDC_s1107,v023_validation_iid_002257_5808fee8fe,98.7302919560214,0.38662046161499625,0.382828123819789,0.013076862648353537,0.39590498646814254,0.07906988739949461
TARF-GDC_s1107,v023_validation_iid_002279_8d39d5a8a2,174.24684883691862,0.42532939397336683,0.32552332264178263,0.09402994651592617,0.4195532691577088,0.1961120968076702
TARF-GDC_s1107,v023_validation_iid_002286_71680df018,50.50721420179044,0.3047956856612386,0.2563346321126735,0.03543187969941959,0.29176651181209307,0.07279967634060672
TARF-GDC_s1107,v023_validation_iid_002312_7f68e7bc1e,75.14053643446155,0.3176306801547205,0.24380014967235755,0.04732921018402508,0.29112935985638266,0.07407940759836314
TARF-GDC_s1107,v023_validation_iid_002367_b310b98e97,92.06996620223157,0.34546608910597865,0.24187884998044304,0.046487832736691485,0.2883666827171345,0.08170120055192422
TARF-GDC_s1107,v023_validation_iid_002376_5bb82b32ff,195.814806424417,0.4120454678170035,0.36222122121541594,0.07191979584067691,0.43414101705609287,0.20290048763958163
TARF-GDC_s1107,v023_validation_iid_002388_f40c2f84a2,43.562928831461036,0.28058220930694555,0.2523249397768129,0.026424336940418947,0.2787492767172319,0.08533071040034845
TARF-GDC_s1107,v023_validation_iid_002408_c9afb24d73,167.50205929254355,0.1860586569713786,0.14608694980079037,0.043416575984382325,0.1895035257851727,0.04481304032884923
TARF-GDC_s1107,v023_validation_iid_002427_2a5026983e,32.25848553544709,0.30388065144918397,0.28819979564230486,0.013447017140026536,0.3016468127823314,0.1302683007182302
TARF-GDC_s1107,v023_validation_iid_002441_cca68f10d1,66.28450684425404,0.28543594793282634,0.27805554564851953,0.01353224137763353,0.29158778702615307,0.0819093827679896
TARF-GDC_s1107,v023_validation_iid_002451_c5ed312006,91.69051193784478,0.24315183723264977,0.22314420477570257,0.02347775984799002,0.2466219646236926,0.061311696207003274
TARF-GDC_s1108,v023_validation_iid_000001_1f77f185d2,140.39357576975925,0.35275067686426326,0.34270080851253715,0.022602403700068892,0.36530321221260603,0.05514224592256424
TARF-GDC_s1108,v023_validation_iid_000010_4165b45c34,92.6445256321816,0.2607980545915829,0.22147853657645353,0.04679376469979828,0.2682723012762518,0.061277547328078365
TARF-GDC_s1108,v023_validation_iid_000011_fb2c2ea247,39.76002409716269,0.11424750014299065,0.10985838152424503,0.008765197661002868,0.1186235791852479,0.07269594479340225
TARF-GDC_s1108,v023_validation_iid_000014_ea7806be94,56.6565796807269,0.28715494738466013,0.21049505963813506,0.03931636401075147,0.24981142364888653,0.07379862474729568
TARF-GDC_s1108,v023_validation_iid_000019_f282d5a722,31.365443795491803,0.23714902913653832,0.1436990927859674,0.031229701485059446,0.17492879427102684,0.062258137162279494
TARF-GDC_s1108,v023_validation_iid_000033_c7b569725d,46.08620614861052,0.2075387727852066,0.16606641466438277,0.026609482003914494,0.19267589666829726,0.05681212628938875
TARF-GDC_s1108,v023_validation_iid_000044_71f89a6957,38.668189923450505,0.5372870357953695,0.4403329724465442,0.034311251554078784,0.47464422400062295,0.449797505422559
TARF-GDC_s1108,v023_validation_iid_000048_e740a9c6dd,101.13152287122017,0.3637213578687619,0.2840382121011757,0.04565721524264789,0.32969542734382357,0.12619066646484306
TARF-GDC_s1108,v023_validation_iid_000051_d9509242d5,57.650459580112354,0.2862664993255583,0.2299622582191655,0.03434575191465662,0.2643080101338221,0.08383615363689523
TARF-GDC_s1108,v023_validation_iid_000058_3bd2cdd65c,49.90506651434391,0.17303317774125082,0.13256480050667696,0.022220279520246744,0.1547850800269237,0.04730588759453954
TARF-GDC_s1108,v023_validation_iid_000070_34f84d5f0a,86.11375455181536,0.10388132212142462,0.09974206560967626,0.011427700925708158,0.11116976653538442,0.07149542428498776
TARF-GDC_s1108,v023_validation_iid_000079_5e095c685b,426.5654407428848,0.5316831020439604,0.3999936963532364,0.1027014563006698,0.5026951526539062,0.040272793643410264
TARF-GDC_s1108,v023_validation_iid_000094_9735873545,15.877105707252651,0.4582691482589281,0.40954855532995366,0.018246799893640864,0.4277953552235945,0.26221534473157254
TARF-GDC_s1108,v023_validation_iid_000115_00de972314,44.83462223980463,0.39477134390355645,0.3492515003534851,0.036527493973875294,0.3857789943273604,0.15987692108635204
TARF-GDC_s1108,v023_validation_iid_000118_5f2dd18f7c,107.66591959397803,0.17913457927849816,0.17210061612705624,0.01851837903195407,0.19061899515901032,0.06682488899099144
TARF-GDC_s1108,v023_validation_iid_000132_75bcb1df73,73.19549726320614,0.24152807162426396,0.21230034146489163,0.04041091412978485,0.2527112555946765,0.1746996255164295
TARF-GDC_s1108,v023_validation_iid_000140_de1f8ff7c3,128.7732139997635,0.386126060439397,0.3036941145380585,0.06224082541119839,0.3659349399492569,0.08782724210084285
TARF-GDC_s1108,v023_validation_iid_000145_6a44137e7d,33.06604720129063,0.4368001489589285,0.3617004076628334,0.026383689270526003,0.3880840969333594,0.18423422421265426
TARF-GDC_s1108,v023_validation_iid_000182_e81e751497,93.92721496565122,0.2695771098040086,0.20082837373198284,0.05954948436071919,0.26037785809270203,0.06280144096796518
TARF-GDC_s1108,v023_validation_iid_000200_1840e37748,226.1732611533491,0.3056148749265045,0.2652353074778331,0.05645178675322547,0.32168709423105857,0.12748041778091054
TARF-GDC_s1108,v023_validation_iid_000203_b00b5267c4,18.37277542099245,0.3446012647238999,0.1965492462592774,0.026653566363423184,0.22320281262270059,0.1128352805756079
TARF-GDC_s1108,v023_validation_iid_000208_f77617b188,101.38530745301391,0.3825183042345563,0.34744051868396175,0.03871472722977757,0.38615524591373934,0.20132777037105112
TARF-GDC_s1108,v023_validation_iid_000279_9f28c90c00,88.34196867549288,0.31804162277820364,0.29213458405803333,0.029099332693829562,0.3212339167518629,0.06595795159957829
TARF-GDC_s1108,v023_validation_iid_000283_084f2e07a3,25.19639378941865,0.07949056976660569,0.07877885545452776,0.002247202179048655,0.08102605763357641,0.060057364655307637
TARF-GDC_s1108,v023_validation_iid_000284_7207955a74,36.50934181722808,0.20752830730894556,0.19363945570170485,0.016292350105055118,0.20993180580675996,0.1060480490815372
TARF-GDC_s1108,v023_validation_iid_000309_8b472acfc1,87.18108913780912,0.19750518909904377,0.19120487009616335,0.017369415598611503,0.20857428569477485,0.1449240804807088
TARF-GDC_s1108,v023_validation_iid_000405_16b7ac8cf5,44.328208954624166,0.27481812435057507,0.2405003626091808,0.03334233680537061,0.2738426994145514,0.08367172908339619
TARF-GDC_s1108,v023_validation_iid_000406_22b4cbcb04,55.88007394639686,0.19846164042365066,0.19709102656993513,0.006219716655876433,0.20331074322581155,0.06301292927029789
TARF-GDC_s1108,v023_validation_iid_000419_b85b330a88,139.85733945325438,0.2971565101834372,0.27396542899953646,0.043814811677822176,0.31778024067735866,0.07898085725632574
TARF-GDC_s1108,v023_validation_iid_000423_e037bd9b67,20.447669734648308,0.08384984566476887,0.08314840446160493,0.0023204195068377742,0.0854688239684427,0.05473851669886375
TARF-GDC_s1108,v023_validation_iid_000427_9707c07b4a,172.72166102600517,0.28088570681231895,0.2345420221123909,0.04178497931696389,0.2763270014293548,0.04023238073605008
TARF-GDC_s1108,v023_validation_iid_000442_ee6835e33d,28.47405979408328,0.125020530787892,0.12104646478506063,0.008458511711578595,0.12950497649663922,0.12313518757916338
TARF-GDC_s1108,v023_validation_iid_000446_6755efaa5c,141.3749428875523,0.24360992930060502,0.2264839689603955,0.0231430898566954,0.2496270588170909,0.05011525112170415
TARF-GDC_s1108,v023_validation_iid_000450_27c02340da,21.744575914008703,0.39892810716033944,0.36789226127835456,0.01873056290779845,0.386622824186153,0.1441325312686573
TARF-GDC_s1108,v023_validation_iid_000451_3d48c8a249,378.9865528348089,0.3844185976239466,0.2926268816246772,0.08858873993867797,0.3812156215633552,0.05547787143991078
TARF-GDC_s1108,v023_validation_iid_000455_93fd0d97dc,19.02488947832224,0.5391575100732792,0.4904719933508186,0.02093570925034638,0.511407702601165,0.31436860602178196
TARF-GDC_s1108,v023_validation_iid_000460_3fb1e2ffd2,46.82799579796129,0.293924192120755,0.2884746897799267,0.01230676610503118,0.30078145588495786,0.16371222867198099
TARF-GDC_s1108,v023_validation_iid_000487_d05e40465d,71.67306404341781,0.31161633725785903,0.29668209645640836,0.022529709535374424,0.3192118059917828,0.1562603764983124
TARF-GDC_s1108,v023_validation_iid_000491_6834b0a0fb,36.1646205006905,0.17107254178333592,0.16517642902700277,0.008651132088469047,0.17382756111547182,0.08930433012913946
TARF-GDC_s1108,v023_validation_iid_000506_5fa9667a27,49.065452598379395,0.26506641870521314,0.1930075913079499,0.037398158827733834,0.23040575013568373,0.05931675568312993
TARF-GDC_s1108,v023_validation_iid_000507_7539ae13a0,48.58348866482085,0.2395965586655668,0.2390410161604712,0.0030132971618900724,0.24205431332236127,0.1451674976290901
TARF-GDC_s1108,v023_validation_iid_000509_6c81ecd0ef,82.96933291517902,0.48276813236759475,0.48251566611818353,0.0035522089049124,0.48606787502309595,0.11711983655269077
TARF-GDC_s1108,v023_validation_iid_000522_d34239552a,52.95667867924075,0.2744803501888705,0.24469702388087328,0.025416009597019347,0.2701130334778926,0.06204067971039184
TARF-GDC_s1108,v023_validation_iid_000539_534acc73fc,75.67735372916763,0.31461065056936455,0.26121493515517447,0.03909837769138507,0.30031331284655954,0.08513039096965805
TARF-GDC_s1108,v023_validation_iid_000547_0541fc99a6,299.9389574078423,0.2746422596921088,0.2728510330333972,0.013513625240507395,0.2863646582739046,0.15637513186141933
TARF-GDC_s1108,v023_validation_iid_000565_06392fe377,106.86534229566976,0.372309399709977,0.29944543026615733,0.046389648099698096,0.3458350783658554,0.1055387748349323
TARF-GDC_s1108,v023_validation_iid_000567_911c9aa1d5,54.088819183605196,0.14459451438023183,0.14415655344346245,0.0028990409052277086,0.14705559434869017,0.03550769025397071
TARF-GDC_s1108,v023_validation_iid_000597_c35c5c3592,100.02045660167659,0.37489730538775495,0.31530128844484084,0.04525313281835336,0.3605544212631942,0.190225055818862
TARF-GDC_s1108,v023_validation_iid_000638_e94f0fea1e,77.82432177331314,0.31922374381091695,0.2235629764606173,0.049137064298175104,0.2727000407587924,0.13994648044068858
TARF-GDC_s1108,v023_validation_iid_000653_0d2b5410c7,39.85426728394084,0.2849292393810445,0.25975867500502847,0.022411465757151163,0.2821701407621796,0.08447640002623918
TARF-GDC_s1108,v023_validation_iid_000655_b1311ba687,50.42154239431207,0.31102665718925293,0.2253045316364863,0.03812090171642571,0.263425433352912,0.07363000059226174
TARF-GDC_s1108,v023_validation_iid_000668_be049a5dc0,23.36538815668223,0.1247107396377827,0.12257294446167936,0.005843252584511536,0.1284161970461909,0.08554298297072696
TARF-GDC_s1108,v023_validation_iid_000684_425d6fc5aa,56.72146854915542,0.17619344840854534,0.15291924353518305,0.03392349941703609,0.18684274295221914,0.1036066894621423
TARF-GDC_s1108,v023_validation_iid_000687_5ce3a49729,184.9572288450023,0.22562294551731113,0.22002960059114518,0.018066683329836675,0.23809628392098187,0.17430110015364625
TARF-GDC_s1108,v023_validation_iid_000706_787f38ecbf,90.981111492645,0.2510551891104296,0.215167842755598,0.04076171516057681,0.25592955791617483,0.09581806879508503
TARF-GDC_s1108,v023_validation_iid_000714_f9c1abaf4a,53.54307750161398,0.25632609971042786,0.21865552730542082,0.029502138206274085,0.2481576655116949,0.11985951172991978
TARF-GDC_s1108,v023_validation_iid_000732_61a68984bd,67.51962034361469,0.2443130331032982,0.23535152430350748,0.013933441032547797,0.24928496533605526,0.08573180873933625
TARF-GDC_s1108,v023_validation_iid_000737_d2eb689b28,49.83299893913566,0.3070519769613913,0.2668046737002497,0.02617455110983243,0.2929792248100821,0.26864548510530745
TARF-GDC_s1108,v023_validation_iid_000772_04c51fed39,34.28534381705713,0.18369826028974467,0.18118749873531065,0.00605779029357027,0.1872452890288809,0.10184483294810179
TARF-GDC_s1108,v023_validation_iid_000782_debfbcf3eb,87.18175492923409,0.2524172684929776,0.20716276831359712,0.04593376168388,0.2530965299974771,0.07680376663679497
TARF-GDC_s1108,v023_validation_iid_000800_72e34cb2d4,48.43059342810374,0.45973251790514774,0.4308263233103469,0.021001992610647106,0.45182831592099404,0.21377134082813185
TARF-GDC_s1108,v023_validation_iid_000802_5feed81428,62.44429709303073,0.17902604136710698,0.17857907564208322,0.0027883651993996766,0.1813674408414829,0.11608713124293346
TARF-GDC_s1108,v023_validation_iid_000826_6593d02fbe,11.835775646824771,0.2627328525545422,0.24989341680318808,0.009724214445656203,0.2596176312488443,0.11937391638888765
TARF-GDC_s1108,v023_validation_iid_000839_6eb51100d5,65.974543822129,0.5655796057276132,0.4725968426003475,0.04264828761709161,0.5152451302174391,0.17063939565026545
TARF-GDC_s1108,v023_validation_iid_000843_52ac30ba89,24.242532528414287,0.3186691541229382,0.3001861597470012,0.013095127744996876,0.3132812874919981,0.24346881518463745
TARF-GDC_s1108,v023_validation_iid_000889_b127aed843,56.768839788282605,0.29041818093986155,0.28545768575963715,0.011965757446887326,0.2974234432065245,0.18880063513303627
TARF-GDC_s1108,v023_validation_iid_000912_3c59a5c7e6,47.08282581902391,0.285222482998857,0.27421581675650053,0.01589878399621081,0.29011460075271134,0.07201081630950293
TARF-GDC_s1108,v023_validation_iid_000922_e952b4e12d,51.407801779335784,0.33541967907396436,0.3227082566083884,0.023701997444435127,0.34641025405282355,0.20297009491677742
TARF-GDC_s1108,v023_validation_iid_000952_e2157d7a26,47.44116492087623,0.24843465179452065,0.1259520364274056,0.03759925726455007,0.16355129369195567,0.07574531333955216
TARF-GDC_s1108,v023_validation_iid_000960_e75b514594,17.456201996328673,0.2668990330705084,0.18942836703533317,0.018494381329439785,0.20792274836477295,0.10082067817272841
TARF-GDC_s1108,v023_validation_iid_000965_e8bb8373a7,50.31984529351085,0.24041835323789554,0.22121847880567364,0.018950965753387235,0.24016944455906086,0.06594223273781172
TARF-GDC_s1108,v023_validation_iid_000977_f41d84bc1b,45.87007133851687,0.22219199742894746,0.21347070302996435,0.012111268307193074,0.22558197133715743,0.07713963381525261
TARF-GDC_s1108,v023_validation_iid_001023_5c3dc691cc,154.58985395962463,0.1665855644978906,0.16414501544667096,0.01105944661467592,0.17520446206134688,0.1374848669372284
TARF-GDC_s1108,v023_validation_iid_001024_c6ff8c5a86,103.3612014414435,0.21771693401654435,0.2163003568098345,0.009444910556226116,0.22574526736606063,0.04165367971198418
TARF-GDC_s1108,v023_validation_iid_001034_62728bc710,60.84756348543063,0.3213383132043504,0.25981594194958446,0.039074689382105975,0.2988906313316904,0.07695848006626842
TARF-GDC_s1108,v023_validation_iid_001056_afd37f7504,42.467066941442894,0.21082105648357555,0.18518214956040083,0.023468061591645197,0.20865021115204602,0.06929526853253559
TARF-GDC_s1108,v023_validation_iid_001059_68f399ad71,76.9086758622638,0.2963213361596304,0.2617383494628458,0.028730320790279484,0.2904686702531253,0.06505369512132134
TARF-GDC_s1108,v023_validation_iid_001074_e32181a201,128.00402271888794,0.2706320129867561,0.24661739130170834,0.026006116110395675,0.272623507412104,0.06209304693607129
TARF-GDC_s1108,v023_validation_iid_001085_658d1208e9,66.57903789357995,0.3294315310246281,0.32583809519449153,0.009679701583135724,0.3355177967776273,0.21261185120114584
TARF-GDC_s1108,v023_validation_iid_001092_0be5e16b4d,64.77113344081175,0.3348997363176755,0.2047247195557021,0.049720923973397654,0.25444564352909976,0.1618493621051387
TARF-GDC_s1108,v023_validation_iid_001095_a77f326f56,42.57160996640495,0.19138853605885336,0.18190417931380745,0.014039114331544204,0.19594329364535165,0.07446843432410458
TARF-GDC_s1108,v023_validation_iid_001106_5a21d431e0,55.1234881663437,0.32432855651407966,0.3220555066515302,0.007537785950921042,0.32959329260245124,0.12808599917669414
TARF-GDC_s1108,v023_validation_iid_001108_01bc96df0b,65.25180402047891,0.2593780085757853,0.21144530438884016,0.03476868656927252,0.24621399095811267,0.16341493136268762
TARF-GDC_s1108,v023_validation_iid_001110_ab08e62622,69.40137033026892,0.2934237070586281,0.2729455951035163,0.024957152716859034,0.29790274782037535,0.10328239659792979
TARF-GDC_s1108,v023_validation_iid_001113_22c0350d45,41.09014494867388,0.2664613223321709,0.22086942853211636,0.025419288688368832,0.24628871722048518,0.06968265308069803
TARF-GDC_s1108,v023_validation_iid_001115_0e9d555775,77.477616318061,0.23283427498713966,0.2271635244768176,0.013808754593309585,0.24097227907012717,0.04824099785896244
TARF-GDC_s1108,v023_validation_iid_001118_3b2ad14e21,89.30965692855185,0.3013367618915876,0.2690168900046944,0.030109581588063018,0.29912647159275746,0.07142138172999708
TARF-GDC_s1108,v023_validation_iid_001134_d8defdf98b,18.733147093667792,0.16168644421273878,0.1585701664093903,0.0063330792683591,0.16490324567774942,0.08062899869073399
TARF-GDC_s1108,v023_validation_iid_001143_cc64f3ccc6,58.80465101940937,0.18833679734048936,0.18654281328039116,0.007342734539391057,0.1938855478197822,0.05019377150243318
TARF-GDC_s1108,v023_validation_iid_001145_ce5e9aeed3,68.6810589893816,0.19119039875212887,0.1902070306188291,0.0054712087934290846,0.19567823941225818,0.06585783775991987
TARF-GDC_s1108,v023_validation_iid_001152_7f1063bbc6,112.65571486617289,0.2849832538150379,0.255759626704842,0.04341583664005676,0.29917546334489875,0.07153527692922576
TARF-GDC_s1108,v023_validation_iid_001172_20a3ab781e,42.78245569374642,0.2864415060795429,0.2712666379699864,0.018995904726715432,0.2902625426967018,0.14048880335387176
TARF-GDC_s1108,v023_validation_iid_001175_a75a848771,38.25257633258247,0.30602984632302,0.3014972706756158,0.00947225159504067,0.3109695222706565,0.09988153418344543
TARF-GDC_s1108,v023_validation_iid_001177_b44b6f946f,46.61502840072033,0.21368693048315837,0.19809455020581523,0.018825404315675916,0.21691995452149115,0.07320494233027469
TARF-GDC_s1108,v023_validation_iid_001180_631f813f31,45.1036038725156,0.2630005463382584,0.23412776951836387,0.026277784140605717,0.26040555365896956,0.07621351840336571
TARF-GDC_s1108,v023_validation_iid_001209_e89232c271,53.37423804086241,0.30033175569093873,0.276887431398572,0.02216558770048274,0.29905301909905474,0.08718556191024007
TARF-GDC_s1108,v023_validation_iid_001213_3757e973fb,100.9985902235052,0.3136755504669002,0.3033471457001519,0.02075155852888951,0.3240987042290414,0.0706042431388188
TARF-GDC_s1108,v023_validation_iid_001216_0f91985e53,74.70967576772199,0.2270242334934405,0.212712528219812,0.017008146576635335,0.22972067479644734,0.049847240979912784
TARF-GDC_s1108,v023_validation_iid_001248_fe5cedd48a,44.126469296633715,0.17343255971620522,0.17273630451380412,0.003826416757968079,0.1765627212717722,0.07176335612354869
TARF-GDC_s1108,v023_validation_iid_001252_5b3833df3c,26.49588952747312,0.43458352494617875,0.36589622098564323,0.02471401005950375,0.39061023104514697,0.5407953044774942
TARF-GDC_s1108,v023_validation_iid_001262_d0c96428de,55.30283648749477,0.30919819484368505,0.305003702787818,0.011500078073821538,0.31650378086163955,0.12745336731368195
TARF-GDC_s1108,v023_validation_iid_001283_2f009af3b3,50.81699204015112,0.31053125699663836,0.2928628111923164,0.021238396745085427,0.3141012079374018,0.07387432808215018
TARF-GDC_s1108,v023_validation_iid_001284_34866fe82c,40.67813381087771,0.14241061381920778,0.13350853616550398,0.01226148105780073,0.1457700172233047,0.05847948155790183
TARF-GDC_s1108,v023_validation_iid_001288_7c427445f8,41.813181857692996,0.30631692048211207,0.2727604721351787,0.018480898935888352,0.291241371071067,0.17590728645504622
TARF-GDC_s1108,v023_validation_iid_001302_f0948edf79,215.54774590994072,0.3162393631787546,0.31575769022917155,0.005950202811596108,0.32170789304076763,0.04142780840633603
TARF-GDC_s1108,v023_validation_iid_001316_36b97c23a4,111.9676635160814,0.2105724246326875,0.20878350312498634,0.010550696595704862,0.2193341997206912,0.1312356662890786
TARF-GDC_s1108,v023_validation_iid_001339_a24d8bcb72,46.82371557131164,0.26293465573630265,0.23544685427654444,0.03356503038606076,0.26901188466260517,0.31979000901719135
TARF-GDC_s1108,v023_validation_iid_001357_d4c5a1f89f,64.6024371655014,0.34825707826839014,0.22957437667843256,0.04866902027730162,0.2782433969557342,0.15550863910039067
TARF-GDC_s1108,v023_validation_iid_001384_15083e2183,40.8849884981061,0.27335462681873623,0.2521344589995583,0.01850235379857495,0.27063681279813323,0.08492109497064647
TARF-GDC_s1108,v023_validation_iid_001409_78c7dec716,232.33181605406804,0.28915558027637467,0.22910342179262042,0.06876532765747552,0.29786874945009595,0.09807133363419315
TARF-GDC_s1108,v023_validation_iid_001415_f463c7597e,71.34184882707004,0.2684253609362589,0.2175259804548747,0.0337185304529985,0.2512445109078732,0.06288454287701194
TARF-GDC_s1108,v023_validation_iid_001422_6762dc3aa7,52.34201548588288,0.3005076100876359,0.2920627841433434,0.016403298911113695,0.3084660830544571,0.1834131775375644
TARF-GDC_s1108,v023_validation_iid_001426_4e8eb0ecc7,104.97389966858157,0.3058984335783888,0.2809364526585592,0.023901929809554242,0.30483838246811346,0.06397433756270932
TARF-GDC_s1108,v023_validation_iid_001437_aef4e30c7a,44.84046173456957,0.2987907469767682,0.29539798726338296,0.009054210451781364,0.3044521977151643,0.07916914110809439
TARF-GDC_s1108,v023_validation_iid_001444_8c8cecd3fd,98.74096836440282,0.33988289234421026,0.24367528692829216,0.046237086781595486,0.28991237370988765,0.09273163909615773
TARF-GDC_s1108,v023_validation_iid_001446_dda935bc03,44.20346985789914,0.35609732373894587,0.30764906948482934,0.03737273265923525,0.3450218021440646,0.15377519694948596
TARF-GDC_s1108,v023_validation_iid_001463_a1d1a635db,55.576317153109,0.3252726499838107,0.27404729341312123,0.03640475371183085,0.31045204712495206,0.0575309378550681
TARF-GDC_s1108,v023_validation_iid_001484_1f01fb6983,61.30824970887187,0.20672986913919802,0.12443083157042441,0.03676088675517505,0.16119171832559945,0.042897617054901346
TARF-GDC_s1108,v023_validation_iid_001487_d7365b251e,66.43832912952115,0.1370714116502363,0.12972709793892456,0.015327098229145745,0.1450541961680703,0.04384526918075866
TARF-GDC_s1108,v023_validation_iid_001497_591529d1c9,47.20869652889965,0.23690776098040578,0.22379474380532394,0.01576017525522579,0.23955491906054974,0.07968297721778556
TARF-GDC_s1108,v023_validation_iid_001502_5255167dac,13.128423243314627,0.26070454866934134,0.2173545851689461,0.013121818782656579,0.23047640395160268,0.1172510636987082
TARF-GDC_s1108,v023_validation_iid_001506_6a06a73483,44.90593428390215,0.18159792460250498,0.14515289014119617,0.024067947795961754,0.16922083793715792,0.053285099748699105
TARF-GDC_s1108,v023_validation_iid_001517_4cf46854b3,76.1478630294331,0.279445215679843,0.2595029613392785,0.022659331345466875,0.2821622926847454,0.05246800225271617
TARF-GDC_s1108,v023_validation_iid_001544_11e61f52d6,22.43115480327276,0.11194435760489096,0.10881823515720757,0.0055042060891496445,0.11432244124635721,0.04100512436115742
TARF-GDC_s1108,v023_validation_iid_001555_d08c3c237c,36.5687302203427,0.16232333564901175,0.1567385789811176,0.010165018000220002,0.1669035969813376,0.08143469317895877
TARF-GDC_s1108,v023_validation_iid_001572_d7d6aa2d98,45.06885882089071,0.1401804154233405,0.13654422794011992,0.007634131285390626,0.14417835922551053,0.05323269753904082
TARF-GDC_s1108,v023_validation_iid_001576_10d5844be2,38.12944658589259,0.2536331770506177,0.25213952598096995,0.006606966398475663,0.25874649237944564,0.06758393017886244
TARF-GDC_s1108,v023_validation_iid_001644_9794ba8ee8,35.4323963646758,0.43863545091870454,0.3320708448917922,0.02863902718906523,0.3607098720808575,0.14596475789539057
TARF-GDC_s1108,v023_validation_iid_001653_b050350929,50.90609169012889,0.29530742531241916,0.27688631877633196,0.02251864218763546,0.2994049609639674,0.0858089057656029
TARF-GDC_s1108,v023_validation_iid_001683_4aef758feb,43.00549369996379,0.13944611057636352,0.13844446350495393,0.004825896461792222,0.14327035996674614,0.11470402746711555
TARF-GDC_s1108,v023_validation_iid_001709_204b247300,55.14512856962548,0.5348625018555019,0.4503530372825854,0.03024059873092004,0.48059363601350547,0.29639567435820036
TARF-GDC_s1108,v023_validation_iid_001717_8508258ba6,30.53805163349955,0.25550630927882423,0.22907982287213055,0.021948947369879675,0.2510287702420102,0.07437529196370198
TARF-GDC_s1108,v023_validation_iid_001732_fb8e6624a0,51.03457890755111,0.2527651896586614,0.2187571186274853,0.024194000496373505,0.2429511191238588,0.05844174232267778
TARF-GDC_s1108,v023_validation_iid_001749_9a435d6701,23.63267792440085,0.6876481410057335,0.6875636739345643,0.0013712790528005875,0.6889349529873648,0.26800859143106565
TARF-GDC_s1108,v023_validation_iid_001753_67e7829fa3,94.22441326488351,0.3398441066110771,0.2916547282857734,0.03839516486141415,0.3300498931471875,0.11692269479381855
TARF-GDC_s1108,v023_validation_iid_001756_2680e87d41,47.526644861598584,0.18761938057682023,0.16268484446952142,0.020153485726734668,0.1828383301962561,0.05308439245725816
TARF-GDC_s1108,v023_validation_iid_001777_4890b23e9d,36.959497853987486,0.11886824877461803,0.1165746916149659,0.006701559733857427,0.12327625134882333,0.10936975975237528
TARF-GDC_s1108,v023_validation_iid_001781_13b615b552,76.24423932597243,0.3060152472579641,0.24694233485559666,0.03886123094084411,0.2858035657964408,0.06881150203619486
TARF-GDC_s1108,v023_validation_iid_001789_7fabda9fc2,127.2104976674164,0.2510317829565068,0.18032471645509998,0.06633970903747495,0.24666442549257495,0.06090189882371829
TARF-GDC_s1108,v023_validation_iid_001790_7015e46e8b,75.53362306948507,0.26334328024751685,0.25862675129102375,0.011425367310170036,0.27005211860119377,0.08963256912591035
TARF-GDC_s1108,v023_validation_iid_001795_83f5602d1b,130.5589343025653,0.2556477834621411,0.23519486491908578,0.03334899755729702,0.2685438624763828,0.12386001876359586
TARF-GDC_s1108,v023_validation_iid_001797_46d3ebadbe,85.78767513998392,0.3362396142756749,0.26764338281606687,0.04005828140953497,0.30770166422560186,0.19199477221613662
TARF-GDC_s1108,v023_validation_iid_001800_277ad4acc3,46.77102886026198,0.2820783874157906,0.23964903056597875,0.03152629362151037,0.27117532418748913,0.09565272174294032
TARF-GDC_s1108,v023_validation_iid_001815_485b63e423,27.773582704865053,0.3130550520443377,0.30320730976918936,0.014937208917412423,0.31814451868660176,0.24280847681065873
TARF-GDC_s1108,v023_validation_iid_001820_46e8a9d8f9,28.66762868923376,0.5709646486717682,0.48053650144426285,0.033312358279349856,0.5138488597236127,0.1938930586398489
TARF-GDC_s1108,v023_validation_iid_001826_706d993d00,24.851584531809433,0.22601945138361804,0.2248129317298246,0.004480306814228919,0.22929323854405353,0.19093993998886516
TARF-GDC_s1108,v023_validation_iid_001828_8e7098242d,49.751868592514114,0.23676739183564802,0.232202389468692,0.012083186639493643,0.24428557610818566,0.24155767013867105
TARF-GDC_s1108,v023_validation_iid_001829_5e0205e0d1,187.1009977968577,0.2948438077583068,0.23678554474418834,0.06506210573785955,0.30184765048204787,0.09607007692608832
TARF-GDC_s1108,v023_validation_iid_001830_cbf1aa7f9e,33.38566457145866,0.5611799273838074,0.4404887421919616,0.0408438219452986,0.4813325641372602,0.33909152086480165
TARF-GDC_s1108,v023_validation_iid_001854_2b4bd927e5,27.685998332121414,0.5151925445659905,0.4490468772439249,0.02720990921865933,0.47625678646258424,0.20057670833758975
TARF-GDC_s1108,v023_validation_iid_001858_d42cfd316c,144.36491118472836,0.30623768975448945,0.3050029994964996,0.008061522257729057,0.31306452175422866,0.08270280961217931
TARF-GDC_s1108,v023_validation_iid_001861_d0db81a36a,87.69154609181646,0.1884640899863227,0.18735491344933858,0.007405730629740378,0.19476064407907895,0.05762664389293302
TARF-GDC_s1108,v023_validation_iid_001878_35ff4f395c,49.14725765117717,0.24080260828360558,0.21918822078820793,0.022828798026120416,0.24201701881432836,0.12532761327769096
TARF-GDC_s1108,v023_validation_iid_001881_defb784e80,81.62596521686172,0.3625083586463448,0.32621149950815914,0.03221359024697932,0.3584250897551385,0.09881423227419962
TARF-GDC_s1108,v023_validation_iid_001883_b4900ffa27,16.379621755339567,0.2559413508409765,0.23538020038451915,0.012019755352644618,0.24739995573716378,0.13827991479678572
TARF-GDC_s1108,v023_validation_iid_001893_ed82b52573,136.8220893524492,0.27989721067282325,0.2783202658969703,0.008318274224085626,0.28663854012105594,0.1260988607227936
TARF-GDC_s1108,v023_validation_iid_001902_3948d7efad,110.0860569895636,0.3688117600876363,0.2961868362160594,0.05210477847245376,0.34829161468851316,0.10852518386827432
TARF-GDC_s1108,v023_validation_iid_001908_972ada1ffc,79.51989429437278,0.19509405048983539,0.15320792239570669,0.04449861103737471,0.1977065334330814,0.05125370563019514
TARF-GDC_s1108,v023_validation_iid_001924_8d85a07c49,134.274842700572,0.2592220524632874,0.24336626766373368,0.03179117708384231,0.275157444747576,0.10757901388482867
TARF-GDC_s1108,v023_validation_iid_001933_77afdd7615,55.71136559377521,0.13811343325159592,0.1346529496350623,0.007065533946033714,0.141718483581096,0.06651565574641047
TARF-GDC_s1108,v023_validation_iid_001939_92f2aa4022,66.10702915995611,0.29672614872021724,0.2797523665596849,0.018418659258257582,0.29817102581794247,0.12419781258363387
TARF-GDC_s1108,v023_validation_iid_001957_4936f51b3c,51.96280236189244,0.1339976348008688,0.12545064760720304,0.01787289352800664,0.14332354113520968,0.07524112191048593
TARF-GDC_s1108,v023_validation_iid_001959_84a5b12666,189.11509069356498,0.39400114695486066,0.33097588629481034,0.07282732451624026,0.4038032108110506,0.33116020160784354
TARF-GDC_s1108,v023_validation_iid_001976_2716f50634,63.79492634081522,0.3151780868757765,0.2627470066598396,0.03405632171327213,0.2968033283731117,0.20237844212912165
TARF-GDC_s1108,v023_validation_iid_001989_aea7aaae00,100.08972190143122,0.3875491781307266,0.3066369022445975,0.05990765883500812,0.36654456107960565,0.041876109259424185
TARF-GDC_s1108,v023_validation_iid_002005_d52954cbd6,58.490865340585664,0.2092682876525932,0.19677090727750962,0.013363547744072649,0.21013445502158226,0.053334519640489346
TARF-GDC_s1108,v023_validation_iid_002006_421a893ff1,142.022845155043,0.3002881250840419,0.2142500242476216,0.07163789469933105,0.28588791894695265,0.094811425914357
TARF-GDC_s1108,v023_validation_iid_002017_1d5509e3f7,58.58419983111689,0.2854815753480902,0.26939791629059967,0.02602898657584305,0.29542690286644274,0.09105631526146357
TARF-GDC_s1108,v023_validation_iid_002030_9831b28a25,99.94432587113171,0.3059294569238996,0.29887044480892133,0.01621999026027902,0.31509043506920037,0.08455395413931976
TARF-GDC_s1108,v023_validation_iid_002036_1e1b892489,27.030045571146616,0.4175179955023223,0.3727821195118533,0.019705891142303703,0.392488010654157,0.15231378508141963
TARF-GDC_s1108,v023_validation_iid_002063_3a71022534,46.39470676086631,0.2188823235726366,0.14159577084458083,0.03686398815445311,0.17845975899903394,0.06340451462633315
TARF-GDC_s1108,v023_validation_iid_002074_c64e5c576c,33.74854772778548,0.2712571151383287,0.27108455345226207,0.002303388671078471,0.27338794212334055,0.13602217945981204
TARF-GDC_s1108,v023_validation_iid_002091_8f94370ea0,245.79570800485027,0.22852469147221147,0.2088173635839124,0.04008038862566768,0.24889775220958008,0.12590036253987882
TARF-GDC_s1108,v023_validation_iid_002097_44b45f29ed,35.480531873668525,0.1492176322640086,0.14879378919903008,0.0024564197361952,0.15125020893522528,0.038514802241137555
TARF-GDC_s1108,v023_validation_iid_002099_cee61209e9,166.63369973451535,0.27778382242570315,0.2769974177950375,0.008226750845320582,0.2852241686403581,0.0953896327781146
TARF-GDC_s1108,v023_validation_iid_002102_c361fa67b3,37.36898499304323,0.2071597746625827,0.1272197629133575,0.029834793297096016,0.1570545562104535,0.12069533767557743
TARF-GDC_s1108,v023_validation_iid_002105_6f3e5f128c,110.51367085121908,0.17200779555482282,0.16302587325748705,0.020315171530038388,0.18334104478752544,0.06443027041806328
TARF-GDC_s1108,v023_validation_iid_002113_fb2d041ee0,114.68018194299619,0.14292232862600124,0.14145297691461275,0.00704844274436304,0.1485014196589758,0.0746330931208042
TARF-GDC_s1108,v023_validation_iid_002122_56a79780f0,79.51082776515344,0.3621845039392433,0.3291236881526188,0.030232389781845767,0.35935607793446456,0.09798715554426426
TARF-GDC_s1108,v023_validation_iid_002132_047051f58f,38.02918524806002,0.570912222604401,0.4231811735764565,0.0395886555674316,0.4627698291438881,0.2959808374312841
TARF-GDC_s1108,v023_validation_iid_002133_e58d9ea607,144.1283185290488,0.3605837304717504,0.2651001615043175,0.07488744603852561,0.3399876075428431,0.08288437228076348
TARF-GDC_s1108,v023_validation_iid_002150_e35a3d7c45,26.03822741146169,0.42189734698999215,0.3467232952811815,0.02490447963661,0.37162777491779153,0.49830608151248523
TARF-GDC_s1108,v023_validation_iid_002169_2a737ec345,100.32464688460445,0.3687235655179642,0.29394531250759603,0.04603715125875484,0.3399824637663509,0.14511103921808846
TARF-GDC_s1108,v023_validation_iid_002194_e3b2996e41,125.2227634213871,0.3070044694596463,0.2934033771394916,0.03557082518168301,0.32897420232117464,0.19414233125289201
TARF-GDC_s1108,v023_validation_iid_002201_da992c9d70,58.65202059505816,0.27057224402572033,0.19459907653048028,0.041775461977791785,0.23637453850827206,0.04758285636209236
TARF-GDC_s1108,v023_validation_iid_002213_8f617d0829,69.93390694743191,0.20803500642620912,0.19857028617956374,0.014850473118728242,0.213420759298292,0.045492866244055664
TARF-GDC_s1108,v023_validation_iid_002224_c51f110ed6,34.90453938672421,0.3868559293053417,0.3781280051259602,0.0162726139199884,0.3944006190459486,0.29113003530214526
TARF-GDC_s1108,v023_validation_iid_002226_0648a00cf0,74.16317960409071,0.17334304971030864,0.16350298362774737,0.01971753969178822,0.1832205233195356,0.05437371068779354
TARF-GDC_s1108,v023_validation_iid_002228_b5dc23961a,115.87840356937073,0.2681419811901658,0.20124572924847278,0.05327162670267632,0.2545173559511491,0.049550537448602903
TARF-GDC_s1108,v023_validation_iid_002257_5808fee8fe,94.22545840733333,0.36124689112128705,0.3577698227330849,0.012104207538319894,0.36987403027140475,0.08372157166291305
TARF-GDC_s1108,v023_validation_iid_002279_8d39d5a8a2,135.00805568361827,0.3455374973318593,0.30041090422744854,0.05864480154342151,0.35905570577087004,0.08217571173852692
TARF-GDC_s1108,v023_validation_iid_002286_71680df018,62.34037586434934,0.3512477459134964,0.28012098882694475,0.04553262283173614,0.3256536116586809,0.11866953857530087
TARF-GDC_s1108,v023_validation_iid_002312_7f68e7bc1e,71.67326183188916,0.3084344684406543,0.24692128146967346,0.04296685720224298,0.28988813867191643,0.14488133774704345
TARF-GDC_s1108,v023_validation_iid_002367_b310b98e97,91.49096167959452,0.35305619181285197,0.25345762101187896,0.046321921359895164,0.2997795423717741,0.18545261658982615
TARF-GDC_s1108,v023_validation_iid_002376_5bb82b32ff,196.14576870030663,0.4188551095972566,0.3735286004184448,0.06939488218926945,0.4429234826077143,0.3181443216145859
TARF-GDC_s1108,v023_validation_iid_002388_f40c2f84a2,44.73275916604044,0.2859772262815266,0.2555902060093069,0.027623767508357128,0.283213973517664,0.08111756931097898
TARF-GDC_s1108,v023_validation_iid_002408_c9afb24d73,276.45587380437394,0.2224638411890353,0.21305505933070798,0.02412043682608114,0.23717549615678912,0.19479774211851505
TARF-GDC_s1108,v023_validation_iid_002427_2a5026983e,34.94103670963586,0.2905111957207967,0.25250727414552143,0.02004805410237701,0.27255532824789847,0.14847443531810886
TARF-GDC_s1108,v023_validation_iid_002441_cca68f10d1,74.35447106086957,0.29775541334188366,0.27855215029600255,0.02207499996121016,0.3006271502572127,0.07097659059175011
TARF-GDC_s1108,v023_validation_iid_002451_c5ed312006,41.446035927455945,0.12468501474217261,0.11947655709165297,0.008668045168649193,0.12814460226030217,0.06057404810848767
TARF-GDC_s1109,v023_validation_iid_000001_1f77f185d2,145.12936054567305,0.3655582882521185,0.3509548169662524,0.027655476218340885,0.37861029318459327,0.05881937115693324
TARF-GDC_s1109,v023_validation_iid_000010_4165b45c34,88.77538915131868,0.24615690551170413,0.2117988320622721,0.042624791452661175,0.25442362351493325,0.0634666303216876
TARF-GDC_s1109,v023_validation_iid_000011_fb2c2ea247,34.61123033608359,0.10102347566954463,0.09788406044126662,0.006983874506438218,0.10486793494770483,0.05383729674008947
TARF-GDC_s1109,v023_validation_iid_000014_ea7806be94,70.58148328976992,0.3394856593615453,0.24420252868790635,0.04747069914780669,0.29167322783571303,0.07165296595856901
TARF-GDC_s1109,v023_validation_iid_000019_f282d5a722,26.470729664791836,0.19367001582264073,0.12421240160367829,0.024597767552987256,0.14881016915666553,0.08275615177942418
TARF-GDC_s1109,v023_validation_iid_000033_c7b569725d,49.08939129767964,0.2238033268646876,0.1966391838821055,0.02284559257005341,0.21948477645215891,0.0572708730745051
TARF-GDC_s1109,v023_validation_iid_000044_71f89a6957,39.971071882781445,0.5654954073730234,0.49014241531632396,0.031432305262713726,0.5215747205790376,0.39268115729035247
TARF-GDC_s1109,v023_validation_iid_000048_e740a9c6dd,113.502516507038,0.39476657249429487,0.29590222731295673,0.05251382554719402,0.34841605286015076,0.07986548208128436
TARF-GDC_s1109,v023_validation_iid_000051_d9509242d5,51.84043659864887,0.25820232023688433,0.22407057023095533,0.025846876956356464,0.2499174471873118,0.06119105790236689
TARF-GDC_s1109,v023_validation_iid_000058_3bd2cdd65c,55.25933274623469,0.1949249781860365,0.12284039574102572,0.030240626223167595,0.15308102196419332,0.058369315880933303
TARF-GDC_s1109,v023_validation_iid_000070_34f84d5f0a,109.89488150194491,0.14911935353510658,0.14217665407300223,0.017701713822247646,0.15987836789524987,0.07095055072842266
TARF-GDC_s1109,v023_validation_iid_000079_5e095c685b,412.6799741595727,0.5257706814862427,0.3938089484387518,0.10213796937820821,0.49594691781696,0.04207157788466209
TARF-GDC_s1109,v023_validation_iid_000094_9735873545,14.299434849667643,0.3944336856498335,0.3376178584962032,0.018097443037983846,0.355715301534187,0.2289236634648429
TARF-GDC_s1109,v023_validation_iid_000115_00de972314,54.51373383251365,0.44670337716806574,0.407128042944301,0.03648587148919608,0.44361391443349707,0.1625727735196675
TARF-GDC_s1109,v023_validation_iid_000118_5f2dd18f7c,85.83115111350867,0.17119593120332738,0.16934236378070858,0.00936032834222986,0.17870269212293843,0.04598209661550124
TARF-GDC_s1109,v023_validation_iid_000132_75bcb1df73,62.713283077084625,0.20549533165552003,0.2012700307393813,0.01454641899282853,0.21581644973220981,0.14985265292689065
TARF-GDC_s1109,v023_validation_iid_000140_de1f8ff7c3,55.41713216680674,0.18467702266818128,0.1661998610275373,0.021016221117448372,0.1872160821449857,0.0669355904488856
TARF-GDC_s1109,v023_validation_iid_000145_6a44137e7d,33.01882462182556,0.46527294497424426,0.42297797298989465,0.020883046514644635,0.44386101950453927,0.15493424431110545
TARF-GDC_s1109,v023_validation_iid_000182_e81e751497,93.30005949073058,0.2634887514742474,0.20297890857934126,0.055633130925532445,0.2586120395048737,0.06294368670769239
TARF-GDC_s1109,v023_validation_iid_000200_1840e37748,288.2160642797602,0.34417467508151534,0.2627245671456338,0.08266847357841214,0.345393040724046,0.1358994491184985
TARF-GDC_s1109,v023_validation_iid_000203_b00b5267c4,17.05185488596822,0.2981380357993706,0.2466975413471098,0.015764327094607494,0.2624618684417173,0.08809536166934542
TARF-GDC_s1109,v023_validation_iid_000208_f77617b188,87.20401983625659,0.35030230968885656,0.32057661534075166,0.03416640967577114,0.3547430250165228,0.0760678114557547
TARF-GDC_s1109,v023_validation_iid_000279_9f28c90c00,110.41415620529976,0.3501188958240725,0.2867314998952551,0.04650129101485804,0.33323279091011315,0.058281340562836806
TARF-GDC_s1109,v023_validation_iid_000283_084f2e07a3,30.47329683047176,0.09498683615673682,0.09228265200501737,0.00476477534063926,0.09704742734565663,0.06677578603622282
TARF-GDC_s1109,v023_validation_iid_000284_7207955a74,41.05781600700932,0.22604251647812618,0.20875881124336795,0.01892124608424429,0.22768005732761223,0.12336943055675867
TARF-GDC_s1109,v023_validation_iid_000309_8b472acfc1,99.04891586001459,0.22009850423255736,0.2001152554125116,0.03216319839103488,0.23227845380354648,0.1322529224911617
TARF-GDC_s1109,v023_validation_iid_000405_16b7ac8cf5,43.47960912109049,0.25938628052747437,0.2501737435544827,0.017179328521876362,0.26735307207635906,0.10561157166821472
TARF-GDC_s1109,v023_validation_iid_000406_22b4cbcb04,65.83586837674181,0.22595826284165357,0.22341307894612025,0.00903349610888375,0.232446575055004,0.09356881218236561
TARF-GDC_s1109,v023_validation_iid_000419_b85b330a88,145.92508555455703,0.3222376070987144,0.29465862740184545,0.049658113535019206,0.34431674093686465,0.08315406658568344
TARF-GDC_s1109,v023_validation_iid_000423_e037bd9b67,30.338797143568662,0.11319190713964618,0.11247096466128884,0.0027346092211807515,0.11520557388246959,0.1528590784116864
TARF-GDC_s1109,v023_validation_iid_000427_9707c07b4a,87.75530754809716,0.16342504969399801,0.15228903096854832,0.01603071797508295,0.16831974894363128,0.06241998496185518
TARF-GDC_s1109,v023_validation_iid_000442_ee6835e33d,39.13413317402325,0.1648987401441521,0.15748162538629823,0.013226700652903673,0.1707083260392019,0.10239265408039949
TARF-GDC_s1109,v023_validation_iid_000446_6755efaa5c,185.65495499190772,0.3006974603139764,0.27620744901265676,0.030658307627201835,0.3068657566398586,0.05549330560318929
TARF-GDC_s1109,v023_validation_iid_000450_27c02340da,17.535477410174675,0.3276106035681543,0.31829114709035994,0.009420582375265696,0.32771172946562566,0.14142372387684274
TARF-GDC_s1109,v023_validation_iid_000451_3d48c8a249,402.1643107539885,0.3993236198586858,0.3020374283572584,0.09282485535673674,0.3948622837139951,0.08031981860068324
TARF-GDC_s1109,v023_validation_iid_000455_93fd0d97dc,15.094284171955337,0.4291126774963308,0.3850503908818344,0.017710624868739273,0.40276101575057366,0.2098377543338329
TARF-GDC_s1109,v023_validation_iid_000460_3fb1e2ffd2,42.75505853319878,0.29478216098479737,0.29146857681821875,0.00962930919118992,0.3010978860094087,0.08991726026928044
TARF-GDC_s1109,v023_validation_iid_000487_d05e40465d,75.77164250449357,0.3033054161849794,0.29170063971815635,0.019641956792068104,0.31134259651022445,0.2326835563175315
TARF-GDC_s1109,v023_validation_iid_000491_6834b0a0fb,52.163033632875724,0.2672176776595273,0.26092918653020114,0.011197218424897421,0.27212640495509854,0.08956433152471273
TARF-GDC_s1109,v023_validation_iid_000506_5fa9667a27,43.31239368840079,0.23753613580948738,0.1848641272077572,0.030703712683185943,0.21556783989094314,0.05535676163400079
TARF-GDC_s1109,v023_validation_iid_000507_7539ae13a0,57.72848113283334,0.23174204906934337,0.231340593350239,0.0025195791014043516,0.23386017245164334,0.14380450145245416
TARF-GDC_s1109,v023_validation_iid_000509_6c81ecd0ef,96.52930311470678,0.560243988983517,0.5600918007669154,0.002984716527128119,0.5630765172940436,0.11035326072450177
TARF-GDC_s1109,v023_validation_iid_000522_d34239552a,64.64390298645124,0.31752829635949464,0.2946324970458456,0.024197753395628133,0.31883025044147373,0.06393884604401269
TARF-GDC_s1109,v023_validation_iid_000539_534acc73fc,88.00538867267156,0.33859184805689707,0.27247997305790655,0.044817289281689744,0.3172972623395963,0.07639136716980535
TARF-GDC_s1109,v023_validation_iid_000547_0541fc99a6,245.0611012196946,0.20446319281916156,0.20088349161795774,0.016437807815156857,0.2173212994331146,0.0363968206896739
TARF-GDC_s1109,v023_validation_iid_000565_06392fe377,76.35401617269281,0.31340418565522027,0.2622219039535147,0.035990642176101866,0.29821254612961656,0.07128206394624331
TARF-GDC_s1109,v023_validation_iid_000567_911c9aa1d5,73.38110464076132,0.17662900614137866,0.17628576624072836,0.0028373222144885864,0.17912308845521696,0.07415155208572714
TARF-GDC_s1109,v023_validation_iid_000597_c35c5c3592,87.49588580848474,0.33033853514516026,0.273423946464518,0.041361635579770115,0.31478558204428814,0.1037337250784916
TARF-GDC_s1109,v023_validation_iid_000638_e94f0fea1e,77.66672018178507,0.32483581315343746,0.23844247719943287,0.04756960525810762,0.2860120824575405,0.08647919937814222
TARF-GDC_s1109,v023_validation_iid_000653_0d2b5410c7,45.53624825868751,0.302658763811442,0.262957462268909,0.028682088042920488,0.2916395503118295,0.1034684143147555
TARF-GDC_s1109,v023_validation_iid_000655_b1311ba687,53.47988455786405,0.3340671645598182,0.25537954620546066,0.03828915465881033,0.293668700864271,0.06926013156710313
TARF-GDC_s1109,v023_validation_iid_000668_be049a5dc0,25.916265111527032,0.14174819574932843,0.13731554907659127,0.008938345725483554,0.14625389480207482,0.10658766333513066
TARF-GDC_s1109,v023_validation_iid_000684_425d6fc5aa,89.3006537071778,0.260910826442944,0.21614233148076092,0.05664486406396598,0.2727871955447269,0.16201037167662563
TARF-GDC_s1109,v023_validation_iid_000687_5ce3a49729,117.51918913360575,0.20821045887489176,0.20018234093124115,0.02072002837459439,0.22090236930583554,0.0830956030265308
TARF-GDC_s1109,v023_validation_iid_000706_787f38ecbf,103.32505202326124,0.2560943230460062,0.20959082723756894,0.046373816156846104,0.25596464339441505,0.23131457294893218
TARF-GDC_s1109,v023_validation_iid_000714_f9c1abaf4a,48.89645021737328,0.2512920254094728,0.23480558538240154,0.019744354629891284,0.2545499400122928,0.08302344421101118
TARF-GDC_s1109,v023_validation_iid_000732_61a68984bd,55.66604771740866,0.20701100367478734,0.2014857864044032,0.010096433889009068,0.21158222029341228,0.07071955785043758
TARF-GDC_s1109,v023_validation_iid_000737_d2eb689b28,33.061237550155894,0.2328946768477217,0.2069366175993612,0.01840299036302661,0.2253396079623878,0.09167615952216034
TARF-GDC_s1109,v023_validation_iid_000772_04c51fed39,43.043251177757,0.23016044061682842,0.22536839669067146,0.009350856147582942,0.2347192528382544,0.15242664131781183
TARF-GDC_s1109,v023_validation_iid_000782_debfbcf3eb,86.79453740420851,0.24031070949752192,0.21200207337298374,0.03604139049181787,0.2480434638648016,0.15085602444005888
TARF-GDC_s1109,v023_validation_iid_000800_72e34cb2d4,56.01170711710171,0.5102559462609901,0.466768771708043,0.026981562868960033,0.493750334577003,0.21914743309695456
TARF-GDC_s1109,v023_validation_iid_000802_5feed81428,49.097747523796585,0.1771666998635595,0.175772927752571,0.004891665793117677,0.18066459354568867,0.08416154393275956
TARF-GDC_s1109,v023_validation_iid_000826_6593d02fbe,12.059133358323445,0.250349386867373,0.23923195305241166,0.00884302309847866,0.2480749761508903,0.1508478514695313
TARF-GDC_s1109,v023_validation_iid_000839_6eb51100d5,64.8143399975003,0.5492364155392927,0.4693507134966219,0.03915600798585252,0.5085067214824744,0.17131464201007882
TARF-GDC_s1109,v023_validation_iid_000843_52ac30ba89,22.746166523104783,0.286052805251383,0.2634442085741557,0.01364735482074174,0.27709156339489743,0.24403200887851142
TARF-GDC_s1109,v023_validation_iid_000889_b127aed843,42.55177316481281,0.25707056797468597,0.25489061131506047,0.00747920926587424,0.2623698205809347,0.21969239918234956
TARF-GDC_s1109,v023_validation_iid_000912_3c59a5c7e6,52.09031731937991,0.31831396290326436,0.30449946916093773,0.018793357853681324,0.32329282701461903,0.06373115197489591
TARF-GDC_s1109,v023_validation_iid_000922_e952b4e12d,39.00967297656458,0.2649098137045063,0.25361428873488806,0.019832177093722217,0.27344646582861026,0.14744038879502977
TARF-GDC_s1109,v023_validation_iid_000952_e2157d7a26,39.374021634007185,0.1935475695353057,0.14153227593389292,0.023180444705023298,0.16471272063891623,0.058892502765902244
TARF-GDC_s1109,v023_validation_iid_000960_e75b514594,19.604140144485434,0.2856824693653856,0.23714235948320367,0.01566977171517787,0.25281213119838153,0.09637310104429805
TARF-GDC_s1109,v023_validation_iid_000965_e8bb8373a7,50.99986137283561,0.24287786036748332,0.22936073274302832,0.016082652224033062,0.2454433849670614,0.06209303117267295
TARF-GDC_s1109,v023_validation_iid_000977_f41d84bc1b,39.90589614713733,0.19672703894909874,0.17902638704057453,0.016023967950378068,0.19505035499095258,0.09687551976095597
TARF-GDC_s1109,v023_validation_iid_001023_5c3dc691cc,156.73810422331792,0.1625404646007226,0.16026678228270644,0.010546029458655628,0.17081281174136206,0.18101013145246078
TARF-GDC_s1109,v023_validation_iid_001024_c6ff8c5a86,81.43501762214453,0.16976680129589625,0.16803288889977444,0.009218651728145602,0.17725154062792003,0.045613842037335796
TARF-GDC_s1109,v023_validation_iid_001034_62728bc710,60.170969219535344,0.2973759980811847,0.2612755211770109,0.029346821716271912,0.2906223428932828,0.08455955390026519
TARF-GDC_s1109,v023_validation_iid_001056_afd37f7504,39.57154001370107,0.18549984615365342,0.15742557751916064,0.022852382475591456,0.1802779599947521,0.06697809198418979
TARF-GDC_s1109,v023_validation_iid_001059_68f399ad71,85.86833634412255,0.323706805161542,0.28754511939196714,0.030747042990529733,0.31829216238249686,0.06998024425825038
TARF-GDC_s1109,v023_validation_iid_001074_e32181a201,110.67544489335603,0.25015301056132283,0.23854994701766202,0.017570998511469645,0.25612094552913167,0.06536628469306006
TARF-GDC_s1109,v023_validation_iid_001085_658d1208e9,38.90356213686861,0.23559841531412373,0.2277447985976454,0.0120332588078431,0.2397780574054885,0.2513546363859279
TARF-GDC_s1109,v023_validation_iid_001092_0be5e16b4d,56.11033870617085,0.31686589528462344,0.21728998316414963,0.04326542161815589,0.26055540478230554,0.07222802420117878
TARF-GDC_s1109,v023_validation_iid_001095_a77f326f56,44.91446385071121,0.21749349969029375,0.21441615411611606,0.008601924031095214,0.22301807814721128,0.08896944625949862
TARF-GDC_s1109,v023_validation_iid_001106_5a21d431e0,54.49823795817463,0.32568621949250853,0.3251171666193506,0.0037843841199713298,0.3289015507393219,0.13093895532833938
TARF-GDC_s1109,v023_validation_iid_001108_01bc96df0b,69.7063901009709,0.2833489495453702,0.2177208760938993,0.041969838007082504,0.2596907141009818,0.08959608234993462
TARF-GDC_s1109,v023_validation_iid_001110_ab08e62622,64.80710200224331,0.2901933360441645,0.2663883363870923,0.02667457971289112,0.2930629160999834,0.08932788472533115
TARF-GDC_s1109,v023_validation_iid_001113_22c0350d45,46.144994395968695,0.28443763326108024,0.2282295367338417,0.028948400807881917,0.25717793754172363,0.07643265243208082
TARF-GDC_s1109,v023_validation_iid_001115_0e9d555775,102.89162599637442,0.31957920944129625,0.3187003294631859,0.006405390870129591,0.3251057203333155,0.09002950780954305
TARF-GDC_s1109,v023_validation_iid_001118_3b2ad14e21,122.45144576614008,0.35798372062549516,0.2840293201477467,0.04832265478703628,0.33235197493478297,0.06092854307151487
TARF-GDC_s1109,v023_validation_iid_001134_d8defdf98b,22.739794159111703,0.17739677719498176,0.1738630806195,0.007062796248606664,0.18092587686810668,0.09891095038621409
TARF-GDC_s1109,v023_validation_iid_001143_cc64f3ccc6,52.94841000324159,0.16032195037833963,0.15826778041580689,0.007243303804788461,0.16551108422059535,0.06427933984843989
TARF-GDC_s1109,v023_validation_iid_001145_ce5e9aeed3,73.49043874624829,0.21043101929831134,0.20913912631134293,0.006577364383270205,0.21571649069461313,0.0890548555988467
TARF-GDC_s1109,v023_validation_iid_001152_7f1063bbc6,123.22938419953923,0.3116712849454628,0.2673246733461108,0.05534170310803919,0.32266637645415003,0.07736664201320578
TARF-GDC_s1109,v023_validation_iid_001172_20a3ab781e,37.8541800971483,0.27822309143641416,0.26702051068513744,0.016137949705550342,0.28315846039068776,0.1360918891281072
TARF-GDC_s1109,v023_validation_iid_001175_a75a848771,40.02246338351885,0.28621152286023854,0.2791492977488022,0.011405950786685328,0.29055524853548753,0.14360525799775684
TARF-GDC_s1109,v023_validation_iid_001177_b44b6f946f,47.96922594599327,0.22155901305869435,0.2116708988430531,0.015377140446585235,0.22704803928963832,0.09956929713871002
TARF-GDC_s1109,v023_validation_iid_001180_631f813f31,45.58717355090266,0.2596515741278104,0.2303714008617778,0.026272720304299946,0.2566441211660777,0.07900147962104923
TARF-GDC_s1109,v023_validation_iid_001209_e89232c271,76.56104875637855,0.39779267017105074,0.3598867528394541,0.03229135456153249,0.3921781074009866,0.07558806297435833
TARF-GDC_s1109,v023_validation_iid_001213_3757e973fb,88.09301542033889,0.30082639482244117,0.29357118715019337,0.017070611683697345,0.3106417988338907,0.06812281458147076
TARF-GDC_s1109,v023_validation_iid_001216_0f91985e53,87.71659730106933,0.23791372042582543,0.22836510367439333,0.01430566294932455,0.2426707666237179,0.04545242404287874
TARF-GDC_s1109,v023_validation_iid_001248_fe5cedd48a,51.01923872445245,0.18726975279199,0.18623367216074266,0.004848292056960509,0.19108196421770315,0.051040107530891665
TARF-GDC_s1109,v023_validation_iid_001252_5b3833df3c,27.961343384359736,0.4384625350763894,0.36783755971316023,0.02515111483286629,0.39298867454602654,0.1637909737919683
TARF-GDC_s1109,v023_validation_iid_001262_d0c96428de,48.31971228593607,0.2550556890160426,0.24305638592273424,0.017516489388407854,0.2605728753111421,0.12881432938416112
TARF-GDC_s1109,v023_validation_iid_001283_2f009af3b3,47.13273629086564,0.28386464455185795,0.25145141132278676,0.027094231128593965,0.2785456424513807,0.0983377290060838
TARF-GDC_s1109,v023_validation_iid_001284_34866fe82c,40.58434107912317,0.14987423302503985,0.14548663357266356,0.008906278762808983,0.15439291233547253,0.10927563037296797
TARF-GDC_s1109,v023_validation_iid_001288_7c427445f8,43.162368739912786,0.32639898863090056,0.30421260010696577,0.015681625335837533,0.3198942254428033,0.17659564583465973
TARF-GDC_s1109,v023_validation_iid_001302_f0948edf79,195.83611545898077,0.27740612121364155,0.2759795015734278,0.009582220241960928,0.28556172181538875,0.04516359779790533
TARF-GDC_s1109,v023_validation_iid_001316_36b97c23a4,70.06117061610797,0.15040804185167075,0.14861851426862258,0.008910830370019676,0.15752934463864227,0.06903248491695664
TARF-GDC_s1109,v023_validation_iid_001339_a24d8bcb72,66.57864960114568,0.34642893593502977,0.31026521563575227,0.04419307347692224,0.3544582891126745,0.32614395992104445
TARF-GDC_s1109,v023_validation_iid_001357_d4c5a1f89f,64.13219152207043,0.3267475785945304,0.23565807270048994,0.04206467222989118,0.2777227449303811,0.0863662349645992
TARF-GDC_s1109,v023_validation_iid_001384_15083e2183,36.718812364542664,0.24877299815519835,0.22754656894036437,0.0176180563991741,0.24516462533953848,0.06846920311309765
TARF-GDC_s1109,v023_validation_iid_001409_78c7dec716,283.0799276773413,0.3274438517758355,0.26793570479118234,0.07336973510319532,0.34130543989437767,0.14246713766379218
TARF-GDC_s1109,v023_validation_iid_001415_f463c7597e,83.51548666810513,0.3003443904424397,0.25494116406508405,0.03404221351198092,0.28898337757706494,0.09534439141769233
TARF-GDC_s1109,v023_validation_iid_001422_6762dc3aa7,58.25636518077029,0.3252990700416255,0.3191750149612595,0.014567604632094487,0.333742619593354,0.22587035572873435
TARF-GDC_s1109,v023_validation_iid_001426_4e8eb0ecc7,129.7120517627209,0.3666406355779492,0.3281268099993438,0.0323045385108504,0.3604313485101942,0.045479980718776326
TARF-GDC_s1109,v023_validation_iid_001437_aef4e30c7a,42.1959176867209,0.28726565642676627,0.28337406679888266,0.00950262467995604,0.2928766914788387,0.06786786402065022
TARF-GDC_s1109,v023_validation_iid_001444_8c8cecd3fd,85.57507879390872,0.3271312723012685,0.2566965982580882,0.039571240957212955,0.2962678392153012,0.07286022173553458
TARF-GDC_s1109,v023_validation_iid_001446_dda935bc03,51.70771322826463,0.3809889245300904,0.3453841785893633,0.03351571768679087,0.37889989627615417,0.14158865824252542
TARF-GDC_s1109,v023_validation_iid_001463_a1d1a635db,53.36324371636121,0.29805692301801323,0.22821047058141294,0.039834593939426406,0.26804506452083937,0.056175601461849016
TARF-GDC_s1109,v023_validation_iid_001484_1f01fb6983,65.96082459526174,0.21706809068626495,0.15322071068501275,0.03423821234746221,0.18745892303247497,0.044058117742173046
TARF-GDC_s1109,v023_validation_iid_001487_d7365b251e,104.69211607691771,0.19408397792024437,0.19302360576922828,0.007015160759712312,0.2000387665289406,0.0532258115560183
TARF-GDC_s1109,v023_validation_iid_001497_591529d1c9,40.82751074690995,0.21473742192052842,0.20966405305929015,0.00940907434090463,0.21907312740019477,0.05284135324574965
TARF-GDC_s1109,v023_validation_iid_001502_5255167dac,13.138230565325498,0.25239495336512596,0.19732957817568217,0.014344000989157134,0.2116735791648393,0.11891953559073976
TARF-GDC_s1109,v023_validation_iid_001506_6a06a73483,54.843608543511536,0.20163960093443453,0.15980633776108785,0.027120273175947555,0.18692661093703541,0.10747106784469983
TARF-GDC_s1109,v023_validation_iid_001517_4cf46854b3,84.64632834489612,0.3142122743866872,0.29387757074043874,0.024304659714040694,0.31818223045447946,0.08469175493359787
TARF-GDC_s1109,v023_validation_iid_001544_11e61f52d6,42.15476473811347,0.1817966020856507,0.17386100406330948,0.011131016632800398,0.18499202069610987,0.18270604546952848
TARF-GDC_s1109,v023_validation_iid_001555_d08c3c237c,53.351892130093,0.21603327774030642,0.2027352062694694,0.01797007406682964,0.22070528033629905,0.08945168335586141
TARF-GDC_s1109,v023_validation_iid_001572_d7d6aa2d98,47.1310885453933,0.17458588784166618,0.1646701805116925,0.013958483405127719,0.17862866391682022,0.051957881448397476
TARF-GDC_s1109,v023_validation_iid_001576_10d5844be2,49.66927443718973,0.30363745803633635,0.29678060651481725,0.01542371797727705,0.3122043244920943,0.09632971860095946
TARF-GDC_s1109,v023_validation_iid_001644_9794ba8ee8,35.19357527206241,0.43817484303666665,0.3543801785106122,0.02575316917898137,0.38013334768959356,0.134631714162299
TARF-GDC_s1109,v023_validation_iid_001653_b050350929,52.8289070711438,0.2790603697585726,0.25148089782463956,0.026531473721801743,0.2780123715464413,0.08359516562644141
TARF-GDC_s1109,v023_validation_iid_001683_4aef758feb,60.621914529530585,0.19820256243934106,0.18897342693893016,0.017290933828450483,0.20626436076738064,0.17602936715714848
TARF-GDC_s1109,v023_validation_iid_001709_204b247300,48.61123912098876,0.4992466877300109,0.4360356461840185,0.02548237618290762,0.46151802236692613,0.27194149498588044
TARF-GDC_s1109,v023_validation_iid_001717_8508258ba6,28.005266837615665,0.2201198874714469,0.20199809523459278,0.01696397138789429,0.21896206662248707,0.09591814136707573
TARF-GDC_s1109,v023_validation_iid_001732_fb8e6624a0,56.450242185750525,0.272370365586585,0.23782691411599813,0.02536399341479016,0.2631909075307883,0.06243503613315491
TARF-GDC_s1109,v023_validation_iid_001749_9a435d6701,23.022173580299736,0.6775605818216877,0.6774164855606047,0.0017778276453970388,0.6791943132060018,0.23443479583749452
TARF-GDC_s1109,v023_validation_iid_001753_67e7829fa3,83.6421478008678,0.34299969563750293,0.3014414038835502,0.03601934075634841,0.3374607446398986,0.0707133048700325
TARF-GDC_s1109,v023_validation_iid_001756_2680e87d41,54.13022410579032,0.20434471264371704,0.17351583315353197,0.02327401500471203,0.19678984815824402,0.07295153968193117
TARF-GDC_s1109,v023_validation_iid_001777_4890b23e9d,41.83298695770152,0.1304770732565764,0.12963519647716043,0.004267592639400913,0.13390278911656134,0.07438252486841024
TARF-GDC_s1109,v023_validation_iid_001781_13b615b552,88.95884415325321,0.33466839599832954,0.2584749816765111,0.04571035563081655,0.30418533730732766,0.08053762304097833
TARF-GDC_s1109,v023_validation_iid_001789_7fabda9fc2,119.41636099247242,0.2541505422160956,0.17132111838510605,0.07131019415597974,0.24263131254108578,0.06719994144129457
TARF-GDC_s1109,v023_validation_iid_001790_7015e46e8b,82.84664292358006,0.2764180844060303,0.26284015978963354,0.01970385609994147,0.282544015889575,0.08811857414596133
TARF-GDC_s1109,v023_validation_iid_001795_83f5602d1b,130.44337151811283,0.2526454739137533,0.2341389120313532,0.03159115739596895,0.26573006942732214,0.07067291275607308
TARF-GDC_s1109,v023_validation_iid_001797_46d3ebadbe,89.7318243746765,0.345155670290221,0.28716743516537946,0.037688226284073874,0.3248556614494533,0.06939937451649544
TARF-GDC_s1109,v023_validation_iid_001800_277ad4acc3,45.87256762152344,0.2673380909187251,0.21942102599847307,0.03236080675319851,0.2517818327516716,0.09007529112059043
TARF-GDC_s1109,v023_validation_iid_001815_485b63e423,25.054191779641844,0.268631804382572,0.2641347629459281,0.009385344589023107,0.2735201075349512,0.19956194673565605
TARF-GDC_s1109,v023_validation_iid_001820_46e8a9d8f9,32.41403979348123,0.5521459314015461,0.43426255829050103,0.03683845609710501,0.47110101438760604,0.15143025632795445
TARF-GDC_s1109,v023_validation_iid_001826_706d993d00,31.617489719161192,0.2876693167862762,0.2761995633621078,0.015447694890668435,0.29164725825277626,0.15658899585779287
TARF-GDC_s1109,v023_validation_iid_001828_8e7098242d,44.03655631039414,0.205960025295572,0.1993736137914168,0.013493248637795023,0.21286686242921182,0.1812829680542473
TARF-GDC_s1109,v023_validation_iid_001829_5e0205e0d1,279.75995786346596,0.3964601443244533,0.34223797179491616,0.07411627315247721,0.41635424494739337,0.1312916113522138
TARF-GDC_s1109,v023_validation_iid_001830_cbf1aa7f9e,27.697109755938957,0.5018848748084999,0.4432517127508799,0.027653597304856597,0.4709053100557365,0.18210869405156885
TARF-GDC_s1109,v023_validation_iid_001854_2b4bd927e5,31.17045098023369,0.5128709675998253,0.4341433971905573,0.029418755829682335,0.4635621530202396,0.16427764024163619
TARF-GDC_s1109,v023_validation_iid_001858_d42cfd316c,157.28528347492374,0.33418117941032666,0.33080141481531167,0.01391170254941573,0.3447131173647274,0.0763268158090376
TARF-GDC_s1109,v023_validation_iid_001861_d0db81a36a,92.74863992578098,0.19987346506863424,0.19842730509790626,0.008705464465934759,0.20713276956384102,0.06423067783461456
TARF-GDC_s1109,v023_validation_iid_001878_35ff4f395c,43.71741623731223,0.22141569845020798,0.2095607353906604,0.016365121280589662,0.22592585667125006,0.0698594963974573
TARF-GDC_s1109,v023_validation_iid_001881_defb784e80,84.62419552891853,0.3424461654347469,0.2941136691147926,0.03573725511296989,0.32985092422776247,0.10604228427068443
TARF-GDC_s1109,v023_validation_iid_001883_b4900ffa27,19.690733110319353,0.28922651233448443,0.25040416754478584,0.017309101165237213,0.26771326871002304,0.11041383026852547
TARF-GDC_s1109,v023_validation_iid_001893_ed82b52573,140.91675495548083,0.2333094478941275,0.2143397927606758,0.02583580037911009,0.2401755931397859,0.11747113572444812
TARF-GDC_s1109,v023_validation_iid_001902_3948d7efad,108.15720034670565,0.35207810095899106,0.28323874014442374,0.049583587163555806,0.33282232730797956,0.08215968786208291
TARF-GDC_s1109,v023_validation_iid_001908_972ada1ffc,96.89524979750112,0.22128012580068374,0.17184667570350695,0.05135824412791346,0.2232049198314204,0.08886364271828101
TARF-GDC_s1109,v023_validation_iid_001924_8d85a07c49,137.48003197060152,0.25965818757371917,0.2428312672817455,0.03274702757146327,0.2755782948532088,0.07227188714315096
TARF-GDC_s1109,v023_validation_iid_001933_77afdd7615,70.85941447253633,0.171869018953752,0.16106482045521606,0.013792926219433963,0.17485774667465,0.08434665986233719
TARF-GDC_s1109,v023_validation_iid_001939_92f2aa4022,64.00958077692997,0.28248939159437686,0.2592877122430215,0.02087599442801879,0.2801637066710403,0.12643364984181443
TARF-GDC_s1109,v023_validation_iid_001957_4936f51b3c,83.19625684270048,0.22105670933838714,0.1947738916886787,0.03967867174199476,0.23445256343067347,0.0854166281015187
TARF-GDC_s1109,v023_validation_iid_001959_84a5b12666,183.29136924159098,0.34692827318008634,0.2667185288518792,0.07558695146014596,0.3423054803120251,0.2703040316613669
TARF-GDC_s1109,v023_validation_iid_001976_2716f50634,52.504205420140615,0.2877766801694533,0.2537707427047588,0.026549976861853893,0.2803207195666127,0.07492118761852327
TARF-GDC_s1109,v023_validation_iid_001989_aea7aaae00,119.9429038913663,0.4287356357072422,0.3554047225277866,0.06061465516171632,0.4160193776895029,0.06981012888280491
TARF-GDC_s1109,v023_validation_iid_002005_d52954cbd6,62.90103361003041,0.22218521192222732,0.2109673026227008,0.013076896261274628,0.22404419888397542,0.046339444953982546
TARF-GDC_s1109,v023_validation_iid_002006_421a893ff1,135.9140982684367,0.30327180203063925,0.24575199137953602,0.0605053177575688,0.3062573091371048,0.09040817643988747
TARF-GDC_s1109,v023_validation_iid_002017_1d5509e3f7,56.22799548561689,0.2903933644452266,0.27965630121993956,0.021556024631098215,0.3012123258510378,0.08327322341069408
TARF-GDC_s1109,v023_validation_iid_002030_9831b28a25,89.55323392503102,0.29953169231631394,0.2926297804549023,0.015870023080550442,0.30849980353545275,0.06709505210386287
TARF-GDC_s1109,v023_validation_iid_002036_1e1b892489,33.51894971997641,0.45648775831400734,0.4122487501543181,0.020545599172478175,0.4327943493267963,0.13923922846135278
TARF-GDC_s1109,v023_validation_iid_002063_3a71022534,43.68081033819196,0.19884674044986833,0.12831469766096984,0.03354943336387211,0.16186413102484196,0.05942906556732505
TARF-GDC_s1109,v023_validation_iid_002074_c64e5c576c,48.77995637733446,0.29591431234814275,0.2954348910822103,0.004009029089409053,0.29944392017161936,0.23327645452547416
TARF-GDC_s1109,v023_validation_iid_002091_8f94370ea0,125.19184335901164,0.15910358261043764,0.1333724147848438,0.037452627919572,0.17082504270441579,0.05133324156329681
TARF-GDC_s1109,v023_validation_iid_002097_44b45f29ed,24.734905157703636,0.09667598418980462,0.09618985929406056,0.0021163387056520387,0.09830619799971259,0.0698877193062449
TARF-GDC_s1109,v023_validation_iid_002099_cee61209e9,112.4622553249643,0.24198640130217952,0.2413620052794166,0.0068423894234420765,0.24820439470285866,0.05030001661574528
TARF-GDC_s1109,v023_validation_iid_002102_c361fa67b3,40.85799879095322,0.22529997148185282,0.14014282144513227,0.03219151069524127,0.17233433214037353,0.10447837970332734
TARF-GDC_s1109,v023_validation_iid_002105_6f3e5f128c,88.38392819312607,0.13924523714397222,0.13365714081087848,0.014461962209379611,0.1481191030202581,0.07573080109700445
TARF-GDC_s1109,v023_validation_iid_002113_fb2d041ee0,190.5785283908407,0.23687703594092313,0.20862619896479134,0.03868347181821838,0.24730967078300972,0.02819313360223859
TARF-GDC_s1109,v023_validation_iid_002122_56a79780f0,80.26644694323733,0.3331421788704904,0.28781285309801774,0.03355042198942362,0.32136327508744134,0.1194001354235706
TARF-GDC_s1109,v023_validation_iid_002132_047051f58f,31.03059914862956,0.4985124360086652,0.4171125222845141,0.028202890325146713,0.44531541260966084,0.1907267162640592
TARF-GDC_s1109,v023_validation_iid_002133_e58d9ea607,184.98082549621793,0.4298532836020442,0.30298539126519736,0.09342156459912053,0.3964069558643179,0.08826461917806672
TARF-GDC_s1109,v023_validation_iid_002150_e35a3d7c45,27.018073294080075,0.42553907268359037,0.3342151198854881,0.027290764928604046,0.3615058848140921,0.1266893322035646
TARF-GDC_s1109,v023_validation_iid_002169_2a737ec345,115.67829268010017,0.39912767674595745,0.32794366247219425,0.04704924794198746,0.3749929104141817,0.0811074558772161
TARF-GDC_s1109,v023_validation_iid_002194_e3b2996e41,80.7056073986662,0.21304646300677363,0.19057563593052507,0.037487015292113166,0.22806265122263825,0.14566805032957705
TARF-GDC_s1109,v023_validation_iid_002201_da992c9d70,57.579573445341595,0.276517464393213,0.23657469363945768,0.031812807525171787,0.26838750116462945,0.04313203300877896
TARF-GDC_s1109,v023_validation_iid_002213_8f617d0829,91.12713225510325,0.29045373105492867,0.28742869997242554,0.010009101757293859,0.2974378017297194,0.07150498720378447
TARF-GDC_s1109,v023_validation_iid_002224_c51f110ed6,56.94050286713522,0.632846181319357,0.630519548246081,0.010797026704799859,0.6413165749508809,0.2668804406332828
TARF-GDC_s1109,v023_validation_iid_002226_0648a00cf0,75.5358596236544,0.15980078848074636,0.14538852817502002,0.02271374310838512,0.16810227128340513,0.08450491703162381
TARF-GDC_s1109,v023_validation_iid_002228_b5dc23961a,137.77115345262112,0.3098329508610826,0.22497936011869926,0.06404200813539647,0.28902136825409575,0.06842094059481295
TARF-GDC_s1109,v023_validation_iid_002257_5808fee8fe,100.85385037945272,0.3937513262414488,0.384130693168999,0.020942038047545488,0.40507273121654447,0.08271211513340616
TARF-GDC_s1109,v023_validation_iid_002279_8d39d5a8a2,164.10206343555177,0.3944207711716689,0.31681312074504325,0.08069930274723965,0.3975124234922829,0.08784975299842086
TARF-GDC_s1109,v023_validation_iid_002286_71680df018,60.30127298392814,0.33229756869371535,0.2653928849529885,0.04296660854736999,0.3083594935003585,0.09167784408420851
TARF-GDC_s1109,v023_validation_iid_002312_7f68e7bc1e,73.39562527309079,0.3147342735680252,0.259274523914247,0.04147751421481897,0.300752038129066,0.08388110635788895
TARF-GDC_s1109,v023_validation_iid_002367_b310b98e97,84.98538797383083,0.337642587014042,0.25431677809269115,0.041857727319102665,0.2961745054117938,0.0665167893086868
TARF-GDC_s1109,v023_validation_iid_002376_5bb82b32ff,177.99847724309413,0.3501452769370457,0.31051399009830455,0.0592503713438495,0.3697643614421541,0.2417153724118675
TARF-GDC_s1109,v023_validation_iid_002388_f40c2f84a2,45.91488114888817,0.28301260161004604,0.2540819871354667,0.026842147738080732,0.28092413487354745,0.0895357035379687
TARF-GDC_s1109,v023_validation_iid_002408_c9afb24d73,125.65494050442284,0.1440791661687371,0.11850584080939024,0.03087759950725724,0.14938344031664746,0.05416948603673145
TARF-GDC_s1109,v023_validation_iid_002427_2a5026983e,30.122320841905633,0.2560813731236455,0.233911973437576,0.014545303122156706,0.2484572765597327,0.13277628802388222
TARF-GDC_s1109,v023_validation_iid_002441_cca68f10d1,64.42849882117314,0.2823885892853948,0.27008693359174835,0.017299133129152176,0.2873860667209005,0.07459398814479383
TARF-GDC_s1109,v023_validation_iid_002451_c5ed312006,88.03092082470309,0.23472680676098306,0.2173101130803428,0.021567397929118853,0.23887751100946164,0.09266023092233402
