code,method,seed,stage,epoch,validation_sae,train_loss,source_history
0001,Base,1107,1,1,349.341430664,0.0135444435854,ARCHIVED_SOURCE/论文/computer and geosciences整理/论文/旧TARF_三维物理残差Transformer_20260928/runs/residual_r_0001_s1107/history.jsonl
0001,Base,1107,1,2,239.208526611,0.00336714665638,ARCHIVED_SOURCE/论文/computer and geosciences整理/论文/旧TARF_三维物理残差Transformer_20260928/runs/residual_r_0001_s1107/history.jsonl
0001,Base,1107,1,3,196.968093872,0.00267048939358,ARCHIVED_SOURCE/论文/computer and geosciences整理/论文/旧TARF_三维物理残差Transformer_20260928/runs/residual_r_0001_s1107/history.jsonl
0001,Base,1107,1,4,174.749221802,0.00226128854593,ARCHIVED_SOURCE/论文/computer and geosciences整理/论文/旧TARF_三维物理残差Transformer_20260928/runs/residual_r_0001_s1107/history.jsonl
0001,Base,1107,1,5,166.844665527,0.00200040770313,ARCHIVED_SOURCE/论文/computer and geosciences整理/论文/旧TARF_三维物理残差Transformer_20260928/runs/residual_r_0001_s1107/history.jsonl
0001,Base,1107,1,6,153.673919678,0.00182187709659,ARCHIVED_SOURCE/论文/computer and geosciences整理/论文/旧TARF_三维物理残差Transformer_20260928/runs/residual_r_0001_s1107/history.jsonl
0001,Base,1107,1,7,155.457229614,0.00168861052457,ARCHIVED_SOURCE/论文/computer and geosciences整理/论文/旧TARF_三维物理残差Transformer_20260928/runs/residual_r_0001_s1107/history.jsonl
0001,Base,1107,1,8,149.377944946,0.00157808264685,ARCHIVED_SOURCE/论文/computer and geosciences整理/论文/旧TARF_三维物理残差Transformer_20260928/runs/residual_r_0001_s1107/history.jsonl
0001,Base,1107,1,9,146.20463562,0.00145086308632,ARCHIVED_SOURCE/论文/computer and geosciences整理/论文/旧TARF_三维物理残差Transformer_20260928/runs/residual_r_0001_s1107/history.jsonl
0001,Base,1107,1,10,147.406448364,0.00130629732424,ARCHIVED_SOURCE/论文/computer and geosciences整理/论文/旧TARF_三维物理残差Transformer_20260928/runs/residual_r_0001_s1107/history.jsonl
0001,Base,1107,1,11,140.920272827,0.00115831321717,ARCHIVED_SOURCE/论文/computer and geosciences整理/论文/旧TARF_三维物理残差Transformer_20260928/runs/residual_r_0001_s1107/history.jsonl
0001,Base,1107,1,12,141.097427368,0.00103697817628,ARCHIVED_SOURCE/论文/computer and geosciences整理/论文/旧TARF_三维物理残差Transformer_20260928/runs/residual_r_0001_s1107/history.jsonl
0001,Base,1107,1,13,142.117294312,0.000943700727466,ARCHIVED_SOURCE/论文/computer and geosciences整理/论文/旧TARF_三维物理残差Transformer_20260928/runs/residual_r_0001_s1107/history.jsonl
0001,Base,1107,1,14,136.447341919,0.000867312313559,ARCHIVED_SOURCE/论文/computer and geosciences整理/论文/旧TARF_三维物理残差Transformer_20260928/runs/residual_r_0001_s1107/history.jsonl
0001,Base,1107,1,15,137.859603882,0.000800895434696,ARCHIVED_SOURCE/论文/computer and geosciences整理/论文/旧TARF_三维物理残差Transformer_20260928/runs/residual_r_0001_s1107/history.jsonl
0001,Base,1107,1,16,136.81930542,0.000746598182672,ARCHIVED_SOURCE/论文/computer and geosciences整理/论文/旧TARF_三维物理残差Transformer_20260928/runs/residual_r_0001_s1107/history.jsonl
0001,Base,1107,1,17,134.376953125,0.000698747883602,ARCHIVED_SOURCE/论文/computer and geosciences整理/论文/旧TARF_三维物理残差Transformer_20260928/runs/residual_r_0001_s1107/history.jsonl
0001,Base,1107,1,18,134.591156006,0.000659926246859,ARCHIVED_SOURCE/论文/computer and geosciences整理/论文/旧TARF_三维物理残差Transformer_20260928/runs/residual_r_0001_s1107/history.jsonl
0001,Base,1107,1,19,134.302444458,0.000624635698486,ARCHIVED_SOURCE/论文/computer and geosciences整理/论文/旧TARF_三维物理残差Transformer_20260928/runs/residual_r_0001_s1107/history.jsonl
0001,Base,1107,1,20,136.269668579,0.000591032501924,ARCHIVED_SOURCE/论文/computer and geosciences整理/论文/旧TARF_三维物理残差Transformer_20260928/runs/residual_r_0001_s1107/history.jsonl
0001,Base,1107,1,21,136.555603027,0.000554963442304,ARCHIVED_SOURCE/论文/computer and geosciences整理/论文/旧TARF_三维物理残差Transformer_20260928/runs/residual_r_0001_s1107/history.jsonl
0001,Base,1107,1,22,144.679367065,0.000523913941598,ARCHIVED_SOURCE/论文/computer and geosciences整理/论文/旧TARF_三维物理残差Transformer_20260928/runs/residual_r_0001_s1107/history.jsonl
0001,Base,1107,1,23,132.842041016,0.000495950228515,ARCHIVED_SOURCE/论文/computer and geosciences整理/论文/旧TARF_三维物理残差Transformer_20260928/runs/residual_r_0001_s1107/history.jsonl
0001,Base,1107,1,24,138.502548218,0.000467253384701,ARCHIVED_SOURCE/论文/computer and geosciences整理/论文/旧TARF_三维物理残差Transformer_20260928/runs/residual_r_0001_s1107/history.jsonl
0001,Base,1107,1,25,133.311233521,0.000446642918644,ARCHIVED_SOURCE/论文/computer and geosciences整理/论文/旧TARF_三维物理残差Transformer_20260928/runs/residual_r_0001_s1107/history.jsonl
0001,Base,1107,1,26,134.125701904,0.000425666443979,ARCHIVED_SOURCE/论文/computer and geosciences整理/论文/旧TARF_三维物理残差Transformer_20260928/runs/residual_r_0001_s1107/history.jsonl
0001,Base,1107,1,27,132.575119019,0.000404287106868,ARCHIVED_SOURCE/论文/computer and geosciences整理/论文/旧TARF_三维物理残差Transformer_20260928/runs/residual_r_0001_s1107/history.jsonl
0001,Base,1107,1,28,135.4868927,0.00038261490534,ARCHIVED_SOURCE/论文/computer and geosciences整理/论文/旧TARF_三维物理残差Transformer_20260928/runs/residual_r_0001_s1107/history.jsonl
0001,Base,1107,1,29,133.611114502,0.000364145582533,ARCHIVED_SOURCE/论文/computer and geosciences整理/论文/旧TARF_三维物理残差Transformer_20260928/runs/residual_r_0001_s1107/history.jsonl
0001,Base,1107,1,30,134.380874634,0.000348217963696,ARCHIVED_SOURCE/论文/computer and geosciences整理/论文/旧TARF_三维物理残差Transformer_20260928/runs/residual_r_0001_s1107/history.jsonl
0001,Base,1107,1,31,134.424209595,0.000330361691608,ARCHIVED_SOURCE/论文/computer and geosciences整理/论文/旧TARF_三维物理残差Transformer_20260928/runs/residual_r_0001_s1107/history.jsonl
0001,Base,1107,1,32,134.820419312,0.000318141674737,ARCHIVED_SOURCE/论文/computer and geosciences整理/论文/旧TARF_三维物理残差Transformer_20260928/runs/residual_r_0001_s1107/history.jsonl
0001,Base,1107,1,33,132.998916626,0.000305548145796,ARCHIVED_SOURCE/论文/computer and geosciences整理/论文/旧TARF_三维物理残差Transformer_20260928/runs/residual_r_0001_s1107/history.jsonl
0001,Base,1107,1,34,135.218521118,0.000293280203277,ARCHIVED_SOURCE/论文/computer and geosciences整理/论文/旧TARF_三维物理残差Transformer_20260928/runs/residual_r_0001_s1107/history.jsonl
0001,Base,1107,1,35,135.79208374,0.000282816462846,ARCHIVED_SOURCE/论文/computer and geosciences整理/论文/旧TARF_三维物理残差Transformer_20260928/runs/residual_r_0001_s1107/history.jsonl
0001,Base,1107,1,36,134.847503662,0.000273089367056,ARCHIVED_SOURCE/论文/computer and geosciences整理/论文/旧TARF_三维物理残差Transformer_20260928/runs/residual_r_0001_s1107/history.jsonl
0001,Base,1107,1,37,135.121078491,0.00026279645356,ARCHIVED_SOURCE/论文/computer and geosciences整理/论文/旧TARF_三维物理残差Transformer_20260928/runs/residual_r_0001_s1107/history.jsonl
0001,Base,1107,1,38,135.914581299,0.000255201579579,ARCHIVED_SOURCE/论文/computer and geosciences整理/论文/旧TARF_三维物理残差Transformer_20260928/runs/residual_r_0001_s1107/history.jsonl
0001,Base,1107,1,39,136.640655518,0.000248421342146,ARCHIVED_SOURCE/论文/computer and geosciences整理/论文/旧TARF_三维物理残差Transformer_20260928/runs/residual_r_0001_s1107/history.jsonl
0001,Base,1107,1,40,135.95463562,0.000242880313964,ARCHIVED_SOURCE/论文/computer and geosciences整理/论文/旧TARF_三维物理残差Transformer_20260928/runs/residual_r_0001_s1107/history.jsonl
0001,Base,1107,1,41,136.928451538,0.000237067614694,ARCHIVED_SOURCE/论文/computer and geosciences整理/论文/旧TARF_三维物理残差Transformer_20260928/runs/residual_r_0001_s1107/history.jsonl
0001,Base,1107,1,42,136.154632568,0.00023259063346,ARCHIVED_SOURCE/论文/computer and geosciences整理/论文/旧TARF_三维物理残差Transformer_20260928/runs/residual_r_0001_s1107/history.jsonl
0001,Base,1107,1,43,136.562942505,0.000228818972353,ARCHIVED_SOURCE/论文/computer and geosciences整理/论文/旧TARF_三维物理残差Transformer_20260928/runs/residual_r_0001_s1107/history.jsonl
0001,Base,1107,1,44,136.392700195,0.000225553681869,ARCHIVED_SOURCE/论文/computer and geosciences整理/论文/旧TARF_三维物理残差Transformer_20260928/runs/residual_r_0001_s1107/history.jsonl
0001,Base,1107,1,45,136.745559692,0.000223173053737,ARCHIVED_SOURCE/论文/computer and geosciences整理/论文/旧TARF_三维物理残差Transformer_20260928/runs/residual_r_0001_s1107/history.jsonl
0001,Base,1107,1,46,136.74130249,0.00022072281907,ARCHIVED_SOURCE/论文/computer and geosciences整理/论文/旧TARF_三维物理残差Transformer_20260928/runs/residual_r_0001_s1107/history.jsonl
0001,Base,1107,1,47,136.895843506,0.00021980777507,ARCHIVED_SOURCE/论文/computer and geosciences整理/论文/旧TARF_三维物理残差Transformer_20260928/runs/residual_r_0001_s1107/history.jsonl
0001,Base,1107,1,48,137.005706787,0.000218502366197,ARCHIVED_SOURCE/论文/computer and geosciences整理/论文/旧TARF_三维物理残差Transformer_20260928/runs/residual_r_0001_s1107/history.jsonl
0001,Base,1107,1,49,136.829956055,0.00021733218458,ARCHIVED_SOURCE/论文/computer and geosciences整理/论文/旧TARF_三维物理残差Transformer_20260928/runs/residual_r_0001_s1107/history.jsonl
0001,Base,1107,1,50,136.827728271,0.000217407250235,ARCHIVED_SOURCE/论文/computer and geosciences整理/论文/旧TARF_三维物理残差Transformer_20260928/runs/residual_r_0001_s1107/history.jsonl
0001,Base,1108,1,1,345.801574707,0.0167319535723,ARCHIVED_SOURCE/论文/computer and geosciences整理/五六分量物理互补利用_V033基座_20260923_PhysicsLoss/runs/phys_complement_0001_s1108/history.jsonl
0001,Base,1108,1,2,276.644805908,0.00329648601162,ARCHIVED_SOURCE/论文/computer and geosciences整理/五六分量物理互补利用_V033基座_20260923_PhysicsLoss/runs/phys_complement_0001_s1108/history.jsonl
0001,Base,1108,1,3,197.030227661,0.0026557627712,ARCHIVED_SOURCE/论文/computer and geosciences整理/五六分量物理互补利用_V033基座_20260923_PhysicsLoss/runs/phys_complement_0001_s1108/history.jsonl
0001,Base,1108,1,4,180.005249023,0.00227987075624,ARCHIVED_SOURCE/论文/computer and geosciences整理/五六分量物理互补利用_V033基座_20260923_PhysicsLoss/runs/phys_complement_0001_s1108/history.jsonl
0001,Base,1108,1,5,163.109954834,0.00202998660895,ARCHIVED_SOURCE/论文/computer and geosciences整理/五六分量物理互补利用_V033基座_20260923_PhysicsLoss/runs/phys_complement_0001_s1108/history.jsonl
0001,Base,1108,1,6,169.337844849,0.00184365150162,ARCHIVED_SOURCE/论文/computer and geosciences整理/五六分量物理互补利用_V033基座_20260923_PhysicsLoss/runs/phys_complement_0001_s1108/history.jsonl
0001,Base,1108,1,7,157.317214966,0.00170775719517,ARCHIVED_SOURCE/论文/computer and geosciences整理/五六分量物理互补利用_V033基座_20260923_PhysicsLoss/runs/phys_complement_0001_s1108/history.jsonl
0001,Base,1108,1,8,146.233978271,0.0015931111095,ARCHIVED_SOURCE/论文/computer and geosciences整理/五六分量物理互补利用_V033基座_20260923_PhysicsLoss/runs/phys_complement_0001_s1108/history.jsonl
0001,Base,1108,1,9,151.729522705,0.00146623187941,ARCHIVED_SOURCE/论文/computer and geosciences整理/五六分量物理互补利用_V033基座_20260923_PhysicsLoss/runs/phys_complement_0001_s1108/history.jsonl
0001,Base,1108,1,10,146.544754028,0.00132350211685,ARCHIVED_SOURCE/论文/computer and geosciences整理/五六分量物理互补利用_V033基座_20260923_PhysicsLoss/runs/phys_complement_0001_s1108/history.jsonl
0001,Base,1108,1,11,154.047363281,0.00118293308896,ARCHIVED_SOURCE/论文/computer and geosciences整理/五六分量物理互补利用_V033基座_20260923_PhysicsLoss/runs/phys_complement_0001_s1108/history.jsonl
0001,Base,1108,1,12,150.486175537,0.0010508275926,ARCHIVED_SOURCE/论文/computer and geosciences整理/五六分量物理互补利用_V033基座_20260923_PhysicsLoss/runs/phys_complement_0001_s1108/history.jsonl
0001,Base,1108,1,13,142.536117554,0.000950155829008,ARCHIVED_SOURCE/论文/computer and geosciences整理/五六分量物理互补利用_V033基座_20260923_PhysicsLoss/runs/phys_complement_0001_s1108/history.jsonl
0001,Base,1108,1,14,134.169662476,0.000863894440206,ARCHIVED_SOURCE/论文/computer and geosciences整理/五六分量物理互补利用_V033基座_20260923_PhysicsLoss/runs/phys_complement_0001_s1108/history.jsonl
0001,Base,1108,1,15,136.045196533,0.000795808400564,ARCHIVED_SOURCE/论文/computer and geosciences整理/五六分量物理互补利用_V033基座_20260923_PhysicsLoss/runs/phys_complement_0001_s1108/history.jsonl
0001,Base,1108,1,16,143.7315979,0.000735827589524,ARCHIVED_SOURCE/论文/computer and geosciences整理/五六分量物理互补利用_V033基座_20260923_PhysicsLoss/runs/phys_complement_0001_s1108/history.jsonl
0001,Base,1108,1,17,134.876998901,0.000693398127535,ARCHIVED_SOURCE/论文/computer and geosciences整理/五六分量物理互补利用_V033基座_20260923_PhysicsLoss/runs/phys_complement_0001_s1108/history.jsonl
0001,Base,1108,1,18,135.990783691,0.000650117753335,ARCHIVED_SOURCE/论文/computer and geosciences整理/五六分量物理互补利用_V033基座_20260923_PhysicsLoss/runs/phys_complement_0001_s1108/history.jsonl
0001,Base,1108,1,19,131.566070557,0.000614466410344,ARCHIVED_SOURCE/论文/computer and geosciences整理/五六分量物理互补利用_V033基座_20260923_PhysicsLoss/runs/phys_complement_0001_s1108/history.jsonl
0001,Base,1108,1,20,133.748031616,0.000578030952399,ARCHIVED_SOURCE/论文/computer and geosciences整理/五六分量物理互补利用_V033基座_20260923_PhysicsLoss/runs/phys_complement_0001_s1108/history.jsonl
0001,Base,1108,1,21,136.656707764,0.000542243413387,ARCHIVED_SOURCE/论文/computer and geosciences整理/五六分量物理互补利用_V033基座_20260923_PhysicsLoss/runs/phys_complement_0001_s1108/history.jsonl
0001,Base,1108,1,22,133.618057251,0.000514140959728,ARCHIVED_SOURCE/论文/computer and geosciences整理/五六分量物理互补利用_V033基座_20260923_PhysicsLoss/runs/phys_complement_0001_s1108/history.jsonl
0001,Base,1108,1,23,133.861724854,0.000486095597078,ARCHIVED_SOURCE/论文/computer and geosciences整理/五六分量物理互补利用_V033基座_20260923_PhysicsLoss/runs/phys_complement_0001_s1108/history.jsonl
0001,Base,1108,1,24,134.477386475,0.000460809136803,ARCHIVED_SOURCE/论文/computer and geosciences整理/五六分量物理互补利用_V033基座_20260923_PhysicsLoss/runs/phys_complement_0001_s1108/history.jsonl
0001,Base,1108,1,25,136.913772583,0.00043789583624,ARCHIVED_SOURCE/论文/computer and geosciences整理/五六分量物理互补利用_V033基座_20260923_PhysicsLoss/runs/phys_complement_0001_s1108/history.jsonl
0001,Base,1108,1,26,135.775863647,0.00041752554568,ARCHIVED_SOURCE/论文/computer and geosciences整理/五六分量物理互补利用_V033基座_20260923_PhysicsLoss/runs/phys_complement_0001_s1108/history.jsonl
0001,Base,1108,1,27,132.236938477,0.000396348111802,ARCHIVED_SOURCE/论文/computer and geosciences整理/五六分量物理互补利用_V033基座_20260923_PhysicsLoss/runs/phys_complement_0001_s1108/history.jsonl
0001,Base,1108,1,28,133.06451416,0.000375125849815,ARCHIVED_SOURCE/论文/computer and geosciences整理/五六分量物理互补利用_V033基座_20260923_PhysicsLoss/runs/phys_complement_0001_s1108/history.jsonl
0001,Base,1108,1,29,135.815460205,0.000359306495542,ARCHIVED_SOURCE/论文/computer and geosciences整理/五六分量物理互补利用_V033基座_20260923_PhysicsLoss/runs/phys_complement_0001_s1108/history.jsonl
0001,Base,1108,1,30,133.018478394,0.000342120170588,ARCHIVED_SOURCE/论文/computer and geosciences整理/五六分量物理互补利用_V033基座_20260923_PhysicsLoss/runs/phys_complement_0001_s1108/history.jsonl
0001,Base,1108,1,31,133.637054443,0.000326646221208,ARCHIVED_SOURCE/论文/computer and geosciences整理/五六分量物理互补利用_V033基座_20260923_PhysicsLoss/runs/phys_complement_0001_s1108/history.jsonl
0001,Base,1108,1,32,132.699508667,0.000313957132567,ARCHIVED_SOURCE/论文/computer and geosciences整理/五六分量物理互补利用_V033基座_20260923_PhysicsLoss/runs/phys_complement_0001_s1108/history.jsonl
0001,Base,1108,1,33,134.086181641,0.000301860594125,ARCHIVED_SOURCE/论文/computer and geosciences整理/五六分量物理互补利用_V033基座_20260923_PhysicsLoss/runs/phys_complement_0001_s1108/history.jsonl
0001,Base,1108,1,34,134.245101929,0.000288761393559,ARCHIVED_SOURCE/论文/computer and geosciences整理/五六分量物理互补利用_V033基座_20260923_PhysicsLoss/runs/phys_complement_0001_s1108/history.jsonl
0001,Base,1108,1,35,132.985153198,0.000279535674894,ARCHIVED_SOURCE/论文/computer and geosciences整理/五六分量物理互补利用_V033基座_20260923_PhysicsLoss/runs/phys_complement_0001_s1108/history.jsonl
0001,Base,1108,1,36,133.717422485,0.00026951370184,ARCHIVED_SOURCE/论文/computer and geosciences整理/五六分量物理互补利用_V033基座_20260923_PhysicsLoss/runs/phys_complement_0001_s1108/history.jsonl
0001,Base,1108,1,37,133.939834595,0.000260852938083,ARCHIVED_SOURCE/论文/computer and geosciences整理/五六分量物理互补利用_V033基座_20260923_PhysicsLoss/runs/phys_complement_0001_s1108/history.jsonl
0001,Base,1108,1,38,134.118865967,0.000251981477927,ARCHIVED_SOURCE/论文/computer and geosciences整理/五六分量物理互补利用_V033基座_20260923_PhysicsLoss/runs/phys_complement_0001_s1108/history.jsonl
0001,Base,1108,1,39,134.899047852,0.000245809656964,ARCHIVED_SOURCE/论文/computer and geosciences整理/五六分量物理互补利用_V033基座_20260923_PhysicsLoss/runs/phys_complement_0001_s1108/history.jsonl
0001,Base,1108,1,40,134.959381104,0.000240479662984,ARCHIVED_SOURCE/论文/computer and geosciences整理/五六分量物理互补利用_V033基座_20260923_PhysicsLoss/runs/phys_complement_0001_s1108/history.jsonl
0001,Base,1108,1,41,135.467254639,0.000235411886211,ARCHIVED_SOURCE/论文/computer and geosciences整理/五六分量物理互补利用_V033基座_20260923_PhysicsLoss/runs/phys_complement_0001_s1108/history.jsonl
0001,Base,1108,1,42,135.285293579,0.000230745574035,ARCHIVED_SOURCE/论文/computer and geosciences整理/五六分量物理互补利用_V033基座_20260923_PhysicsLoss/runs/phys_complement_0001_s1108/history.jsonl
0001,Base,1108,1,43,135.470352173,0.000226983109617,ARCHIVED_SOURCE/论文/computer and geosciences整理/五六分量物理互补利用_V033基座_20260923_PhysicsLoss/runs/phys_complement_0001_s1108/history.jsonl
0001,Base,1108,1,44,135.87487793,0.000223960363013,ARCHIVED_SOURCE/论文/computer and geosciences整理/五六分量物理互补利用_V033基座_20260923_PhysicsLoss/runs/phys_complement_0001_s1108/history.jsonl
0001,Base,1108,1,45,135.812637329,0.000221206121226,ARCHIVED_SOURCE/论文/computer and geosciences整理/五六分量物理互补利用_V033基座_20260923_PhysicsLoss/runs/phys_complement_0001_s1108/history.jsonl
0001,Base,1108,1,46,136.002212524,0.000219703624835,ARCHIVED_SOURCE/论文/computer and geosciences整理/五六分量物理互补利用_V033基座_20260923_PhysicsLoss/runs/phys_complement_0001_s1108/history.jsonl
0001,Base,1108,1,47,135.895401001,0.000217334854326,ARCHIVED_SOURCE/论文/computer and geosciences整理/五六分量物理互补利用_V033基座_20260923_PhysicsLoss/runs/phys_complement_0001_s1108/history.jsonl
0001,Base,1108,1,48,135.787399292,0.000216848880497,ARCHIVED_SOURCE/论文/computer and geosciences整理/五六分量物理互补利用_V033基座_20260923_PhysicsLoss/runs/phys_complement_0001_s1108/history.jsonl
0001,Base,1108,1,49,135.824798584,0.000215941567935,ARCHIVED_SOURCE/论文/computer and geosciences整理/五六分量物理互补利用_V033基座_20260923_PhysicsLoss/runs/phys_complement_0001_s1108/history.jsonl
0001,Base,1108,1,50,135.750656128,0.000215803001815,ARCHIVED_SOURCE/论文/computer and geosciences整理/五六分量物理互补利用_V033基座_20260923_PhysicsLoss/runs/phys_complement_0001_s1108/history.jsonl
0001,Base,1109,1,1,341.483947754,0.00897415952879,ARCHIVED_SOURCE/论文/computer and geosciences整理/五六分量物理互补利用_V033基座_20260923_PhysicsLoss/runs/phys_complement_0001_s1109/history.jsonl
0001,Base,1109,1,2,263.850708008,0.00322073565883,ARCHIVED_SOURCE/论文/computer and geosciences整理/五六分量物理互补利用_V033基座_20260923_PhysicsLoss/runs/phys_complement_0001_s1109/history.jsonl
0001,Base,1109,1,3,218.515945435,0.00261728341768,ARCHIVED_SOURCE/论文/computer and geosciences整理/五六分量物理互补利用_V033基座_20260923_PhysicsLoss/runs/phys_complement_0001_s1109/history.jsonl
0001,Base,1109,1,4,172.211624146,0.00224820043118,ARCHIVED_SOURCE/论文/computer and geosciences整理/五六分量物理互补利用_V033基座_20260923_PhysicsLoss/runs/phys_complement_0001_s1109/history.jsonl
0001,Base,1109,1,5,179.943344116,0.00200248019014,ARCHIVED_SOURCE/论文/computer and geosciences整理/五六分量物理互补利用_V033基座_20260923_PhysicsLoss/runs/phys_complement_0001_s1109/history.jsonl
0001,Base,1109,1,6,159.054397583,0.00182007352306,ARCHIVED_SOURCE/论文/computer and geosciences整理/五六分量物理互补利用_V033基座_20260923_PhysicsLoss/runs/phys_complement_0001_s1109/history.jsonl
0001,Base,1109,1,7,143.122344971,0.00167012311659,ARCHIVED_SOURCE/论文/computer and geosciences整理/五六分量物理互补利用_V033基座_20260923_PhysicsLoss/runs/phys_complement_0001_s1109/history.jsonl
0001,Base,1109,1,8,137.443817139,0.00153159690789,ARCHIVED_SOURCE/论文/computer and geosciences整理/五六分量物理互补利用_V033基座_20260923_PhysicsLoss/runs/phys_complement_0001_s1109/history.jsonl
0001,Base,1109,1,9,145.612930298,0.00138593876524,ARCHIVED_SOURCE/论文/computer and geosciences整理/五六分量物理互补利用_V033基座_20260923_PhysicsLoss/runs/phys_complement_0001_s1109/history.jsonl
0001,Base,1109,1,10,126.785186768,0.00123781012742,ARCHIVED_SOURCE/论文/computer and geosciences整理/五六分量物理互补利用_V033基座_20260923_PhysicsLoss/runs/phys_complement_0001_s1109/history.jsonl
0001,Base,1109,1,11,131.290374756,0.00110528080222,ARCHIVED_SOURCE/论文/computer and geosciences整理/五六分量物理互补利用_V033基座_20260923_PhysicsLoss/runs/phys_complement_0001_s1109/history.jsonl
0001,Base,1109,1,12,131.649581909,0.000997708174327,ARCHIVED_SOURCE/论文/computer and geosciences整理/五六分量物理互补利用_V033基座_20260923_PhysicsLoss/runs/phys_complement_0001_s1109/history.jsonl
0001,Base,1109,1,13,129.77583313,0.000926601524167,ARCHIVED_SOURCE/论文/computer and geosciences整理/五六分量物理互补利用_V033基座_20260923_PhysicsLoss/runs/phys_complement_0001_s1109/history.jsonl
0001,Base,1109,1,14,127.46497345,0.000842776288848,ARCHIVED_SOURCE/论文/computer and geosciences整理/五六分量物理互补利用_V033基座_20260923_PhysicsLoss/runs/phys_complement_0001_s1109/history.jsonl
0001,Base,1109,1,15,126.329597473,0.000790577979735,ARCHIVED_SOURCE/论文/computer and geosciences整理/五六分量物理互补利用_V033基座_20260923_PhysicsLoss/runs/phys_complement_0001_s1109/history.jsonl
0001,Base,1109,1,16,119.425415039,0.000748389197672,ARCHIVED_SOURCE/论文/computer and geosciences整理/五六分量物理互补利用_V033基座_20260923_PhysicsLoss/runs/phys_complement_0001_s1109/history.jsonl
0001,Base,1109,1,17,135.949386597,0.000699884453298,ARCHIVED_SOURCE/论文/computer and geosciences整理/五六分量物理互补利用_V033基座_20260923_PhysicsLoss/runs/phys_complement_0001_s1109/history.jsonl
0001,Base,1109,1,18,121.583702087,0.000654402891117,ARCHIVED_SOURCE/论文/computer and geosciences整理/五六分量物理互补利用_V033基座_20260923_PhysicsLoss/runs/phys_complement_0001_s1109/history.jsonl
0001,Base,1109,1,19,133.550567627,0.000624689526719,ARCHIVED_SOURCE/论文/computer and geosciences整理/五六分量物理互补利用_V033基座_20260923_PhysicsLoss/runs/phys_complement_0001_s1109/history.jsonl
0001,Base,1109,1,20,124.090538025,0.000586309349743,ARCHIVED_SOURCE/论文/computer and geosciences整理/五六分量物理互补利用_V033基座_20260923_PhysicsLoss/runs/phys_complement_0001_s1109/history.jsonl
0001,Base,1109,1,21,124.71068573,0.000552994977359,ARCHIVED_SOURCE/论文/computer and geosciences整理/五六分量物理互补利用_V033基座_20260923_PhysicsLoss/runs/phys_complement_0001_s1109/history.jsonl
0001,Base,1109,1,22,127.238388062,0.00052394839019,ARCHIVED_SOURCE/论文/computer and geosciences整理/五六分量物理互补利用_V033基座_20260923_PhysicsLoss/runs/phys_complement_0001_s1109/history.jsonl
0001,Base,1109,1,23,127.795211792,0.00049361845336,ARCHIVED_SOURCE/论文/computer and geosciences整理/五六分量物理互补利用_V033基座_20260923_PhysicsLoss/runs/phys_complement_0001_s1109/history.jsonl
0001,Base,1109,1,24,129.539016724,0.000469370912539,ARCHIVED_SOURCE/论文/computer and geosciences整理/五六分量物理互补利用_V033基座_20260923_PhysicsLoss/runs/phys_complement_0001_s1109/history.jsonl
0001,Base,1109,1,25,127.599266052,0.000442277330762,ARCHIVED_SOURCE/论文/computer and geosciences整理/五六分量物理互补利用_V033基座_20260923_PhysicsLoss/runs/phys_complement_0001_s1109/history.jsonl
0001,Base,1109,1,26,125.316627502,0.000418278240469,ARCHIVED_SOURCE/论文/computer and geosciences整理/五六分量物理互补利用_V033基座_20260923_PhysicsLoss/runs/phys_complement_0001_s1109/history.jsonl
0001,Base,1109,1,27,129.364196777,0.000398813727635,ARCHIVED_SOURCE/论文/computer and geosciences整理/五六分量物理互补利用_V033基座_20260923_PhysicsLoss/runs/phys_complement_0001_s1109/history.jsonl
0001,Base,1109,1,28,127.115722656,0.000377824571082,ARCHIVED_SOURCE/论文/computer and geosciences整理/五六分量物理互补利用_V033基座_20260923_PhysicsLoss/runs/phys_complement_0001_s1109/history.jsonl
0001,Base,1109,1,29,126.28313446,0.000357007570763,ARCHIVED_SOURCE/论文/computer and geosciences整理/五六分量物理互补利用_V033基座_20260923_PhysicsLoss/runs/phys_complement_0001_s1109/history.jsonl
0001,Base,1109,1,30,126.679985046,0.000342218745634,ARCHIVED_SOURCE/论文/computer and geosciences整理/五六分量物理互补利用_V033基座_20260923_PhysicsLoss/runs/phys_complement_0001_s1109/history.jsonl
0001,Base,1109,1,31,128.612533569,0.000325686013845,ARCHIVED_SOURCE/论文/computer and geosciences整理/五六分量物理互补利用_V033基座_20260923_PhysicsLoss/runs/phys_complement_0001_s1109/history.jsonl
0001,Base,1109,1,32,128.192764282,0.000311711094941,ARCHIVED_SOURCE/论文/computer and geosciences整理/五六分量物理互补利用_V033基座_20260923_PhysicsLoss/runs/phys_complement_0001_s1109/history.jsonl
0001,Base,1109,1,33,128.684020996,0.000300897364051,ARCHIVED_SOURCE/论文/computer and geosciences整理/五六分量物理互补利用_V033基座_20260923_PhysicsLoss/runs/phys_complement_0001_s1109/history.jsonl
0001,Base,1109,1,34,129.266937256,0.000287015220468,ARCHIVED_SOURCE/论文/computer and geosciences整理/五六分量物理互补利用_V033基座_20260923_PhysicsLoss/runs/phys_complement_0001_s1109/history.jsonl
0001,Base,1109,1,35,130.202713013,0.000276308925968,ARCHIVED_SOURCE/论文/computer and geosciences整理/五六分量物理互补利用_V033基座_20260923_PhysicsLoss/runs/phys_complement_0001_s1109/history.jsonl
0001,Base,1109,1,36,129.805038452,0.000266301253732,ARCHIVED_SOURCE/论文/computer and geosciences整理/五六分量物理互补利用_V033基座_20260923_PhysicsLoss/runs/phys_complement_0001_s1109/history.jsonl
0001,Base,1109,1,37,130.751922607,0.000257724253499,ARCHIVED_SOURCE/论文/computer and geosciences整理/五六分量物理互补利用_V033基座_20260923_PhysicsLoss/runs/phys_complement_0001_s1109/history.jsonl
0001,Base,1109,1,38,130.987228394,0.000249586922337,ARCHIVED_SOURCE/论文/computer and geosciences整理/五六分量物理互补利用_V033基座_20260923_PhysicsLoss/runs/phys_complement_0001_s1109/history.jsonl
0001,Base,1109,1,39,131.391189575,0.000242697696641,ARCHIVED_SOURCE/论文/computer and geosciences整理/五六分量物理互补利用_V033基座_20260923_PhysicsLoss/runs/phys_complement_0001_s1109/history.jsonl
0001,Base,1109,1,40,131.512084961,0.0002371048467,ARCHIVED_SOURCE/论文/computer and geosciences整理/五六分量物理互补利用_V033基座_20260923_PhysicsLoss/runs/phys_complement_0001_s1109/history.jsonl
0001,Base,1109,1,41,131.932647705,0.000232015059351,ARCHIVED_SOURCE/论文/computer and geosciences整理/五六分量物理互补利用_V033基座_20260923_PhysicsLoss/runs/phys_complement_0001_s1109/history.jsonl
0001,Base,1109,1,42,131.122192383,0.000226869480368,ARCHIVED_SOURCE/论文/computer and geosciences整理/五六分量物理互补利用_V033基座_20260923_PhysicsLoss/runs/phys_complement_0001_s1109/history.jsonl
0001,Base,1109,1,43,131.255767822,0.000223275761737,ARCHIVED_SOURCE/论文/computer and geosciences整理/五六分量物理互补利用_V033基座_20260923_PhysicsLoss/runs/phys_complement_0001_s1109/history.jsonl
0001,Base,1109,1,44,131.998382568,0.000220336152641,ARCHIVED_SOURCE/论文/computer and geosciences整理/五六分量物理互补利用_V033基座_20260923_PhysicsLoss/runs/phys_complement_0001_s1109/history.jsonl
0001,Base,1109,1,45,131.365646362,0.000217258288837,ARCHIVED_SOURCE/论文/computer and geosciences整理/五六分量物理互补利用_V033基座_20260923_PhysicsLoss/runs/phys_complement_0001_s1109/history.jsonl
0001,Base,1109,1,46,131.892089844,0.000216351926917,ARCHIVED_SOURCE/论文/computer and geosciences整理/五六分量物理互补利用_V033基座_20260923_PhysicsLoss/runs/phys_complement_0001_s1109/history.jsonl
0001,Base,1109,1,47,131.744720459,0.00021382177174,ARCHIVED_SOURCE/论文/computer and geosciences整理/五六分量物理互补利用_V033基座_20260923_PhysicsLoss/runs/phys_complement_0001_s1109/history.jsonl
0001,Base,1109,1,48,131.781951904,0.000213070109866,ARCHIVED_SOURCE/论文/computer and geosciences整理/五六分量物理互补利用_V033基座_20260923_PhysicsLoss/runs/phys_complement_0001_s1109/history.jsonl
0001,Base,1109,1,49,131.833984375,0.000212300063775,ARCHIVED_SOURCE/论文/computer and geosciences整理/五六分量物理互补利用_V033基座_20260923_PhysicsLoss/runs/phys_complement_0001_s1109/history.jsonl
0001,Base,1109,1,50,131.857421875,0.000212236740646,ARCHIVED_SOURCE/论文/computer and geosciences整理/五六分量物理互补利用_V033基座_20260923_PhysicsLoss/runs/phys_complement_0001_s1109/history.jsonl
1001,Base-TARF,1107,1,1,331.267822266,0.0114724801886,ARCHIVED_SOURCE/论文/computer and geosciences整理/论文/旧TARF_三维物理残差Transformer_20260928/runs/residual_r_1001_s1107/history.jsonl
1001,Base-TARF,1107,1,2,244.854598999,0.0032080329309,ARCHIVED_SOURCE/论文/computer and geosciences整理/论文/旧TARF_三维物理残差Transformer_20260928/runs/residual_r_1001_s1107/history.jsonl
1001,Base-TARF,1107,1,3,205.807067871,0.00267856301661,ARCHIVED_SOURCE/论文/computer and geosciences整理/论文/旧TARF_三维物理残差Transformer_20260928/runs/residual_r_1001_s1107/history.jsonl
1001,Base-TARF,1107,1,4,179.566558838,0.00234646184188,ARCHIVED_SOURCE/论文/computer and geosciences整理/论文/旧TARF_三维物理残差Transformer_20260928/runs/residual_r_1001_s1107/history.jsonl
1001,Base-TARF,1107,1,5,137.903579712,0.00187729307288,ARCHIVED_SOURCE/论文/computer and geosciences整理/论文/旧TARF_三维物理残差Transformer_20260928/runs/residual_r_1001_s1107/history.jsonl
1001,Base-TARF,1107,1,6,143.08366394,0.00153553962745,ARCHIVED_SOURCE/论文/computer and geosciences整理/论文/旧TARF_三维物理残差Transformer_20260928/runs/residual_r_1001_s1107/history.jsonl
1001,Base-TARF,1107,1,7,126.119827271,0.00140025889429,ARCHIVED_SOURCE/论文/computer and geosciences整理/论文/旧TARF_三维物理残差Transformer_20260928/runs/residual_r_1001_s1107/history.jsonl
1001,Base-TARF,1107,1,8,122.276313782,0.0013094239381,ARCHIVED_SOURCE/论文/computer and geosciences整理/论文/旧TARF_三维物理残差Transformer_20260928/runs/residual_r_1001_s1107/history.jsonl
1001,Base-TARF,1107,1,9,114.1147995,0.00123436920711,ARCHIVED_SOURCE/论文/computer and geosciences整理/论文/旧TARF_三维物理残差Transformer_20260928/runs/residual_r_1001_s1107/history.jsonl
1001,Base-TARF,1107,1,10,116.182159424,0.00115137203433,ARCHIVED_SOURCE/论文/computer and geosciences整理/论文/旧TARF_三维物理残差Transformer_20260928/runs/residual_r_1001_s1107/history.jsonl
1001,Base-TARF,1107,1,11,117.230064392,0.00108251730048,ARCHIVED_SOURCE/论文/computer and geosciences整理/论文/旧TARF_三维物理残差Transformer_20260928/runs/residual_r_1001_s1107/history.jsonl
1001,Base-TARF,1107,1,12,110.397140503,0.00101518792348,ARCHIVED_SOURCE/论文/computer and geosciences整理/论文/旧TARF_三维物理残差Transformer_20260928/runs/residual_r_1001_s1107/history.jsonl
1001,Base-TARF,1107,1,13,104.543815613,0.000956481668,ARCHIVED_SOURCE/论文/computer and geosciences整理/论文/旧TARF_三维物理残差Transformer_20260928/runs/residual_r_1001_s1107/history.jsonl
1001,Base-TARF,1107,1,14,108.783462524,0.0009072758924,ARCHIVED_SOURCE/论文/computer and geosciences整理/论文/旧TARF_三维物理残差Transformer_20260928/runs/residual_r_1001_s1107/history.jsonl
1001,Base-TARF,1107,1,15,106.314903259,0.000853253464235,ARCHIVED_SOURCE/论文/computer and geosciences整理/论文/旧TARF_三维物理残差Transformer_20260928/runs/residual_r_1001_s1107/history.jsonl
1001,Base-TARF,1107,1,16,112.898735046,0.000816565484401,ARCHIVED_SOURCE/论文/computer and geosciences整理/论文/旧TARF_三维物理残差Transformer_20260928/runs/residual_r_1001_s1107/history.jsonl
1001,Base-TARF,1107,1,17,105.544174194,0.000771611199054,ARCHIVED_SOURCE/论文/computer and geosciences整理/论文/旧TARF_三维物理残差Transformer_20260928/runs/residual_r_1001_s1107/history.jsonl
1001,Base-TARF,1107,1,18,101.447166443,0.000729828251137,ARCHIVED_SOURCE/论文/computer and geosciences整理/论文/旧TARF_三维物理残差Transformer_20260928/runs/residual_r_1001_s1107/history.jsonl
1001,Base-TARF,1107,1,19,102.037696838,0.000698824808341,ARCHIVED_SOURCE/论文/computer and geosciences整理/论文/旧TARF_三维物理残差Transformer_20260928/runs/residual_r_1001_s1107/history.jsonl
1001,Base-TARF,1107,1,20,109.587402344,0.000656052257699,ARCHIVED_SOURCE/论文/computer and geosciences整理/论文/旧TARF_三维物理残差Transformer_20260928/runs/residual_r_1001_s1107/history.jsonl
1001,Base-TARF,1107,1,21,118.718589783,0.000621441851673,ARCHIVED_SOURCE/论文/computer and geosciences整理/论文/旧TARF_三维物理残差Transformer_20260928/runs/residual_r_1001_s1107/history.jsonl
1001,Base-TARF,1107,1,22,114.218040466,0.000586397840954,ARCHIVED_SOURCE/论文/computer and geosciences整理/论文/旧TARF_三维物理残差Transformer_20260928/runs/residual_r_1001_s1107/history.jsonl
1001,Base-TARF,1107,1,23,105.207603455,0.000555882636607,ARCHIVED_SOURCE/论文/computer and geosciences整理/论文/旧TARF_三维物理残差Transformer_20260928/runs/residual_r_1001_s1107/history.jsonl
1001,Base-TARF,1107,1,24,117.237098694,0.000522633972833,ARCHIVED_SOURCE/论文/computer and geosciences整理/论文/旧TARF_三维物理残差Transformer_20260928/runs/residual_r_1001_s1107/history.jsonl
1001,Base-TARF,1107,1,25,115.165046692,0.000496433693433,ARCHIVED_SOURCE/论文/computer and geosciences整理/论文/旧TARF_三维物理残差Transformer_20260928/runs/residual_r_1001_s1107/history.jsonl
1001,Base-TARF,1107,1,26,110.959571838,0.000464943223135,ARCHIVED_SOURCE/论文/computer and geosciences整理/论文/旧TARF_三维物理残差Transformer_20260928/runs/residual_r_1001_s1107/history.jsonl
1001,Base-TARF,1107,1,27,112.341850281,0.000438262941949,ARCHIVED_SOURCE/论文/computer and geosciences整理/论文/旧TARF_三维物理残差Transformer_20260928/runs/residual_r_1001_s1107/history.jsonl
1001,Base-TARF,1107,1,28,112.582176208,0.000414377948,ARCHIVED_SOURCE/论文/computer and geosciences整理/论文/旧TARF_三维物理残差Transformer_20260928/runs/residual_r_1001_s1107/history.jsonl
1001,Base-TARF,1107,1,29,116.257835388,0.000392280715762,ARCHIVED_SOURCE/论文/computer and geosciences整理/论文/旧TARF_三维物理残差Transformer_20260928/runs/residual_r_1001_s1107/history.jsonl
1001,Base-TARF,1107,1,30,119.365722656,0.000369150450333,ARCHIVED_SOURCE/论文/computer and geosciences整理/论文/旧TARF_三维物理残差Transformer_20260928/runs/residual_r_1001_s1107/history.jsonl
1001,Base-TARF,1107,1,31,116.775253296,0.000350435620079,ARCHIVED_SOURCE/论文/computer and geosciences整理/论文/旧TARF_三维物理残差Transformer_20260928/runs/residual_r_1001_s1107/history.jsonl
1001,Base-TARF,1107,1,32,120.290489197,0.000335453571212,ARCHIVED_SOURCE/论文/computer and geosciences整理/论文/旧TARF_三维物理残差Transformer_20260928/runs/residual_r_1001_s1107/history.jsonl
1001,Base-TARF,1107,1,33,120.288803101,0.000319482721745,ARCHIVED_SOURCE/论文/computer and geosciences整理/论文/旧TARF_三维物理残差Transformer_20260928/runs/residual_r_1001_s1107/history.jsonl
1001,Base-TARF,1107,1,34,122.497924805,0.00030470218889,ARCHIVED_SOURCE/论文/computer and geosciences整理/论文/旧TARF_三维物理残差Transformer_20260928/runs/residual_r_1001_s1107/history.jsonl
1001,Base-TARF,1107,1,35,123.344924927,0.000293782195734,ARCHIVED_SOURCE/论文/computer and geosciences整理/论文/旧TARF_三维物理残差Transformer_20260928/runs/residual_r_1001_s1107/history.jsonl
1001,Base-TARF,1107,1,36,123.165359497,0.000281418467509,ARCHIVED_SOURCE/论文/computer and geosciences整理/论文/旧TARF_三维物理残差Transformer_20260928/runs/residual_r_1001_s1107/history.jsonl
1001,Base-TARF,1107,1,37,122.323196411,0.000270164452429,ARCHIVED_SOURCE/论文/computer and geosciences整理/论文/旧TARF_三维物理残差Transformer_20260928/runs/residual_r_1001_s1107/history.jsonl
1001,Base-TARF,1107,1,38,124.795814514,0.000262026648921,ARCHIVED_SOURCE/论文/computer and geosciences整理/论文/旧TARF_三维物理残差Transformer_20260928/runs/residual_r_1001_s1107/history.jsonl
1001,Base-TARF,1107,1,39,125.350097656,0.000253817835651,ARCHIVED_SOURCE/论文/computer and geosciences整理/论文/旧TARF_三维物理残差Transformer_20260928/runs/residual_r_1001_s1107/history.jsonl
1001,Base-TARF,1107,1,40,125.956809998,0.000247303087847,ARCHIVED_SOURCE/论文/computer and geosciences整理/论文/旧TARF_三维物理残差Transformer_20260928/runs/residual_r_1001_s1107/history.jsonl
1001,Base-TARF,1107,1,41,126.6432724,0.000241669268619,ARCHIVED_SOURCE/论文/computer and geosciences整理/论文/旧TARF_三维物理残差Transformer_20260928/runs/residual_r_1001_s1107/history.jsonl
1001,Base-TARF,1107,1,42,126.428703308,0.000236896176174,ARCHIVED_SOURCE/论文/computer and geosciences整理/论文/旧TARF_三维物理残差Transformer_20260928/runs/residual_r_1001_s1107/history.jsonl
1001,Base-TARF,1107,1,43,126.539840698,0.000231759176797,ARCHIVED_SOURCE/论文/computer and geosciences整理/论文/旧TARF_三维物理残差Transformer_20260928/runs/residual_r_1001_s1107/history.jsonl
1001,Base-TARF,1107,1,44,126.671302795,0.000228028632946,ARCHIVED_SOURCE/论文/computer and geosciences整理/论文/旧TARF_三维物理残差Transformer_20260928/runs/residual_r_1001_s1107/history.jsonl
1001,Base-TARF,1107,1,45,127.017837524,0.000226184964197,ARCHIVED_SOURCE/论文/computer and geosciences整理/论文/旧TARF_三维物理残差Transformer_20260928/runs/residual_r_1001_s1107/history.jsonl
1001,Base-TARF,1107,1,46,127.045852661,0.000224455059998,ARCHIVED_SOURCE/论文/computer and geosciences整理/论文/旧TARF_三维物理残差Transformer_20260928/runs/residual_r_1001_s1107/history.jsonl
1001,Base-TARF,1107,1,47,127.462265015,0.00022236245394,ARCHIVED_SOURCE/论文/computer and geosciences整理/论文/旧TARF_三维物理残差Transformer_20260928/runs/residual_r_1001_s1107/history.jsonl
1001,Base-TARF,1107,1,48,127.57673645,0.00022098552811,ARCHIVED_SOURCE/论文/computer and geosciences整理/论文/旧TARF_三维物理残差Transformer_20260928/runs/residual_r_1001_s1107/history.jsonl
1001,Base-TARF,1107,1,49,127.447746277,0.00022065028388,ARCHIVED_SOURCE/论文/computer and geosciences整理/论文/旧TARF_三维物理残差Transformer_20260928/runs/residual_r_1001_s1107/history.jsonl
1001,Base-TARF,1107,1,50,127.571998596,0.000220261976701,ARCHIVED_SOURCE/论文/computer and geosciences整理/论文/旧TARF_三维物理残差Transformer_20260928/runs/residual_r_1001_s1107/history.jsonl
1001,Base-TARF,1108,1,1,319.333435059,0.0227394258241,ARCHIVED_SOURCE/论文/computer and geosciences整理/五六分量物理互补利用_V033基座_20260923_PhysicsLoss/runs/phys_complement_1001_s1108/history.jsonl
1001,Base-TARF,1108,1,2,257.235961914,0.0030695794632,ARCHIVED_SOURCE/论文/computer and geosciences整理/五六分量物理互补利用_V033基座_20260923_PhysicsLoss/runs/phys_complement_1001_s1108/history.jsonl
1001,Base-TARF,1108,1,3,206.227676392,0.00263737229044,ARCHIVED_SOURCE/论文/computer and geosciences整理/五六分量物理互补利用_V033基座_20260923_PhysicsLoss/runs/phys_complement_1001_s1108/history.jsonl
1001,Base-TARF,1108,1,4,205.889068604,0.00237121354434,ARCHIVED_SOURCE/论文/computer and geosciences整理/五六分量物理互补利用_V033基座_20260923_PhysicsLoss/runs/phys_complement_1001_s1108/history.jsonl
1001,Base-TARF,1108,1,5,180.063201904,0.0021977165895,ARCHIVED_SOURCE/论文/computer and geosciences整理/五六分量物理互补利用_V033基座_20260923_PhysicsLoss/runs/phys_complement_1001_s1108/history.jsonl
1001,Base-TARF,1108,1,6,176.217102051,0.0020409952714,ARCHIVED_SOURCE/论文/computer and geosciences整理/五六分量物理互补利用_V033基座_20260923_PhysicsLoss/runs/phys_complement_1001_s1108/history.jsonl
1001,Base-TARF,1108,1,7,175.23878479,0.00188138379169,ARCHIVED_SOURCE/论文/computer and geosciences整理/五六分量物理互补利用_V033基座_20260923_PhysicsLoss/runs/phys_complement_1001_s1108/history.jsonl
1001,Base-TARF,1108,1,8,146.348266602,0.00169210875952,ARCHIVED_SOURCE/论文/computer and geosciences整理/五六分量物理互补利用_V033基座_20260923_PhysicsLoss/runs/phys_complement_1001_s1108/history.jsonl
1001,Base-TARF,1108,1,9,138.441116333,0.00149353408493,ARCHIVED_SOURCE/论文/computer and geosciences整理/五六分量物理互补利用_V033基座_20260923_PhysicsLoss/runs/phys_complement_1001_s1108/history.jsonl
1001,Base-TARF,1108,1,10,126.991409302,0.00120505083007,ARCHIVED_SOURCE/论文/computer and geosciences整理/五六分量物理互补利用_V033基座_20260923_PhysicsLoss/runs/phys_complement_1001_s1108/history.jsonl
1001,Base-TARF,1108,1,11,119.813690186,0.00108997149745,ARCHIVED_SOURCE/论文/computer and geosciences整理/五六分量物理互补利用_V033基座_20260923_PhysicsLoss/runs/phys_complement_1001_s1108/history.jsonl
1001,Base-TARF,1108,1,12,116.140197754,0.00101089581117,ARCHIVED_SOURCE/论文/computer and geosciences整理/五六分量物理互补利用_V033基座_20260923_PhysicsLoss/runs/phys_complement_1001_s1108/history.jsonl
1001,Base-TARF,1108,1,13,120.801498413,0.000936571344674,ARCHIVED_SOURCE/论文/computer and geosciences整理/五六分量物理互补利用_V033基座_20260923_PhysicsLoss/runs/phys_complement_1001_s1108/history.jsonl
1001,Base-TARF,1108,1,14,112.651184082,0.000878456773954,ARCHIVED_SOURCE/论文/computer and geosciences整理/五六分量物理互补利用_V033基座_20260923_PhysicsLoss/runs/phys_complement_1001_s1108/history.jsonl
1001,Base-TARF,1108,1,15,116.015815735,0.000813243161773,ARCHIVED_SOURCE/论文/computer and geosciences整理/五六分量物理互补利用_V033基座_20260923_PhysicsLoss/runs/phys_complement_1001_s1108/history.jsonl
1001,Base-TARF,1108,1,16,123.340126038,0.000768884768882,ARCHIVED_SOURCE/论文/computer and geosciences整理/五六分量物理互补利用_V033基座_20260923_PhysicsLoss/runs/phys_complement_1001_s1108/history.jsonl
1001,Base-TARF,1108,1,17,112.58996582,0.000724320765864,ARCHIVED_SOURCE/论文/computer and geosciences整理/五六分量物理互补利用_V033基座_20260923_PhysicsLoss/runs/phys_complement_1001_s1108/history.jsonl
1001,Base-TARF,1108,1,18,112.355773926,0.000680738905234,ARCHIVED_SOURCE/论文/computer and geosciences整理/五六分量物理互补利用_V033基座_20260923_PhysicsLoss/runs/phys_complement_1001_s1108/history.jsonl
1001,Base-TARF,1108,1,19,113.981048584,0.000637791283507,ARCHIVED_SOURCE/论文/computer and geosciences整理/五六分量物理互补利用_V033基座_20260923_PhysicsLoss/runs/phys_complement_1001_s1108/history.jsonl
1001,Base-TARF,1108,1,20,117.04598999,0.000598347062408,ARCHIVED_SOURCE/论文/computer and geosciences整理/五六分量物理互补利用_V033基座_20260923_PhysicsLoss/runs/phys_complement_1001_s1108/history.jsonl
1001,Base-TARF,1108,1,21,120.183746338,0.000569337544934,ARCHIVED_SOURCE/论文/computer and geosciences整理/五六分量物理互补利用_V033基座_20260923_PhysicsLoss/runs/phys_complement_1001_s1108/history.jsonl
1001,Base-TARF,1108,1,22,120.39364624,0.000534887041051,ARCHIVED_SOURCE/论文/computer and geosciences整理/五六分量物理互补利用_V033基座_20260923_PhysicsLoss/runs/phys_complement_1001_s1108/history.jsonl
1001,Base-TARF,1108,1,23,116.432373047,0.000501782850218,ARCHIVED_SOURCE/论文/computer and geosciences整理/五六分量物理互补利用_V033基座_20260923_PhysicsLoss/runs/phys_complement_1001_s1108/history.jsonl
1001,Base-TARF,1108,1,24,118.693412781,0.00047101227365,ARCHIVED_SOURCE/论文/computer and geosciences整理/五六分量物理互补利用_V033基座_20260923_PhysicsLoss/runs/phys_complement_1001_s1108/history.jsonl
1001,Base-TARF,1108,1,25,128.976287842,0.000446427605332,ARCHIVED_SOURCE/论文/computer and geosciences整理/五六分量物理互补利用_V033基座_20260923_PhysicsLoss/runs/phys_complement_1001_s1108/history.jsonl
1001,Base-TARF,1108,1,26,122.955413818,0.000423979696264,ARCHIVED_SOURCE/论文/computer and geosciences整理/五六分量物理互补利用_V033基座_20260923_PhysicsLoss/runs/phys_complement_1001_s1108/history.jsonl
1001,Base-TARF,1108,1,27,123.87096405,0.000400940179772,ARCHIVED_SOURCE/论文/computer and geosciences整理/五六分量物理互补利用_V033基座_20260923_PhysicsLoss/runs/phys_complement_1001_s1108/history.jsonl
1001,Base-TARF,1108,1,28,126.03477478,0.000375960490461,ARCHIVED_SOURCE/论文/computer and geosciences整理/五六分量物理互补利用_V033基座_20260923_PhysicsLoss/runs/phys_complement_1001_s1108/history.jsonl
1001,Base-TARF,1108,1,29,125.615974426,0.000358260346271,ARCHIVED_SOURCE/论文/computer and geosciences整理/五六分量物理互补利用_V033基座_20260923_PhysicsLoss/runs/phys_complement_1001_s1108/history.jsonl
1001,Base-TARF,1108,1,30,125.69317627,0.000339237100864,ARCHIVED_SOURCE/论文/computer and geosciences整理/五六分量物理互补利用_V033基座_20260923_PhysicsLoss/runs/phys_complement_1001_s1108/history.jsonl
1001,Base-TARF,1108,1,31,126.761352539,0.000322867095415,ARCHIVED_SOURCE/论文/computer and geosciences整理/五六分量物理互补利用_V033基座_20260923_PhysicsLoss/runs/phys_complement_1001_s1108/history.jsonl
1001,Base-TARF,1108,1,32,127.003700256,0.000308298841309,ARCHIVED_SOURCE/论文/computer and geosciences整理/五六分量物理互补利用_V033基座_20260923_PhysicsLoss/runs/phys_complement_1001_s1108/history.jsonl
1001,Base-TARF,1108,1,33,127.243110657,0.000294622692888,ARCHIVED_SOURCE/论文/computer and geosciences整理/五六分量物理互补利用_V033基座_20260923_PhysicsLoss/runs/phys_complement_1001_s1108/history.jsonl
1001,Base-TARF,1108,1,34,127.93838501,0.000282448476155,ARCHIVED_SOURCE/论文/computer and geosciences整理/五六分量物理互补利用_V033基座_20260923_PhysicsLoss/runs/phys_complement_1001_s1108/history.jsonl
1001,Base-TARF,1108,1,35,126.203651428,0.000272264184969,ARCHIVED_SOURCE/论文/computer and geosciences整理/五六分量物理互补利用_V033基座_20260923_PhysicsLoss/runs/phys_complement_1001_s1108/history.jsonl
1001,Base-TARF,1108,1,36,130.134017944,0.000261629784331,ARCHIVED_SOURCE/论文/computer and geosciences整理/五六分量物理互补利用_V033基座_20260923_PhysicsLoss/runs/phys_complement_1001_s1108/history.jsonl
1001,Base-TARF,1108,1,37,129.349472046,0.000251404843026,ARCHIVED_SOURCE/论文/computer and geosciences整理/五六分量物理互补利用_V033基座_20260923_PhysicsLoss/runs/phys_complement_1001_s1108/history.jsonl
1001,Base-TARF,1108,1,38,129.477920532,0.000244001046157,ARCHIVED_SOURCE/论文/computer and geosciences整理/五六分量物理互补利用_V033基座_20260923_PhysicsLoss/runs/phys_complement_1001_s1108/history.jsonl
1001,Base-TARF,1108,1,39,130.306930542,0.000236227275809,ARCHIVED_SOURCE/论文/computer and geosciences整理/五六分量物理互补利用_V033基座_20260923_PhysicsLoss/runs/phys_complement_1001_s1108/history.jsonl
1001,Base-TARF,1108,1,40,131.097732544,0.000230750386106,ARCHIVED_SOURCE/论文/computer and geosciences整理/五六分量物理互补利用_V033基座_20260923_PhysicsLoss/runs/phys_complement_1001_s1108/history.jsonl
1001,Base-TARF,1108,1,41,131.141281128,0.000225920507814,ARCHIVED_SOURCE/论文/computer and geosciences整理/五六分量物理互补利用_V033基座_20260923_PhysicsLoss/runs/phys_complement_1001_s1108/history.jsonl
1001,Base-TARF,1108,1,42,130.812576294,0.000221413938031,ARCHIVED_SOURCE/论文/computer and geosciences整理/五六分量物理互补利用_V033基座_20260923_PhysicsLoss/runs/phys_complement_1001_s1108/history.jsonl
1001,Base-TARF,1108,1,43,132.063568115,0.000217036698766,ARCHIVED_SOURCE/论文/computer and geosciences整理/五六分量物理互补利用_V033基座_20260923_PhysicsLoss/runs/phys_complement_1001_s1108/history.jsonl
1001,Base-TARF,1108,1,44,131.490768433,0.000213981792313,ARCHIVED_SOURCE/论文/computer and geosciences整理/五六分量物理互补利用_V033基座_20260923_PhysicsLoss/runs/phys_complement_1001_s1108/history.jsonl
1001,Base-TARF,1108,1,45,131.493881226,0.00021149185099,ARCHIVED_SOURCE/论文/computer and geosciences整理/五六分量物理互补利用_V033基座_20260923_PhysicsLoss/runs/phys_complement_1001_s1108/history.jsonl
1001,Base-TARF,1108,1,46,131.830688477,0.000210086285464,ARCHIVED_SOURCE/论文/computer and geosciences整理/五六分量物理互补利用_V033基座_20260923_PhysicsLoss/runs/phys_complement_1001_s1108/history.jsonl
1001,Base-TARF,1108,1,47,132.139007568,0.000208098519271,ARCHIVED_SOURCE/论文/computer and geosciences整理/五六分量物理互补利用_V033基座_20260923_PhysicsLoss/runs/phys_complement_1001_s1108/history.jsonl
1001,Base-TARF,1108,1,48,131.936203003,0.000206878463334,ARCHIVED_SOURCE/论文/computer and geosciences整理/五六分量物理互补利用_V033基座_20260923_PhysicsLoss/runs/phys_complement_1001_s1108/history.jsonl
1001,Base-TARF,1108,1,49,131.896362305,0.000206383419826,ARCHIVED_SOURCE/论文/computer and geosciences整理/五六分量物理互补利用_V033基座_20260923_PhysicsLoss/runs/phys_complement_1001_s1108/history.jsonl
1001,Base-TARF,1108,1,50,131.956481934,0.000206355295112,ARCHIVED_SOURCE/论文/computer and geosciences整理/五六分量物理互补利用_V033基座_20260923_PhysicsLoss/runs/phys_complement_1001_s1108/history.jsonl
1001,Base-TARF,1109,1,1,344.591522217,0.0116831303336,ARCHIVED_SOURCE/论文/computer and geosciences整理/五六分量物理互补利用_V033基座_20260923_PhysicsLoss/runs/phys_complement_1001_s1109/history.jsonl
1001,Base-TARF,1109,1,2,251.839630127,0.00313629294622,ARCHIVED_SOURCE/论文/computer and geosciences整理/五六分量物理互补利用_V033基座_20260923_PhysicsLoss/runs/phys_complement_1001_s1109/history.jsonl
1001,Base-TARF,1109,1,3,217.770126343,0.00266150689289,ARCHIVED_SOURCE/论文/computer and geosciences整理/五六分量物理互补利用_V033基座_20260923_PhysicsLoss/runs/phys_complement_1001_s1109/history.jsonl
1001,Base-TARF,1109,1,4,194.560012817,0.00239066728653,ARCHIVED_SOURCE/论文/computer and geosciences整理/五六分量物理互补利用_V033基座_20260923_PhysicsLoss/runs/phys_complement_1001_s1109/history.jsonl
1001,Base-TARF,1109,1,5,185.676956177,0.00221086982246,ARCHIVED_SOURCE/论文/computer and geosciences整理/五六分量物理互补利用_V033基座_20260923_PhysicsLoss/runs/phys_complement_1001_s1109/history.jsonl
1001,Base-TARF,1109,1,6,168.411682129,0.00205251765838,ARCHIVED_SOURCE/论文/computer and geosciences整理/五六分量物理互补利用_V033基座_20260923_PhysicsLoss/runs/phys_complement_1001_s1109/history.jsonl
1001,Base-TARF,1109,1,7,156.374710083,0.00185201075546,ARCHIVED_SOURCE/论文/computer and geosciences整理/五六分量物理互补利用_V033基座_20260923_PhysicsLoss/runs/phys_complement_1001_s1109/history.jsonl
1001,Base-TARF,1109,1,8,151.659423828,0.00156126140578,ARCHIVED_SOURCE/论文/computer and geosciences整理/五六分量物理互补利用_V033基座_20260923_PhysicsLoss/runs/phys_complement_1001_s1109/history.jsonl
1001,Base-TARF,1109,1,9,134.125900269,0.00129952667392,ARCHIVED_SOURCE/论文/computer and geosciences整理/五六分量物理互补利用_V033基座_20260923_PhysicsLoss/runs/phys_complement_1001_s1109/history.jsonl
1001,Base-TARF,1109,1,10,114.217376709,0.00116264199031,ARCHIVED_SOURCE/论文/computer and geosciences整理/五六分量物理互补利用_V033基座_20260923_PhysicsLoss/runs/phys_complement_1001_s1109/history.jsonl
1001,Base-TARF,1109,1,11,116.268501282,0.00109391349545,ARCHIVED_SOURCE/论文/computer and geosciences整理/五六分量物理互补利用_V033基座_20260923_PhysicsLoss/runs/phys_complement_1001_s1109/history.jsonl
1001,Base-TARF,1109,1,12,125.744697571,0.00101644335717,ARCHIVED_SOURCE/论文/computer and geosciences整理/五六分量物理互补利用_V033基座_20260923_PhysicsLoss/runs/phys_complement_1001_s1109/history.jsonl
1001,Base-TARF,1109,1,13,110.708511353,0.000949452851642,ARCHIVED_SOURCE/论文/computer and geosciences整理/五六分量物理互补利用_V033基座_20260923_PhysicsLoss/runs/phys_complement_1001_s1109/history.jsonl
1001,Base-TARF,1109,1,14,112.408737183,0.000898279562846,ARCHIVED_SOURCE/论文/computer and geosciences整理/五六分量物理互补利用_V033基座_20260923_PhysicsLoss/runs/phys_complement_1001_s1109/history.jsonl
1001,Base-TARF,1109,1,15,112.460884094,0.000843464889629,ARCHIVED_SOURCE/论文/computer and geosciences整理/五六分量物理互补利用_V033基座_20260923_PhysicsLoss/runs/phys_complement_1001_s1109/history.jsonl
1001,Base-TARF,1109,1,16,106.39289856,0.000795513612222,ARCHIVED_SOURCE/论文/computer and geosciences整理/五六分量物理互补利用_V033基座_20260923_PhysicsLoss/runs/phys_complement_1001_s1109/history.jsonl
1001,Base-TARF,1109,1,17,114.967025757,0.000746322499944,ARCHIVED_SOURCE/论文/computer and geosciences整理/五六分量物理互补利用_V033基座_20260923_PhysicsLoss/runs/phys_complement_1001_s1109/history.jsonl
1001,Base-TARF,1109,1,18,110.046272278,0.000708553992605,ARCHIVED_SOURCE/论文/computer and geosciences整理/五六分量物理互补利用_V033基座_20260923_PhysicsLoss/runs/phys_complement_1001_s1109/history.jsonl
1001,Base-TARF,1109,1,19,121.405227661,0.00066634502805,ARCHIVED_SOURCE/论文/computer and geosciences整理/五六分量物理互补利用_V033基座_20260923_PhysicsLoss/runs/phys_complement_1001_s1109/history.jsonl
1001,Base-TARF,1109,1,20,118.88911438,0.000623933857455,ARCHIVED_SOURCE/论文/computer and geosciences整理/五六分量物理互补利用_V033基座_20260923_PhysicsLoss/runs/phys_complement_1001_s1109/history.jsonl
1001,Base-TARF,1109,1,21,109.803573608,0.00059958108789,ARCHIVED_SOURCE/论文/computer and geosciences整理/五六分量物理互补利用_V033基座_20260923_PhysicsLoss/runs/phys_complement_1001_s1109/history.jsonl
1001,Base-TARF,1109,1,22,113.982498169,0.000560696607858,ARCHIVED_SOURCE/论文/computer and geosciences整理/五六分量物理互补利用_V033基座_20260923_PhysicsLoss/runs/phys_complement_1001_s1109/history.jsonl
1001,Base-TARF,1109,1,23,116.519714355,0.000528838030246,ARCHIVED_SOURCE/论文/computer and geosciences整理/五六分量物理互补利用_V033基座_20260923_PhysicsLoss/runs/phys_complement_1001_s1109/history.jsonl
1001,Base-TARF,1109,1,24,116.345840454,0.000502645613572,ARCHIVED_SOURCE/论文/computer and geosciences整理/五六分量物理互补利用_V033基座_20260923_PhysicsLoss/runs/phys_complement_1001_s1109/history.jsonl
1001,Base-TARF,1109,1,25,118.227050781,0.000471064383434,ARCHIVED_SOURCE/论文/computer and geosciences整理/五六分量物理互补利用_V033基座_20260923_PhysicsLoss/runs/phys_complement_1001_s1109/history.jsonl
1001,Base-TARF,1109,1,26,114.097099304,0.000445445964394,ARCHIVED_SOURCE/论文/computer and geosciences整理/五六分量物理互补利用_V033基座_20260923_PhysicsLoss/runs/phys_complement_1001_s1109/history.jsonl
1001,Base-TARF,1109,1,27,122.156646729,0.000422186941822,ARCHIVED_SOURCE/论文/computer and geosciences整理/五六分量物理互补利用_V033基座_20260923_PhysicsLoss/runs/phys_complement_1001_s1109/history.jsonl
1001,Base-TARF,1109,1,28,119.764900208,0.00039559622247,ARCHIVED_SOURCE/论文/computer and geosciences整理/五六分量物理互补利用_V033基座_20260923_PhysicsLoss/runs/phys_complement_1001_s1109/history.jsonl
1001,Base-TARF,1109,1,29,116.964401245,0.000377494310357,ARCHIVED_SOURCE/论文/computer and geosciences整理/五六分量物理互补利用_V033基座_20260923_PhysicsLoss/runs/phys_complement_1001_s1109/history.jsonl
1001,Base-TARF,1109,1,30,119.696838379,0.000357860411181,ARCHIVED_SOURCE/论文/computer and geosciences整理/五六分量物理互补利用_V033基座_20260923_PhysicsLoss/runs/phys_complement_1001_s1109/history.jsonl
1001,Base-TARF,1109,1,31,122.337425232,0.000338718635489,ARCHIVED_SOURCE/论文/computer and geosciences整理/五六分量物理互补利用_V033基座_20260923_PhysicsLoss/runs/phys_complement_1001_s1109/history.jsonl
1001,Base-TARF,1109,1,32,127.121986389,0.000323168500875,ARCHIVED_SOURCE/论文/computer and geosciences整理/五六分量物理互补利用_V033基座_20260923_PhysicsLoss/runs/phys_complement_1001_s1109/history.jsonl
1001,Base-TARF,1109,1,33,124.558151245,0.000309932851217,ARCHIVED_SOURCE/论文/computer and geosciences整理/五六分量物理互补利用_V033基座_20260923_PhysicsLoss/runs/phys_complement_1001_s1109/history.jsonl
1001,Base-TARF,1109,1,34,125.308624268,0.000295620972139,ARCHIVED_SOURCE/论文/computer and geosciences整理/五六分量物理互补利用_V033基座_20260923_PhysicsLoss/runs/phys_complement_1001_s1109/history.jsonl
1001,Base-TARF,1109,1,35,127.390075684,0.000285495897901,ARCHIVED_SOURCE/论文/computer and geosciences整理/五六分量物理互补利用_V033基座_20260923_PhysicsLoss/runs/phys_complement_1001_s1109/history.jsonl
1001,Base-TARF,1109,1,36,129.611190796,0.000274531417166,ARCHIVED_SOURCE/论文/computer and geosciences整理/五六分量物理互补利用_V033基座_20260923_PhysicsLoss/runs/phys_complement_1001_s1109/history.jsonl
1001,Base-TARF,1109,1,37,131.03112793,0.000263781546504,ARCHIVED_SOURCE/论文/computer and geosciences整理/五六分量物理互补利用_V033基座_20260923_PhysicsLoss/runs/phys_complement_1001_s1109/history.jsonl
1001,Base-TARF,1109,1,38,128.959732056,0.000255721651464,ARCHIVED_SOURCE/论文/computer and geosciences整理/五六分量物理互补利用_V033基座_20260923_PhysicsLoss/runs/phys_complement_1001_s1109/history.jsonl
1001,Base-TARF,1109,1,39,130.577819824,0.000247994039037,ARCHIVED_SOURCE/论文/computer and geosciences整理/五六分量物理互补利用_V033基座_20260923_PhysicsLoss/runs/phys_complement_1001_s1109/history.jsonl
1001,Base-TARF,1109,1,40,131.887466431,0.000242757321307,ARCHIVED_SOURCE/论文/computer and geosciences整理/五六分量物理互补利用_V033基座_20260923_PhysicsLoss/runs/phys_complement_1001_s1109/history.jsonl
1001,Base-TARF,1109,1,41,131.734130859,0.00023709618643,ARCHIVED_SOURCE/论文/computer and geosciences整理/五六分量物理互补利用_V033基座_20260923_PhysicsLoss/runs/phys_complement_1001_s1109/history.jsonl
1001,Base-TARF,1109,1,42,131.467590332,0.000232402288673,ARCHIVED_SOURCE/论文/computer and geosciences整理/五六分量物理互补利用_V033基座_20260923_PhysicsLoss/runs/phys_complement_1001_s1109/history.jsonl
1001,Base-TARF,1109,1,43,131.758911133,0.000227549305962,ARCHIVED_SOURCE/论文/computer and geosciences整理/五六分量物理互补利用_V033基座_20260923_PhysicsLoss/runs/phys_complement_1001_s1109/history.jsonl
1001,Base-TARF,1109,1,44,131.784851074,0.000224088721258,ARCHIVED_SOURCE/论文/computer and geosciences整理/五六分量物理互补利用_V033基座_20260923_PhysicsLoss/runs/phys_complement_1001_s1109/history.jsonl
1001,Base-TARF,1109,1,45,132.157501221,0.000222144647669,ARCHIVED_SOURCE/论文/computer and geosciences整理/五六分量物理互补利用_V033基座_20260923_PhysicsLoss/runs/phys_complement_1001_s1109/history.jsonl
1001,Base-TARF,1109,1,46,132.354934692,0.000219950874704,ARCHIVED_SOURCE/论文/computer and geosciences整理/五六分量物理互补利用_V033基座_20260923_PhysicsLoss/runs/phys_complement_1001_s1109/history.jsonl
1001,Base-TARF,1109,1,47,132.293243408,0.000218062017598,ARCHIVED_SOURCE/论文/computer and geosciences整理/五六分量物理互补利用_V033基座_20260923_PhysicsLoss/runs/phys_complement_1001_s1109/history.jsonl
1001,Base-TARF,1109,1,48,132.051010132,0.000216913785553,ARCHIVED_SOURCE/论文/computer and geosciences整理/五六分量物理互补利用_V033基座_20260923_PhysicsLoss/runs/phys_complement_1001_s1109/history.jsonl
1001,Base-TARF,1109,1,49,132.244308472,0.000216614006985,ARCHIVED_SOURCE/论文/computer and geosciences整理/五六分量物理互补利用_V033基座_20260923_PhysicsLoss/runs/phys_complement_1001_s1109/history.jsonl
1001,Base-TARF,1109,1,50,132.258712769,0.00021592349927,ARCHIVED_SOURCE/论文/computer and geosciences整理/五六分量物理互补利用_V033基座_20260923_PhysicsLoss/runs/phys_complement_1001_s1109/history.jsonl
0101,Base-修正,1107,2,1,106.534912109,0.00030333654206,ARCHIVED_SOURCE/论文/computer and geosciences整理/论文/两阶段冻结初始解_支持域门控修正_20260928/runs/staged_sg_0101_s1107/history.jsonl
0101,Base-修正,1107,2,2,101.680870056,0.000284161556477,ARCHIVED_SOURCE/论文/computer and geosciences整理/论文/两阶段冻结初始解_支持域门控修正_20260928/runs/staged_sg_0101_s1107/history.jsonl
0101,Base-修正,1107,2,3,99.8927688599,0.000278197197123,ARCHIVED_SOURCE/论文/computer and geosciences整理/论文/两阶段冻结初始解_支持域门控修正_20260928/runs/staged_sg_0101_s1107/history.jsonl
0101,Base-修正,1107,2,4,99.6231994629,0.000274877462995,ARCHIVED_SOURCE/论文/computer and geosciences整理/论文/两阶段冻结初始解_支持域门控修正_20260928/runs/staged_sg_0101_s1107/history.jsonl
0101,Base-修正,1107,2,5,100.174797058,0.000271978163658,ARCHIVED_SOURCE/论文/computer and geosciences整理/论文/两阶段冻结初始解_支持域门控修正_20260928/runs/staged_sg_0101_s1107/history.jsonl
0101,Base-修正,1107,2,6,100.049591064,0.000270235335609,ARCHIVED_SOURCE/论文/computer and geosciences整理/论文/两阶段冻结初始解_支持域门控修正_20260928/runs/staged_sg_0101_s1107/history.jsonl
0101,Base-修正,1107,2,7,99.2442474365,0.000268634977308,ARCHIVED_SOURCE/论文/computer and geosciences整理/论文/两阶段冻结初始解_支持域门控修正_20260928/runs/staged_sg_0101_s1107/history.jsonl
0101,Base-修正,1107,2,8,98.6896591187,0.000267061322814,ARCHIVED_SOURCE/论文/computer and geosciences整理/论文/两阶段冻结初始解_支持域门控修正_20260928/runs/staged_sg_0101_s1107/history.jsonl
0101,Base-修正,1107,2,9,98.6118469238,0.000265633269077,ARCHIVED_SOURCE/论文/computer and geosciences整理/论文/两阶段冻结初始解_支持域门控修正_20260928/runs/staged_sg_0101_s1107/history.jsonl
0101,Base-修正,1107,2,10,97.9909286499,0.000264129851734,ARCHIVED_SOURCE/论文/computer and geosciences整理/论文/两阶段冻结初始解_支持域门控修正_20260928/runs/staged_sg_0101_s1107/history.jsonl
0101,Base-修正,1107,2,11,98.0774154663,0.000263163575627,ARCHIVED_SOURCE/论文/computer and geosciences整理/论文/两阶段冻结初始解_支持域门控修正_20260928/runs/staged_sg_0101_s1107/history.jsonl
0101,Base-修正,1107,2,12,96.9613723755,0.000261313229108,ARCHIVED_SOURCE/论文/computer and geosciences整理/论文/两阶段冻结初始解_支持域门控修正_20260928/runs/staged_sg_0101_s1107/history.jsonl
0101,Base-修正,1107,2,13,98.9995956421,0.000260697124763,ARCHIVED_SOURCE/论文/computer and geosciences整理/论文/两阶段冻结初始解_支持域门控修正_20260928/runs/staged_sg_0101_s1107/history.jsonl
0101,Base-修正,1107,2,14,96.1535110474,0.000259262293739,ARCHIVED_SOURCE/论文/computer and geosciences整理/论文/两阶段冻结初始解_支持域门控修正_20260928/runs/staged_sg_0101_s1107/history.jsonl
0101,Base-修正,1107,2,15,98.208656311,0.000258632919011,ARCHIVED_SOURCE/论文/computer and geosciences整理/论文/两阶段冻结初始解_支持域门控修正_20260928/runs/staged_sg_0101_s1107/history.jsonl
0101,Base-修正,1107,2,16,97.7387084961,0.0002575550241,ARCHIVED_SOURCE/论文/computer and geosciences整理/论文/两阶段冻结初始解_支持域门控修正_20260928/runs/staged_sg_0101_s1107/history.jsonl
0101,Base-修正,1107,2,17,96.6920776367,0.000257083458227,ARCHIVED_SOURCE/论文/computer and geosciences整理/论文/两阶段冻结初始解_支持域门控修正_20260928/runs/staged_sg_0101_s1107/history.jsonl
0101,Base-修正,1107,2,18,95.1800079346,0.000255858154267,ARCHIVED_SOURCE/论文/computer and geosciences整理/论文/两阶段冻结初始解_支持域门控修正_20260928/runs/staged_sg_0101_s1107/history.jsonl
0101,Base-修正,1107,2,19,97.6352157593,0.000255570982861,ARCHIVED_SOURCE/论文/computer and geosciences整理/论文/两阶段冻结初始解_支持域门控修正_20260928/runs/staged_sg_0101_s1107/history.jsonl
0101,Base-修正,1107,2,20,96.9265213013,0.000254447336952,ARCHIVED_SOURCE/论文/computer and geosciences整理/论文/两阶段冻结初始解_支持域门控修正_20260928/runs/staged_sg_0101_s1107/history.jsonl
0101,Base-修正,1107,2,21,95.9443511963,0.000253658656459,ARCHIVED_SOURCE/论文/computer and geosciences整理/论文/两阶段冻结初始解_支持域门控修正_20260928/runs/staged_sg_0101_s1107/history.jsonl
0101,Base-修正,1107,2,22,96.6830444336,0.000253101380354,ARCHIVED_SOURCE/论文/computer and geosciences整理/论文/两阶段冻结初始解_支持域门控修正_20260928/runs/staged_sg_0101_s1107/history.jsonl
0101,Base-修正,1107,2,23,96.9016723633,0.000252588430733,ARCHIVED_SOURCE/论文/computer and geosciences整理/论文/两阶段冻结初始解_支持域门控修正_20260928/runs/staged_sg_0101_s1107/history.jsonl
0101,Base-修正,1107,2,24,96.7405853271,0.000251749650811,ARCHIVED_SOURCE/论文/computer and geosciences整理/论文/两阶段冻结初始解_支持域门控修正_20260928/runs/staged_sg_0101_s1107/history.jsonl
0101,Base-修正,1107,2,25,96.5499420166,0.000251383627219,ARCHIVED_SOURCE/论文/computer and geosciences整理/论文/两阶段冻结初始解_支持域门控修正_20260928/runs/staged_sg_0101_s1107/history.jsonl
0101,Base-修正,1107,2,26,97.8084411621,0.000250262591306,ARCHIVED_SOURCE/论文/computer and geosciences整理/论文/两阶段冻结初始解_支持域门控修正_20260928/runs/staged_sg_0101_s1107/history.jsonl
0101,Base-修正,1107,2,27,95.0956039429,0.000247779461411,ARCHIVED_SOURCE/论文/computer and geosciences整理/论文/两阶段冻结初始解_支持域门控修正_20260928/runs/staged_sg_0101_s1107/history.jsonl
0101,Base-修正,1107,2,28,96.1769790649,0.000252719069309,ARCHIVED_SOURCE/论文/computer and geosciences整理/论文/两阶段冻结初始解_支持域门控修正_20260928/runs/staged_sg_0101_s1107/history.jsonl
0101,Base-修正,1107,2,29,97.609916687,0.000252182627361,ARCHIVED_SOURCE/论文/computer and geosciences整理/论文/两阶段冻结初始解_支持域门控修正_20260928/runs/staged_sg_0101_s1107/history.jsonl
0101,Base-修正,1107,2,30,96.0093307495,0.000252275501059,ARCHIVED_SOURCE/论文/computer and geosciences整理/论文/两阶段冻结初始解_支持域门控修正_20260928/runs/staged_sg_0101_s1107/history.jsonl
0101,Base-修正,1107,2,31,96.3888015747,0.000252009160818,ARCHIVED_SOURCE/论文/computer and geosciences整理/论文/两阶段冻结初始解_支持域门控修正_20260928/runs/staged_sg_0101_s1107/history.jsonl
0101,Base-修正,1107,2,32,95.681892395,0.000251529085603,ARCHIVED_SOURCE/论文/computer and geosciences整理/论文/两阶段冻结初始解_支持域门控修正_20260928/runs/staged_sg_0101_s1107/history.jsonl
0101,Base-修正,1107,2,33,96.2117004395,0.000251583538283,ARCHIVED_SOURCE/论文/computer and geosciences整理/论文/两阶段冻结初始解_支持域门控修正_20260928/runs/staged_sg_0101_s1107/history.jsonl
0101,Base-修正,1107,2,34,95.7163467407,0.000251038502862,ARCHIVED_SOURCE/论文/computer and geosciences整理/论文/两阶段冻结初始解_支持域门控修正_20260928/runs/staged_sg_0101_s1107/history.jsonl
0101,Base-修正,1107,2,35,95.5269088745,0.000250808182894,ARCHIVED_SOURCE/论文/computer and geosciences整理/论文/两阶段冻结初始解_支持域门控修正_20260928/runs/staged_sg_0101_s1107/history.jsonl
0101,Base-修正,1107,2,36,94.6099853516,0.000250904655379,ARCHIVED_SOURCE/论文/computer and geosciences整理/论文/两阶段冻结初始解_支持域门控修正_20260928/runs/staged_sg_0101_s1107/history.jsonl
0101,Base-修正,1107,2,37,95.8662109375,0.000250234281091,ARCHIVED_SOURCE/论文/computer and geosciences整理/论文/两阶段冻结初始解_支持域门控修正_20260928/runs/staged_sg_0101_s1107/history.jsonl
0101,Base-修正,1107,2,38,95.9860229492,0.000250538404351,ARCHIVED_SOURCE/论文/computer and geosciences整理/论文/两阶段冻结初始解_支持域门控修正_20260928/runs/staged_sg_0101_s1107/history.jsonl
0101,Base-修正,1107,2,39,95.8794937134,0.000250074994505,ARCHIVED_SOURCE/论文/computer and geosciences整理/论文/两阶段冻结初始解_支持域门控修正_20260928/runs/staged_sg_0101_s1107/history.jsonl
0101,Base-修正,1107,2,40,96.148223877,0.000250086676983,ARCHIVED_SOURCE/论文/computer and geosciences整理/论文/两阶段冻结初始解_支持域门控修正_20260928/runs/staged_sg_0101_s1107/history.jsonl
0101,Base-修正,1107,2,41,95.6030044556,0.000250091166254,ARCHIVED_SOURCE/论文/computer and geosciences整理/论文/两阶段冻结初始解_支持域门控修正_20260928/runs/staged_sg_0101_s1107/history.jsonl
0101,Base-修正,1107,2,42,95.6259994507,0.000249853448396,ARCHIVED_SOURCE/论文/computer and geosciences整理/论文/两阶段冻结初始解_支持域门控修正_20260928/runs/staged_sg_0101_s1107/history.jsonl
0101,Base-修正,1107,2,43,95.9083328247,0.000249656701829,ARCHIVED_SOURCE/论文/computer and geosciences整理/论文/两阶段冻结初始解_支持域门控修正_20260928/runs/staged_sg_0101_s1107/history.jsonl
0101,Base-修正,1107,2,44,95.7848815918,0.000249602041763,ARCHIVED_SOURCE/论文/computer and geosciences整理/论文/两阶段冻结初始解_支持域门控修正_20260928/runs/staged_sg_0101_s1107/history.jsonl
0101,Base-修正,1107,2,45,95.6237030029,0.000249179926244,ARCHIVED_SOURCE/论文/computer and geosciences整理/论文/两阶段冻结初始解_支持域门控修正_20260928/runs/staged_sg_0101_s1107/history.jsonl
0101,Base-修正,1107,2,46,95.7445297241,0.000249648177968,ARCHIVED_SOURCE/论文/computer and geosciences整理/论文/两阶段冻结初始解_支持域门控修正_20260928/runs/staged_sg_0101_s1107/history.jsonl
0101,Base-修正,1107,2,47,95.5430145264,0.000249766757884,ARCHIVED_SOURCE/论文/computer and geosciences整理/论文/两阶段冻结初始解_支持域门控修正_20260928/runs/staged_sg_0101_s1107/history.jsonl
0101,Base-修正,1107,2,48,95.6984176636,0.000249391694368,ARCHIVED_SOURCE/论文/computer and geosciences整理/论文/两阶段冻结初始解_支持域门控修正_20260928/runs/staged_sg_0101_s1107/history.jsonl
0101,Base-修正,1107,2,49,95.6795120239,0.000249160552394,ARCHIVED_SOURCE/论文/computer and geosciences整理/论文/两阶段冻结初始解_支持域门控修正_20260928/runs/staged_sg_0101_s1107/history.jsonl
0101,Base-修正,1107,2,50,95.704246521,0.000249416009469,ARCHIVED_SOURCE/论文/computer and geosciences整理/论文/两阶段冻结初始解_支持域门控修正_20260928/runs/staged_sg_0101_s1107/history.jsonl
0101,Base-修正,1108,2,1,102.592590332,0.000460430011221,ARCHIVED_SOURCE/论文/computer and geosciences整理/论文/TARF与门控修正_续训对照与三种子验证_20260929/runs/supplement_0101_s1108/history.jsonl
0101,Base-修正,1108,2,2,99.2524032593,0.000425995971233,ARCHIVED_SOURCE/论文/computer and geosciences整理/论文/TARF与门控修正_续训对照与三种子验证_20260929/runs/supplement_0101_s1108/history.jsonl
0101,Base-修正,1108,2,3,98.8763809204,0.000416518692697,ARCHIVED_SOURCE/论文/computer and geosciences整理/论文/TARF与门控修正_续训对照与三种子验证_20260929/runs/supplement_0101_s1108/history.jsonl
0101,Base-修正,1108,2,4,97.1294631958,0.000410181365335,ARCHIVED_SOURCE/论文/computer and geosciences整理/论文/TARF与门控修正_续训对照与三种子验证_20260929/runs/supplement_0101_s1108/history.jsonl
0101,Base-修正,1108,2,5,97.0683517456,0.000405875642608,ARCHIVED_SOURCE/论文/computer and geosciences整理/论文/TARF与门控修正_续训对照与三种子验证_20260929/runs/supplement_0101_s1108/history.jsonl
0101,Base-修正,1108,2,6,97.3059234619,0.000402939152132,ARCHIVED_SOURCE/论文/computer and geosciences整理/论文/TARF与门控修正_续训对照与三种子验证_20260929/runs/supplement_0101_s1108/history.jsonl
0101,Base-修正,1108,2,7,96.6082839966,0.000400036457982,ARCHIVED_SOURCE/论文/computer and geosciences整理/论文/TARF与门控修正_续训对照与三种子验证_20260929/runs/supplement_0101_s1108/history.jsonl
0101,Base-修正,1108,2,8,96.9763717651,0.000398127024952,ARCHIVED_SOURCE/论文/computer and geosciences整理/论文/TARF与门控修正_续训对照与三种子验证_20260929/runs/supplement_0101_s1108/history.jsonl
0101,Base-修正,1108,2,9,96.1245193481,0.000396011032653,ARCHIVED_SOURCE/论文/computer and geosciences整理/论文/TARF与门控修正_续训对照与三种子验证_20260929/runs/supplement_0101_s1108/history.jsonl
0101,Base-修正,1108,2,10,95.760559082,0.000393831723491,ARCHIVED_SOURCE/论文/computer and geosciences整理/论文/TARF与门控修正_续训对照与三种子验证_20260929/runs/supplement_0101_s1108/history.jsonl
0101,Base-修正,1108,2,11,95.9543457031,0.000392645022848,ARCHIVED_SOURCE/论文/computer and geosciences整理/论文/TARF与门控修正_续训对照与三种子验证_20260929/runs/supplement_0101_s1108/history.jsonl
0101,Base-修正,1108,2,12,96.0703659058,0.000390440103069,ARCHIVED_SOURCE/论文/computer and geosciences整理/论文/TARF与门控修正_续训对照与三种子验证_20260929/runs/supplement_0101_s1108/history.jsonl
0101,Base-修正,1108,2,13,95.8311080933,0.000389893339713,ARCHIVED_SOURCE/论文/computer and geosciences整理/论文/TARF与门控修正_续训对照与三种子验证_20260929/runs/supplement_0101_s1108/history.jsonl
0101,Base-修正,1108,2,14,95.7664413452,0.000388387653873,ARCHIVED_SOURCE/论文/computer and geosciences整理/论文/TARF与门控修正_续训对照与三种子验证_20260929/runs/supplement_0101_s1108/history.jsonl
0101,Base-修正,1108,2,15,95.4850845337,0.000386856024035,ARCHIVED_SOURCE/论文/computer and geosciences整理/论文/TARF与门控修正_续训对照与三种子验证_20260929/runs/supplement_0101_s1108/history.jsonl
0101,Base-修正,1108,2,16,95.1843795776,0.000385794130616,ARCHIVED_SOURCE/论文/computer and geosciences整理/论文/TARF与门控修正_续训对照与三种子验证_20260929/runs/supplement_0101_s1108/history.jsonl
0101,Base-修正,1108,2,17,95.0346298218,0.000383316415998,ARCHIVED_SOURCE/论文/computer and geosciences整理/论文/TARF与门控修正_续训对照与三种子验证_20260929/runs/supplement_0101_s1108/history.jsonl
0101,Base-修正,1108,2,18,95.4624786377,0.000382735577698,ARCHIVED_SOURCE/论文/computer and geosciences整理/论文/TARF与门控修正_续训对照与三种子验证_20260929/runs/supplement_0101_s1108/history.jsonl
0101,Base-修正,1108,2,19,94.7062225342,0.000379926885717,ARCHIVED_SOURCE/论文/computer and geosciences整理/论文/TARF与门控修正_续训对照与三种子验证_20260929/runs/supplement_0101_s1108/history.jsonl
0101,Base-修正,1108,2,20,94.9460372925,0.000385017979918,ARCHIVED_SOURCE/论文/computer and geosciences整理/论文/TARF与门控修正_续训对照与三种子验证_20260929/runs/supplement_0101_s1108/history.jsonl
0101,Base-修正,1108,2,21,94.8669891357,0.000385068557226,ARCHIVED_SOURCE/论文/computer and geosciences整理/论文/TARF与门控修正_续训对照与三种子验证_20260929/runs/supplement_0101_s1108/history.jsonl
0101,Base-修正,1108,2,22,94.4581298828,0.000383898366201,ARCHIVED_SOURCE/论文/computer and geosciences整理/论文/TARF与门控修正_续训对照与三种子验证_20260929/runs/supplement_0101_s1108/history.jsonl
0101,Base-修正,1108,2,23,94.0303115845,0.000382751766354,ARCHIVED_SOURCE/论文/computer and geosciences整理/论文/TARF与门控修正_续训对照与三种子验证_20260929/runs/supplement_0101_s1108/history.jsonl
0101,Base-修正,1108,2,24,94.6169662476,0.000382042017758,ARCHIVED_SOURCE/论文/computer and geosciences整理/论文/TARF与门控修正_续训对照与三种子验证_20260929/runs/supplement_0101_s1108/history.jsonl
0101,Base-修正,1108,2,25,94.1866912842,0.00038216790337,ARCHIVED_SOURCE/论文/computer and geosciences整理/论文/TARF与门控修正_续训对照与三种子验证_20260929/runs/supplement_0101_s1108/history.jsonl
0101,Base-修正,1108,2,26,93.8418731689,0.00038131080221,ARCHIVED_SOURCE/论文/computer and geosciences整理/论文/TARF与门控修正_续训对照与三种子验证_20260929/runs/supplement_0101_s1108/history.jsonl
0101,Base-修正,1108,2,27,94.2995758057,0.000381662974805,ARCHIVED_SOURCE/论文/computer and geosciences整理/论文/TARF与门控修正_续训对照与三种子验证_20260929/runs/supplement_0101_s1108/history.jsonl
0101,Base-修正,1108,2,28,94.6842498779,0.000380412262587,ARCHIVED_SOURCE/论文/computer and geosciences整理/论文/TARF与门控修正_续训对照与三种子验证_20260929/runs/supplement_0101_s1108/history.jsonl
0101,Base-修正,1108,2,29,94.3481903076,0.000379515579101,ARCHIVED_SOURCE/论文/computer and geosciences整理/论文/TARF与门控修正_续训对照与三种子验证_20260929/runs/supplement_0101_s1108/history.jsonl
0101,Base-修正,1108,2,30,94.3058929443,0.000380297621547,ARCHIVED_SOURCE/论文/computer and geosciences整理/论文/TARF与门控修正_续训对照与三种子验证_20260929/runs/supplement_0101_s1108/history.jsonl
0101,Base-修正,1108,2,31,94.0165405273,0.000379681052634,ARCHIVED_SOURCE/论文/computer and geosciences整理/论文/TARF与门控修正_续训对照与三种子验证_20260929/runs/supplement_0101_s1108/history.jsonl
0101,Base-修正,1108,2,32,93.6797714233,0.000378603124281,ARCHIVED_SOURCE/论文/computer and geosciences整理/论文/TARF与门控修正_续训对照与三种子验证_20260929/runs/supplement_0101_s1108/history.jsonl
0101,Base-修正,1108,2,33,93.7371063232,0.000379102951007,ARCHIVED_SOURCE/论文/computer and geosciences整理/论文/TARF与门控修正_续训对照与三种子验证_20260929/runs/supplement_0101_s1108/history.jsonl
0101,Base-修正,1108,2,34,93.7562713623,0.000378194996481,ARCHIVED_SOURCE/论文/computer and geosciences整理/论文/TARF与门控修正_续训对照与三种子验证_20260929/runs/supplement_0101_s1108/history.jsonl
0101,Base-修正,1108,2,35,93.867401123,0.000378405598064,ARCHIVED_SOURCE/论文/computer and geosciences整理/论文/TARF与门控修正_续训对照与三种子验证_20260929/runs/supplement_0101_s1108/history.jsonl
0101,Base-修正,1108,2,36,93.5944900513,0.000377808268673,ARCHIVED_SOURCE/论文/computer and geosciences整理/论文/TARF与门控修正_续训对照与三种子验证_20260929/runs/supplement_0101_s1108/history.jsonl
0101,Base-修正,1108,2,37,93.5224990845,0.000377410087559,ARCHIVED_SOURCE/论文/computer and geosciences整理/论文/TARF与门控修正_续训对照与三种子验证_20260929/runs/supplement_0101_s1108/history.jsonl
0101,Base-修正,1108,2,38,93.6633224487,0.000376900699833,ARCHIVED_SOURCE/论文/computer and geosciences整理/论文/TARF与门控修正_续训对照与三种子验证_20260929/runs/supplement_0101_s1108/history.jsonl
0101,Base-修正,1108,2,39,93.65650177,0.000377521595599,ARCHIVED_SOURCE/论文/computer and geosciences整理/论文/TARF与门控修正_续训对照与三种子验证_20260929/runs/supplement_0101_s1108/history.jsonl
0101,Base-修正,1108,2,40,93.4125747681,0.000377419351757,ARCHIVED_SOURCE/论文/computer and geosciences整理/论文/TARF与门控修正_续训对照与三种子验证_20260929/runs/supplement_0101_s1108/history.jsonl
0101,Base-修正,1108,2,41,93.5050964355,0.000377167771468,ARCHIVED_SOURCE/论文/computer and geosciences整理/论文/TARF与门控修正_续训对照与三种子验证_20260929/runs/supplement_0101_s1108/history.jsonl
0101,Base-修正,1108,2,42,93.5902709961,0.00037621988536,ARCHIVED_SOURCE/论文/computer and geosciences整理/论文/TARF与门控修正_续训对照与三种子验证_20260929/runs/supplement_0101_s1108/history.jsonl
0101,Base-修正,1108,2,43,93.4899902344,0.000376404830567,ARCHIVED_SOURCE/论文/computer and geosciences整理/论文/TARF与门控修正_续训对照与三种子验证_20260929/runs/supplement_0101_s1108/history.jsonl
0101,Base-修正,1108,2,44,93.396736145,0.000376330909062,ARCHIVED_SOURCE/论文/computer and geosciences整理/论文/TARF与门控修正_续训对照与三种子验证_20260929/runs/supplement_0101_s1108/history.jsonl
0101,Base-修正,1108,2,45,93.4785842896,0.000375465973079,ARCHIVED_SOURCE/论文/computer and geosciences整理/论文/TARF与门控修正_续训对照与三种子验证_20260929/runs/supplement_0101_s1108/history.jsonl
0101,Base-修正,1108,2,46,93.4575805664,0.000375696546388,ARCHIVED_SOURCE/论文/computer and geosciences整理/论文/TARF与门控修正_续训对照与三种子验证_20260929/runs/supplement_0101_s1108/history.jsonl
0101,Base-修正,1108,2,47,93.4345779419,0.000376406908251,ARCHIVED_SOURCE/论文/computer and geosciences整理/论文/TARF与门控修正_续训对照与三种子验证_20260929/runs/supplement_0101_s1108/history.jsonl
0101,Base-修正,1108,2,48,93.3895339966,0.000376066110887,ARCHIVED_SOURCE/论文/computer and geosciences整理/论文/TARF与门控修正_续训对照与三种子验证_20260929/runs/supplement_0101_s1108/history.jsonl
0101,Base-修正,1108,2,49,93.4148025513,0.000375660739218,ARCHIVED_SOURCE/论文/computer and geosciences整理/论文/TARF与门控修正_续训对照与三种子验证_20260929/runs/supplement_0101_s1108/history.jsonl
0101,Base-修正,1108,2,50,93.4227600098,0.00037575948615,ARCHIVED_SOURCE/论文/computer and geosciences整理/论文/TARF与门控修正_续训对照与三种子验证_20260929/runs/supplement_0101_s1108/history.jsonl
0101,Base-修正,1109,2,1,94.1485900879,0.000543083244672,ARCHIVED_SOURCE/论文/computer and geosciences整理/论文/TARF与门控修正_续训对照与三种子验证_20260929/runs/supplement_0101_s1109/history.jsonl
0101,Base-修正,1109,2,2,91.5501174927,0.000494774434379,ARCHIVED_SOURCE/论文/computer and geosciences整理/论文/TARF与门控修正_续训对照与三种子验证_20260929/runs/supplement_0101_s1109/history.jsonl
0101,Base-修正,1109,2,3,90.2980651855,0.000482977397842,ARCHIVED_SOURCE/论文/computer and geosciences整理/论文/TARF与门控修正_续训对照与三种子验证_20260929/runs/supplement_0101_s1109/history.jsonl
0101,Base-修正,1109,2,4,89.8837203979,0.000476053484127,ARCHIVED_SOURCE/论文/computer and geosciences整理/论文/TARF与门控修正_续训对照与三种子验证_20260929/runs/supplement_0101_s1109/history.jsonl
0101,Base-修正,1109,2,5,89.1224746704,0.000472157992729,ARCHIVED_SOURCE/论文/computer and geosciences整理/论文/TARF与门控修正_续训对照与三种子验证_20260929/runs/supplement_0101_s1109/history.jsonl
0101,Base-修正,1109,2,6,89.2189025879,0.000468542363057,ARCHIVED_SOURCE/论文/computer and geosciences整理/论文/TARF与门控修正_续训对照与三种子验证_20260929/runs/supplement_0101_s1109/history.jsonl
0101,Base-修正,1109,2,7,88.8893661499,0.000465641759513,ARCHIVED_SOURCE/论文/computer and geosciences整理/论文/TARF与门控修正_续训对照与三种子验证_20260929/runs/supplement_0101_s1109/history.jsonl
0101,Base-修正,1109,2,8,88.7667312622,0.000463576476458,ARCHIVED_SOURCE/论文/computer and geosciences整理/论文/TARF与门控修正_续训对照与三种子验证_20260929/runs/supplement_0101_s1109/history.jsonl
0101,Base-修正,1109,2,9,88.6251373291,0.000461466361401,ARCHIVED_SOURCE/论文/computer and geosciences整理/论文/TARF与门控修正_续训对照与三种子验证_20260929/runs/supplement_0101_s1109/history.jsonl
0101,Base-修正,1109,2,10,88.2219467163,0.000459037694641,ARCHIVED_SOURCE/论文/computer and geosciences整理/论文/TARF与门控修正_续训对照与三种子验证_20260929/runs/supplement_0101_s1109/history.jsonl
0101,Base-修正,1109,2,11,88.0154190063,0.000457751314971,ARCHIVED_SOURCE/论文/computer and geosciences整理/论文/TARF与门控修正_续训对照与三种子验证_20260929/runs/supplement_0101_s1109/history.jsonl
0101,Base-修正,1109,2,12,88.5878067017,0.000455121408705,ARCHIVED_SOURCE/论文/computer and geosciences整理/论文/TARF与门控修正_续训对照与三种子验证_20260929/runs/supplement_0101_s1109/history.jsonl
0101,Base-修正,1109,2,13,87.7175827026,0.000455064635148,ARCHIVED_SOURCE/论文/computer and geosciences整理/论文/TARF与门控修正_续训对照与三种子验证_20260929/runs/supplement_0101_s1109/history.jsonl
0101,Base-修正,1109,2,14,87.7424468994,0.000453034849605,ARCHIVED_SOURCE/论文/computer and geosciences整理/论文/TARF与门控修正_续训对照与三种子验证_20260929/runs/supplement_0101_s1109/history.jsonl
0101,Base-修正,1109,2,15,87.6261901855,0.000451210848925,ARCHIVED_SOURCE/论文/computer and geosciences整理/论文/TARF与门控修正_续训对照与三种子验证_20260929/runs/supplement_0101_s1109/history.jsonl
0101,Base-修正,1109,2,16,87.4509429932,0.000446899989194,ARCHIVED_SOURCE/论文/computer and geosciences整理/论文/TARF与门控修正_续训对照与三种子验证_20260929/runs/supplement_0101_s1109/history.jsonl
0101,Base-修正,1109,2,17,87.5256729126,0.000452998694353,ARCHIVED_SOURCE/论文/computer and geosciences整理/论文/TARF与门控修正_续训对照与三种子验证_20260929/runs/supplement_0101_s1109/history.jsonl
0101,Base-修正,1109,2,18,87.1602783203,0.000452607596753,ARCHIVED_SOURCE/论文/computer and geosciences整理/论文/TARF与门控修正_续训对照与三种子验证_20260929/runs/supplement_0101_s1109/history.jsonl
0101,Base-修正,1109,2,19,87.2137374878,0.000452279277764,ARCHIVED_SOURCE/论文/computer and geosciences整理/论文/TARF与门控修正_续训对照与三种子验证_20260929/runs/supplement_0101_s1109/history.jsonl
0101,Base-修正,1109,2,20,87.2121353149,0.000450314680891,ARCHIVED_SOURCE/论文/computer and geosciences整理/论文/TARF与门控修正_续训对照与三种子验证_20260929/runs/supplement_0101_s1109/history.jsonl
0101,Base-修正,1109,2,21,87.0924301147,0.000450170473105,ARCHIVED_SOURCE/论文/computer and geosciences整理/论文/TARF与门控修正_续训对照与三种子验证_20260929/runs/supplement_0101_s1109/history.jsonl
0101,Base-修正,1109,2,22,86.9585571289,0.000449123322053,ARCHIVED_SOURCE/论文/computer and geosciences整理/论文/TARF与门控修正_续训对照与三种子验证_20260929/runs/supplement_0101_s1109/history.jsonl
0101,Base-修正,1109,2,23,87.0165100098,0.000448472814871,ARCHIVED_SOURCE/论文/computer and geosciences整理/论文/TARF与门控修正_续训对照与三种子验证_20260929/runs/supplement_0101_s1109/history.jsonl
0101,Base-修正,1109,2,24,87.1263504028,0.000448052429554,ARCHIVED_SOURCE/论文/computer and geosciences整理/论文/TARF与门控修正_续训对照与三种子验证_20260929/runs/supplement_0101_s1109/history.jsonl
0101,Base-修正,1109,2,25,86.7382659912,0.000446959682631,ARCHIVED_SOURCE/论文/computer and geosciences整理/论文/TARF与门控修正_续训对照与三种子验证_20260929/runs/supplement_0101_s1109/history.jsonl
0101,Base-修正,1109,2,26,86.7210235596,0.000447483091969,ARCHIVED_SOURCE/论文/computer and geosciences整理/论文/TARF与门控修正_续训对照与三种子验证_20260929/runs/supplement_0101_s1109/history.jsonl
0101,Base-修正,1109,2,27,86.9469223022,0.000446877352261,ARCHIVED_SOURCE/论文/computer and geosciences整理/论文/TARF与门控修正_续训对照与三种子验证_20260929/runs/supplement_0101_s1109/history.jsonl
0101,Base-修正,1109,2,28,86.7798309326,0.00044558857591,ARCHIVED_SOURCE/论文/computer and geosciences整理/论文/TARF与门控修正_续训对照与三种子验证_20260929/runs/supplement_0101_s1109/history.jsonl
0101,Base-修正,1109,2,29,86.5209732056,0.000444952245776,ARCHIVED_SOURCE/论文/computer and geosciences整理/论文/TARF与门控修正_续训对照与三种子验证_20260929/runs/supplement_0101_s1109/history.jsonl
0101,Base-修正,1109,2,30,86.7071456909,0.000444653609063,ARCHIVED_SOURCE/论文/computer and geosciences整理/论文/TARF与门控修正_续训对照与三种子验证_20260929/runs/supplement_0101_s1109/history.jsonl
0101,Base-修正,1109,2,31,86.6785888672,0.000443807350263,ARCHIVED_SOURCE/论文/computer and geosciences整理/论文/TARF与门控修正_续训对照与三种子验证_20260929/runs/supplement_0101_s1109/history.jsonl
0101,Base-修正,1109,2,32,86.67137146,0.000443463016979,ARCHIVED_SOURCE/论文/computer and geosciences整理/论文/TARF与门控修正_续训对照与三种子验证_20260929/runs/supplement_0101_s1109/history.jsonl
0101,Base-修正,1109,2,33,86.4641647339,0.000443315120828,ARCHIVED_SOURCE/论文/computer and geosciences整理/论文/TARF与门控修正_续训对照与三种子验证_20260929/runs/supplement_0101_s1109/history.jsonl
0101,Base-修正,1109,2,34,86.4290390015,0.000443089852786,ARCHIVED_SOURCE/论文/computer and geosciences整理/论文/TARF与门控修正_续训对照与三种子验证_20260929/runs/supplement_0101_s1109/history.jsonl
0101,Base-修正,1109,2,35,86.692527771,0.000443397288706,ARCHIVED_SOURCE/论文/computer and geosciences整理/论文/TARF与门控修正_续训对照与三种子验证_20260929/runs/supplement_0101_s1109/history.jsonl
0101,Base-修正,1109,2,36,86.4511184692,0.000442678857122,ARCHIVED_SOURCE/论文/computer and geosciences整理/论文/TARF与门控修正_续训对照与三种子验证_20260929/runs/supplement_0101_s1109/history.jsonl
0101,Base-修正,1109,2,37,86.2426681519,0.000442564631012,ARCHIVED_SOURCE/论文/computer and geosciences整理/论文/TARF与门控修正_续训对照与三种子验证_20260929/runs/supplement_0101_s1109/history.jsonl
0101,Base-修正,1109,2,38,86.3035736084,0.000441915367484,ARCHIVED_SOURCE/论文/computer and geosciences整理/论文/TARF与门控修正_续训对照与三种子验证_20260929/runs/supplement_0101_s1109/history.jsonl
0101,Base-修正,1109,2,39,86.2989120483,0.000442095605923,ARCHIVED_SOURCE/论文/computer and geosciences整理/论文/TARF与门控修正_续训对照与三种子验证_20260929/runs/supplement_0101_s1109/history.jsonl
0101,Base-修正,1109,2,40,86.318901062,0.000442455753201,ARCHIVED_SOURCE/论文/computer and geosciences整理/论文/TARF与门控修正_续训对照与三种子验证_20260929/runs/supplement_0101_s1109/history.jsonl
0101,Base-修正,1109,2,41,86.2529373169,0.000441746003292,ARCHIVED_SOURCE/论文/computer and geosciences整理/论文/TARF与门控修正_续训对照与三种子验证_20260929/runs/supplement_0101_s1109/history.jsonl
0101,Base-修正,1109,2,42,86.1993789673,0.000440647522159,ARCHIVED_SOURCE/论文/computer and geosciences整理/论文/TARF与门控修正_续训对照与三种子验证_20260929/runs/supplement_0101_s1109/history.jsonl
0101,Base-修正,1109,2,43,86.1913223267,0.000441120966124,ARCHIVED_SOURCE/论文/computer and geosciences整理/论文/TARF与门控修正_续训对照与三种子验证_20260929/runs/supplement_0101_s1109/history.jsonl
0101,Base-修正,1109,2,44,86.1586532593,0.000441439915728,ARCHIVED_SOURCE/论文/computer and geosciences整理/论文/TARF与门控修正_续训对照与三种子验证_20260929/runs/supplement_0101_s1109/history.jsonl
0101,Base-修正,1109,2,45,86.1431045532,0.000440006114952,ARCHIVED_SOURCE/论文/computer and geosciences整理/论文/TARF与门控修正_续训对照与三种子验证_20260929/runs/supplement_0101_s1109/history.jsonl
0101,Base-修正,1109,2,46,86.1645507812,0.000440179380455,ARCHIVED_SOURCE/论文/computer and geosciences整理/论文/TARF与门控修正_续训对照与三种子验证_20260929/runs/supplement_0101_s1109/history.jsonl
0101,Base-修正,1109,2,47,86.1560974121,0.000440405746231,ARCHIVED_SOURCE/论文/computer and geosciences整理/论文/TARF与门控修正_续训对照与三种子验证_20260929/runs/supplement_0101_s1109/history.jsonl
0101,Base-修正,1109,2,48,86.1418533325,0.000440388329506,ARCHIVED_SOURCE/论文/computer and geosciences整理/论文/TARF与门控修正_续训对照与三种子验证_20260929/runs/supplement_0101_s1109/history.jsonl
0101,Base-修正,1109,2,49,86.1524353027,0.000439357868848,ARCHIVED_SOURCE/论文/computer and geosciences整理/论文/TARF与门控修正_续训对照与三种子验证_20260929/runs/supplement_0101_s1109/history.jsonl
0101,Base-修正,1109,2,50,86.1515960693,0.000439954444099,ARCHIVED_SOURCE/论文/computer and geosciences整理/论文/TARF与门控修正_续训对照与三种子验证_20260929/runs/supplement_0101_s1109/history.jsonl
1101,Full,1107,2,1,81.6483764648,0.000498658252683,ARCHIVED_SOURCE/论文/computer and geosciences整理/论文/两阶段冻结初始解_支持域门控修正_20260928/runs/staged_sg_1101_s1107/history.jsonl
1101,Full,1107,2,2,80.4145278931,0.00044318978507,ARCHIVED_SOURCE/论文/computer and geosciences整理/论文/两阶段冻结初始解_支持域门控修正_20260928/runs/staged_sg_1101_s1107/history.jsonl
1101,Full,1107,2,3,79.5912780762,0.000433181454833,ARCHIVED_SOURCE/论文/computer and geosciences整理/论文/两阶段冻结初始解_支持域门控修正_20260928/runs/staged_sg_1101_s1107/history.jsonl
1101,Full,1107,2,4,79.1636428833,0.00042840921004,ARCHIVED_SOURCE/论文/computer and geosciences整理/论文/两阶段冻结初始解_支持域门控修正_20260928/runs/staged_sg_1101_s1107/history.jsonl
1101,Full,1107,2,5,79.0911178589,0.000426876456399,ARCHIVED_SOURCE/论文/computer and geosciences整理/论文/两阶段冻结初始解_支持域门控修正_20260928/runs/staged_sg_1101_s1107/history.jsonl
1101,Full,1107,2,6,78.6004486084,0.000421036076132,ARCHIVED_SOURCE/论文/computer and geosciences整理/论文/两阶段冻结初始解_支持域门控修正_20260928/runs/staged_sg_1101_s1107/history.jsonl
1101,Full,1107,2,7,78.5163650513,0.000419445835648,ARCHIVED_SOURCE/论文/computer and geosciences整理/论文/两阶段冻结初始解_支持域门控修正_20260928/runs/staged_sg_1101_s1107/history.jsonl
1101,Full,1107,2,8,78.2702407837,0.000417249255169,ARCHIVED_SOURCE/论文/computer and geosciences整理/论文/两阶段冻结初始解_支持域门控修正_20260928/runs/staged_sg_1101_s1107/history.jsonl
1101,Full,1107,2,9,78.1029815674,0.000417310465431,ARCHIVED_SOURCE/论文/computer and geosciences整理/论文/两阶段冻结初始解_支持域门控修正_20260928/runs/staged_sg_1101_s1107/history.jsonl
1101,Full,1107,2,10,78.2469100952,0.000413602262805,ARCHIVED_SOURCE/论文/computer and geosciences整理/论文/两阶段冻结初始解_支持域门控修正_20260928/runs/staged_sg_1101_s1107/history.jsonl
1101,Full,1107,2,11,78.1110229492,0.000411989239748,ARCHIVED_SOURCE/论文/computer and geosciences整理/论文/两阶段冻结初始解_支持域门控修正_20260928/runs/staged_sg_1101_s1107/history.jsonl
1101,Full,1107,2,12,77.7999649048,0.000409084042751,ARCHIVED_SOURCE/论文/computer and geosciences整理/论文/两阶段冻结初始解_支持域门控修正_20260928/runs/staged_sg_1101_s1107/history.jsonl
1101,Full,1107,2,13,77.684753418,0.000409693670922,ARCHIVED_SOURCE/论文/computer and geosciences整理/论文/两阶段冻结初始解_支持域门控修正_20260928/runs/staged_sg_1101_s1107/history.jsonl
1101,Full,1107,2,14,77.477432251,0.00040855879098,ARCHIVED_SOURCE/论文/computer and geosciences整理/论文/两阶段冻结初始解_支持域门控修正_20260928/runs/staged_sg_1101_s1107/history.jsonl
1101,Full,1107,2,15,77.3965759277,0.000405648829158,ARCHIVED_SOURCE/论文/computer and geosciences整理/论文/两阶段冻结初始解_支持域门控修正_20260928/runs/staged_sg_1101_s1107/history.jsonl
1101,Full,1107,2,16,77.4587554932,0.000405694445111,ARCHIVED_SOURCE/论文/computer and geosciences整理/论文/两阶段冻结初始解_支持域门控修正_20260928/runs/staged_sg_1101_s1107/history.jsonl
1101,Full,1107,2,17,77.3783340454,0.00040323082035,ARCHIVED_SOURCE/论文/computer and geosciences整理/论文/两阶段冻结初始解_支持域门控修正_20260928/runs/staged_sg_1101_s1107/history.jsonl
1101,Full,1107,2,18,77.3290863037,0.000398056094663,ARCHIVED_SOURCE/论文/computer and geosciences整理/论文/两阶段冻结初始解_支持域门控修正_20260928/runs/staged_sg_1101_s1107/history.jsonl
1101,Full,1107,2,19,77.0816650391,0.000408096289227,ARCHIVED_SOURCE/论文/computer and geosciences整理/论文/两阶段冻结初始解_支持域门控修正_20260928/runs/staged_sg_1101_s1107/history.jsonl
1101,Full,1107,2,20,77.1023406982,0.000407298910329,ARCHIVED_SOURCE/论文/computer and geosciences整理/论文/两阶段冻结初始解_支持域门控修正_20260928/runs/staged_sg_1101_s1107/history.jsonl
1101,Full,1107,2,21,77.5831222534,0.000406562117394,ARCHIVED_SOURCE/论文/computer and geosciences整理/论文/两阶段冻结初始解_支持域门控修正_20260928/runs/staged_sg_1101_s1107/history.jsonl
1101,Full,1107,2,22,77.0852813721,0.000406026454123,ARCHIVED_SOURCE/论文/computer and geosciences整理/论文/两阶段冻结初始解_支持域门控修正_20260928/runs/staged_sg_1101_s1107/history.jsonl
1101,Full,1107,2,23,77.1756744385,0.000405115509211,ARCHIVED_SOURCE/论文/computer and geosciences整理/论文/两阶段冻结初始解_支持域门控修正_20260928/runs/staged_sg_1101_s1107/history.jsonl
1101,Full,1107,2,24,76.7808532715,0.000405165224158,ARCHIVED_SOURCE/论文/computer and geosciences整理/论文/两阶段冻结初始解_支持域门控修正_20260928/runs/staged_sg_1101_s1107/history.jsonl
1101,Full,1107,2,25,76.7980499268,0.000405127485121,ARCHIVED_SOURCE/论文/computer and geosciences整理/论文/两阶段冻结初始解_支持域门控修正_20260928/runs/staged_sg_1101_s1107/history.jsonl
1101,Full,1107,2,26,76.7438354492,0.000404990888583,ARCHIVED_SOURCE/论文/computer and geosciences整理/论文/两阶段冻结初始解_支持域门控修正_20260928/runs/staged_sg_1101_s1107/history.jsonl
1101,Full,1107,2,27,76.8369064331,0.000404266399315,ARCHIVED_SOURCE/论文/computer and geosciences整理/论文/两阶段冻结初始解_支持域门控修正_20260928/runs/staged_sg_1101_s1107/history.jsonl
1101,Full,1107,2,28,77.0052337646,0.000403530064808,ARCHIVED_SOURCE/论文/computer and geosciences整理/论文/两阶段冻结初始解_支持域门控修正_20260928/runs/staged_sg_1101_s1107/history.jsonl
1101,Full,1107,2,29,76.6464157104,0.000404106279658,ARCHIVED_SOURCE/论文/computer and geosciences整理/论文/两阶段冻结初始解_支持域门控修正_20260928/runs/staged_sg_1101_s1107/history.jsonl
1101,Full,1107,2,30,76.7115097046,0.000402157469676,ARCHIVED_SOURCE/论文/computer and geosciences整理/论文/两阶段冻结初始解_支持域门控修正_20260928/runs/staged_sg_1101_s1107/history.jsonl
1101,Full,1107,2,31,76.8294448853,0.000402309423345,ARCHIVED_SOURCE/论文/computer and geosciences整理/论文/两阶段冻结初始解_支持域门控修正_20260928/runs/staged_sg_1101_s1107/history.jsonl
1101,Full,1107,2,32,76.5068588257,0.000401563765054,ARCHIVED_SOURCE/论文/computer and geosciences整理/论文/两阶段冻结初始解_支持域门控修正_20260928/runs/staged_sg_1101_s1107/history.jsonl
1101,Full,1107,2,33,76.6425170898,0.000401958524019,ARCHIVED_SOURCE/论文/computer and geosciences整理/论文/两阶段冻结初始解_支持域门控修正_20260928/runs/staged_sg_1101_s1107/history.jsonl
1101,Full,1107,2,34,76.4928970337,0.000401347153716,ARCHIVED_SOURCE/论文/computer and geosciences整理/论文/两阶段冻结初始解_支持域门控修正_20260928/runs/staged_sg_1101_s1107/history.jsonl
1101,Full,1107,2,35,76.4180908203,0.000401456974944,ARCHIVED_SOURCE/论文/computer and geosciences整理/论文/两阶段冻结初始解_支持域门控修正_20260928/runs/staged_sg_1101_s1107/history.jsonl
1101,Full,1107,2,36,76.4969100952,0.000400746979701,ARCHIVED_SOURCE/论文/computer and geosciences整理/论文/两阶段冻结初始解_支持域门控修正_20260928/runs/staged_sg_1101_s1107/history.jsonl
1101,Full,1107,2,37,76.3700256348,0.000401228880637,ARCHIVED_SOURCE/论文/computer and geosciences整理/论文/两阶段冻结初始解_支持域门控修正_20260928/runs/staged_sg_1101_s1107/history.jsonl
1101,Full,1107,2,38,76.4870376587,0.000399861558885,ARCHIVED_SOURCE/论文/computer and geosciences整理/论文/两阶段冻结初始解_支持域门控修正_20260928/runs/staged_sg_1101_s1107/history.jsonl
1101,Full,1107,2,39,76.2778778076,0.00040109907786,ARCHIVED_SOURCE/论文/computer and geosciences整理/论文/两阶段冻结初始解_支持域门控修正_20260928/runs/staged_sg_1101_s1107/history.jsonl
1101,Full,1107,2,40,76.3028869629,0.000400282891966,ARCHIVED_SOURCE/论文/computer and geosciences整理/论文/两阶段冻结初始解_支持域门控修正_20260928/runs/staged_sg_1101_s1107/history.jsonl
1101,Full,1107,2,41,76.3308258057,0.000399723719168,ARCHIVED_SOURCE/论文/computer and geosciences整理/论文/两阶段冻结初始解_支持域门控修正_20260928/runs/staged_sg_1101_s1107/history.jsonl
1101,Full,1107,2,42,76.2913208008,0.000399532164683,ARCHIVED_SOURCE/论文/computer and geosciences整理/论文/两阶段冻结初始解_支持域门控修正_20260928/runs/staged_sg_1101_s1107/history.jsonl
1101,Full,1107,2,43,76.3203430176,0.000400072547886,ARCHIVED_SOURCE/论文/computer and geosciences整理/论文/两阶段冻结初始解_支持域门控修正_20260928/runs/staged_sg_1101_s1107/history.jsonl
1101,Full,1107,2,44,76.3052520752,0.000400469490467,ARCHIVED_SOURCE/论文/computer and geosciences整理/论文/两阶段冻结初始解_支持域门控修正_20260928/runs/staged_sg_1101_s1107/history.jsonl
1101,Full,1107,2,45,76.3009490967,0.000399291664175,ARCHIVED_SOURCE/论文/computer and geosciences整理/论文/两阶段冻结初始解_支持域门控修正_20260928/runs/staged_sg_1101_s1107/history.jsonl
1101,Full,1107,2,46,76.2938613892,0.000400016168562,ARCHIVED_SOURCE/论文/computer and geosciences整理/论文/两阶段冻结初始解_支持域门控修正_20260928/runs/staged_sg_1101_s1107/history.jsonl
1101,Full,1107,2,47,76.2833633423,0.000398464655166,ARCHIVED_SOURCE/论文/computer and geosciences整理/论文/两阶段冻结初始解_支持域门控修正_20260928/runs/staged_sg_1101_s1107/history.jsonl
1101,Full,1107,2,48,76.2751312256,0.000398625617084,ARCHIVED_SOURCE/论文/computer and geosciences整理/论文/两阶段冻结初始解_支持域门控修正_20260928/runs/staged_sg_1101_s1107/history.jsonl
1101,Full,1107,2,49,76.2729873657,0.000399814733624,ARCHIVED_SOURCE/论文/computer and geosciences整理/论文/两阶段冻结初始解_支持域门控修正_20260928/runs/staged_sg_1101_s1107/history.jsonl
1101,Full,1107,2,50,76.2738571167,0.000399386655186,ARCHIVED_SOURCE/论文/computer and geosciences整理/论文/两阶段冻结初始解_支持域门控修正_20260928/runs/staged_sg_1101_s1107/history.jsonl
1101,Full,1108,2,1,86.9792785645,0.000460596543525,ARCHIVED_SOURCE/论文/computer and geosciences整理/论文/TARF与门控修正_续训对照与三种子验证_20260929/runs/supplement_1101_s1108/history.jsonl
1101,Full,1108,2,2,85.4549636841,0.000419601952282,ARCHIVED_SOURCE/论文/computer and geosciences整理/论文/TARF与门控修正_续训对照与三种子验证_20260929/runs/supplement_1101_s1108/history.jsonl
1101,Full,1108,2,3,84.4062728882,0.000412301886203,ARCHIVED_SOURCE/论文/computer and geosciences整理/论文/TARF与门控修正_续训对照与三种子验证_20260929/runs/supplement_1101_s1108/history.jsonl
1101,Full,1108,2,4,84.1427612305,0.000406731126531,ARCHIVED_SOURCE/论文/computer and geosciences整理/论文/TARF与门控修正_续训对照与三种子验证_20260929/runs/supplement_1101_s1108/history.jsonl
1101,Full,1108,2,5,83.8624649048,0.00040420692818,ARCHIVED_SOURCE/论文/computer and geosciences整理/论文/TARF与门控修正_续训对照与三种子验证_20260929/runs/supplement_1101_s1108/history.jsonl
1101,Full,1108,2,6,83.7900161743,0.000401649757069,ARCHIVED_SOURCE/论文/computer and geosciences整理/论文/TARF与门控修正_续训对照与三种子验证_20260929/runs/supplement_1101_s1108/history.jsonl
1101,Full,1108,2,7,83.6162948608,0.000398559942522,ARCHIVED_SOURCE/论文/computer and geosciences整理/论文/TARF与门控修正_续训对照与三种子验证_20260929/runs/supplement_1101_s1108/history.jsonl
1101,Full,1108,2,8,83.2466278076,0.000396493559685,ARCHIVED_SOURCE/论文/computer and geosciences整理/论文/TARF与门控修正_续训对照与三种子验证_20260929/runs/supplement_1101_s1108/history.jsonl
1101,Full,1108,2,9,83.2041015625,0.000395346312645,ARCHIVED_SOURCE/论文/computer and geosciences整理/论文/TARF与门控修正_续训对照与三种子验证_20260929/runs/supplement_1101_s1108/history.jsonl
1101,Full,1108,2,10,83.2289657593,0.000393231775826,ARCHIVED_SOURCE/论文/computer and geosciences整理/论文/TARF与门控修正_续训对照与三种子验证_20260929/runs/supplement_1101_s1108/history.jsonl
1101,Full,1108,2,11,82.9097290039,0.000391946079985,ARCHIVED_SOURCE/论文/computer and geosciences整理/论文/TARF与门控修正_续训对照与三种子验证_20260929/runs/supplement_1101_s1108/history.jsonl
1101,Full,1108,2,12,83.0987625122,0.000389552418318,ARCHIVED_SOURCE/论文/computer and geosciences整理/论文/TARF与门控修正_续训对照与三种子验证_20260929/runs/supplement_1101_s1108/history.jsonl
1101,Full,1108,2,13,82.8819198608,0.000389843241528,ARCHIVED_SOURCE/论文/computer and geosciences整理/论文/TARF与门控修正_续训对照与三种子验证_20260929/runs/supplement_1101_s1108/history.jsonl
1101,Full,1108,2,14,82.8105545044,0.000387900601009,ARCHIVED_SOURCE/论文/computer and geosciences整理/论文/TARF与门控修正_续训对照与三种子验证_20260929/runs/supplement_1101_s1108/history.jsonl
1101,Full,1108,2,15,82.7416000366,0.000386097348808,ARCHIVED_SOURCE/论文/computer and geosciences整理/论文/TARF与门控修正_续训对照与三种子验证_20260929/runs/supplement_1101_s1108/history.jsonl
1101,Full,1108,2,16,82.5879745483,0.000385823384434,ARCHIVED_SOURCE/论文/computer and geosciences整理/论文/TARF与门控修正_续训对照与三种子验证_20260929/runs/supplement_1101_s1108/history.jsonl
1101,Full,1108,2,17,82.532913208,0.000383690920187,ARCHIVED_SOURCE/论文/computer and geosciences整理/论文/TARF与门控修正_续训对照与三种子验证_20260929/runs/supplement_1101_s1108/history.jsonl
1101,Full,1108,2,18,82.6080932617,0.000379441690685,ARCHIVED_SOURCE/论文/computer and geosciences整理/论文/TARF与门控修正_续训对照与三种子验证_20260929/runs/supplement_1101_s1108/history.jsonl
1101,Full,1108,2,19,82.6374816895,0.000386707394524,ARCHIVED_SOURCE/论文/computer and geosciences整理/论文/TARF与门控修正_续训对照与三种子验证_20260929/runs/supplement_1101_s1108/history.jsonl
1101,Full,1108,2,20,82.5093307495,0.000386171151877,ARCHIVED_SOURCE/论文/computer and geosciences整理/论文/TARF与门控修正_续训对照与三种子验证_20260929/runs/supplement_1101_s1108/history.jsonl
1101,Full,1108,2,21,82.4382781982,0.000385438518751,ARCHIVED_SOURCE/论文/computer and geosciences整理/论文/TARF与门控修正_续训对照与三种子验证_20260929/runs/supplement_1101_s1108/history.jsonl
1101,Full,1108,2,22,82.5553207397,0.000385671233212,ARCHIVED_SOURCE/论文/computer and geosciences整理/论文/TARF与门控修正_续训对照与三种子验证_20260929/runs/supplement_1101_s1108/history.jsonl
1101,Full,1108,2,23,82.1215667725,0.000384262898679,ARCHIVED_SOURCE/论文/computer and geosciences整理/论文/TARF与门控修正_续训对照与三种子验证_20260929/runs/supplement_1101_s1108/history.jsonl
1101,Full,1108,2,24,82.1048355103,0.000383422244834,ARCHIVED_SOURCE/论文/computer and geosciences整理/论文/TARF与门控修正_续训对照与三种子验证_20260929/runs/supplement_1101_s1108/history.jsonl
1101,Full,1108,2,25,82.1592025757,0.000383956660597,ARCHIVED_SOURCE/论文/computer and geosciences整理/论文/TARF与门控修正_续训对照与三种子验证_20260929/runs/supplement_1101_s1108/history.jsonl
1101,Full,1108,2,26,82.1207351685,0.000382718566816,ARCHIVED_SOURCE/论文/computer and geosciences整理/论文/TARF与门控修正_续训对照与三种子验证_20260929/runs/supplement_1101_s1108/history.jsonl
1101,Full,1108,2,27,81.9394989014,0.000383115189013,ARCHIVED_SOURCE/论文/computer and geosciences整理/论文/TARF与门控修正_续训对照与三种子验证_20260929/runs/supplement_1101_s1108/history.jsonl
1101,Full,1108,2,28,81.9264526367,0.000382035838715,ARCHIVED_SOURCE/论文/computer and geosciences整理/论文/TARF与门控修正_续训对照与三种子验证_20260929/runs/supplement_1101_s1108/history.jsonl
1101,Full,1108,2,29,82.0039672852,0.000381848730143,ARCHIVED_SOURCE/论文/computer and geosciences整理/论文/TARF与门控修正_续训对照与三种子验证_20260929/runs/supplement_1101_s1108/history.jsonl
1101,Full,1108,2,30,81.9915390015,0.000381607050538,ARCHIVED_SOURCE/论文/computer and geosciences整理/论文/TARF与门控修正_续训对照与三种子验证_20260929/runs/supplement_1101_s1108/history.jsonl
1101,Full,1108,2,31,81.9710845947,0.000381074813782,ARCHIVED_SOURCE/论文/computer and geosciences整理/论文/TARF与门控修正_续训对照与三种子验证_20260929/runs/supplement_1101_s1108/history.jsonl
1101,Full,1108,2,32,81.9481201172,0.000379981220278,ARCHIVED_SOURCE/论文/computer and geosciences整理/论文/TARF与门控修正_续训对照与三种子验证_20260929/runs/supplement_1101_s1108/history.jsonl
1101,Full,1108,2,33,81.8947753906,0.000380526431905,ARCHIVED_SOURCE/论文/computer and geosciences整理/论文/TARF与门控修正_续训对照与三种子验证_20260929/runs/supplement_1101_s1108/history.jsonl
1101,Full,1108,2,34,81.8945541382,0.000379948556842,ARCHIVED_SOURCE/论文/computer and geosciences整理/论文/TARF与门控修正_续训对照与三种子验证_20260929/runs/supplement_1101_s1108/history.jsonl
1101,Full,1108,2,35,81.951675415,0.000379750592615,ARCHIVED_SOURCE/论文/computer and geosciences整理/论文/TARF与门控修正_续训对照与三种子验证_20260929/runs/supplement_1101_s1108/history.jsonl
1101,Full,1108,2,36,81.8405914307,0.00037883608631,ARCHIVED_SOURCE/论文/computer and geosciences整理/论文/TARF与门控修正_续训对照与三种子验证_20260929/runs/supplement_1101_s1108/history.jsonl
1101,Full,1108,2,37,81.9665908813,0.000378063107185,ARCHIVED_SOURCE/论文/computer and geosciences整理/论文/TARF与门控修正_续训对照与三种子验证_20260929/runs/supplement_1101_s1108/history.jsonl
1101,Full,1108,2,38,81.7023849487,0.00037961838949,ARCHIVED_SOURCE/论文/computer and geosciences整理/论文/TARF与门控修正_续训对照与三种子验证_20260929/runs/supplement_1101_s1108/history.jsonl
1101,Full,1108,2,39,81.7599258423,0.000378738319347,ARCHIVED_SOURCE/论文/computer and geosciences整理/论文/TARF与门控修正_续训对照与三种子验证_20260929/runs/supplement_1101_s1108/history.jsonl
1101,Full,1108,2,40,81.6792526245,0.000378393125983,ARCHIVED_SOURCE/论文/computer and geosciences整理/论文/TARF与门控修正_续训对照与三种子验证_20260929/runs/supplement_1101_s1108/history.jsonl
1101,Full,1108,2,41,81.6864547729,0.000379169079006,ARCHIVED_SOURCE/论文/computer and geosciences整理/论文/TARF与门控修正_续训对照与三种子验证_20260929/runs/supplement_1101_s1108/history.jsonl
1101,Full,1108,2,42,81.6759262085,0.000377351542541,ARCHIVED_SOURCE/论文/computer and geosciences整理/论文/TARF与门控修正_续训对照与三种子验证_20260929/runs/supplement_1101_s1108/history.jsonl
1101,Full,1108,2,43,81.69090271,0.000377279674263,ARCHIVED_SOURCE/论文/computer and geosciences整理/论文/TARF与门控修正_续训对照与三种子验证_20260929/runs/supplement_1101_s1108/history.jsonl
1101,Full,1108,2,44,81.6633453369,0.0003774674983,ARCHIVED_SOURCE/论文/computer and geosciences整理/论文/TARF与门控修正_续训对照与三种子验证_20260929/runs/supplement_1101_s1108/history.jsonl
1101,Full,1108,2,45,81.6430892944,0.000378072719567,ARCHIVED_SOURCE/论文/computer and geosciences整理/论文/TARF与门控修正_续训对照与三种子验证_20260929/runs/supplement_1101_s1108/history.jsonl
1101,Full,1108,2,46,81.6470336914,0.000377727937483,ARCHIVED_SOURCE/论文/computer and geosciences整理/论文/TARF与门控修正_续训对照与三种子验证_20260929/runs/supplement_1101_s1108/history.jsonl
1101,Full,1108,2,47,81.6498413086,0.00037756321079,ARCHIVED_SOURCE/论文/computer and geosciences整理/论文/TARF与门控修正_续训对照与三种子验证_20260929/runs/supplement_1101_s1108/history.jsonl
1101,Full,1108,2,48,81.6624908447,0.000377046506523,ARCHIVED_SOURCE/论文/computer and geosciences整理/论文/TARF与门控修正_续训对照与三种子验证_20260929/runs/supplement_1101_s1108/history.jsonl
1101,Full,1108,2,49,81.6596221924,0.000377122399742,ARCHIVED_SOURCE/论文/computer and geosciences整理/论文/TARF与门控修正_续训对照与三种子验证_20260929/runs/supplement_1101_s1108/history.jsonl
1101,Full,1108,2,50,81.6593475342,0.000377452319032,ARCHIVED_SOURCE/论文/computer and geosciences整理/论文/TARF与门控修正_续训对照与三种子验证_20260929/runs/supplement_1101_s1108/history.jsonl
1101,Full,1109,2,1,86.0779724121,0.000546141998636,ARCHIVED_SOURCE/论文/computer and geosciences整理/论文/TARF与门控修正_续训对照与三种子验证_20260929/runs/supplement_1101_s1109/history.jsonl
1101,Full,1109,2,2,84.4664840698,0.000493778059865,ARCHIVED_SOURCE/论文/computer and geosciences整理/论文/TARF与门控修正_续训对照与三种子验证_20260929/runs/supplement_1101_s1109/history.jsonl
1101,Full,1109,2,3,83.3525390625,0.00048413892626,ARCHIVED_SOURCE/论文/computer and geosciences整理/论文/TARF与门控修正_续训对照与三种子验证_20260929/runs/supplement_1101_s1109/history.jsonl
1101,Full,1109,2,4,83.3338165283,0.00047889969089,ARCHIVED_SOURCE/论文/computer and geosciences整理/论文/TARF与门控修正_续训对照与三种子验证_20260929/runs/supplement_1101_s1109/history.jsonl
1101,Full,1109,2,5,82.8779525757,0.000475519067713,ARCHIVED_SOURCE/论文/computer and geosciences整理/论文/TARF与门控修正_续训对照与三种子验证_20260929/runs/supplement_1101_s1109/history.jsonl
1101,Full,1109,2,6,83.2759094238,0.000472344025949,ARCHIVED_SOURCE/论文/computer and geosciences整理/论文/TARF与门控修正_续训对照与三种子验证_20260929/runs/supplement_1101_s1109/history.jsonl
1101,Full,1109,2,7,82.7633972168,0.000470231354057,ARCHIVED_SOURCE/论文/computer and geosciences整理/论文/TARF与门控修正_续训对照与三种子验证_20260929/runs/supplement_1101_s1109/history.jsonl
1101,Full,1109,2,8,82.4300689697,0.000466987437558,ARCHIVED_SOURCE/论文/computer and geosciences整理/论文/TARF与门控修正_续训对照与三种子验证_20260929/runs/supplement_1101_s1109/history.jsonl
1101,Full,1109,2,9,82.4289474487,0.000465490122793,ARCHIVED_SOURCE/论文/computer and geosciences整理/论文/TARF与门控修正_续训对照与三种子验证_20260929/runs/supplement_1101_s1109/history.jsonl
1101,Full,1109,2,10,82.2327804565,0.000461305878979,ARCHIVED_SOURCE/论文/computer and geosciences整理/论文/TARF与门控修正_续训对照与三种子验证_20260929/runs/supplement_1101_s1109/history.jsonl
1101,Full,1109,2,11,82.0294036865,0.000460319504796,ARCHIVED_SOURCE/论文/computer and geosciences整理/论文/TARF与门控修正_续训对照与三种子验证_20260929/runs/supplement_1101_s1109/history.jsonl
1101,Full,1109,2,12,82.9229888916,0.000458113220051,ARCHIVED_SOURCE/论文/computer and geosciences整理/论文/TARF与门控修正_续训对照与三种子验证_20260929/runs/supplement_1101_s1109/history.jsonl
1101,Full,1109,2,13,82.1361846924,0.000456576819596,ARCHIVED_SOURCE/论文/computer and geosciences整理/论文/TARF与门控修正_续训对照与三种子验证_20260929/runs/supplement_1101_s1109/history.jsonl
1101,Full,1109,2,14,81.7083435059,0.000455458319106,ARCHIVED_SOURCE/论文/computer and geosciences整理/论文/TARF与门控修正_续训对照与三种子验证_20260929/runs/supplement_1101_s1109/history.jsonl
1101,Full,1109,2,15,81.3691635132,0.000452908398117,ARCHIVED_SOURCE/论文/computer and geosciences整理/论文/TARF与门控修正_续训对照与三种子验证_20260929/runs/supplement_1101_s1109/history.jsonl
1101,Full,1109,2,16,81.7172012329,0.000446448708113,ARCHIVED_SOURCE/论文/computer and geosciences整理/论文/TARF与门控修正_续训对照与三种子验证_20260929/runs/supplement_1101_s1109/history.jsonl
1101,Full,1109,2,17,81.4038848877,0.000457020637062,ARCHIVED_SOURCE/论文/computer and geosciences整理/论文/TARF与门控修正_续训对照与三种子验证_20260929/runs/supplement_1101_s1109/history.jsonl
1101,Full,1109,2,18,81.3219604492,0.000456096273357,ARCHIVED_SOURCE/论文/computer and geosciences整理/论文/TARF与门控修正_续训对照与三种子验证_20260929/runs/supplement_1101_s1109/history.jsonl
1101,Full,1109,2,19,81.1581420898,0.000455717300082,ARCHIVED_SOURCE/论文/computer and geosciences整理/论文/TARF与门控修正_续训对照与三种子验证_20260929/runs/supplement_1101_s1109/history.jsonl
1101,Full,1109,2,20,80.8633346558,0.000454208923888,ARCHIVED_SOURCE/论文/computer and geosciences整理/论文/TARF与门控修正_续训对照与三种子验证_20260929/runs/supplement_1101_s1109/history.jsonl
1101,Full,1109,2,21,80.9392471313,0.000453809622853,ARCHIVED_SOURCE/论文/computer and geosciences整理/论文/TARF与门控修正_续训对照与三种子验证_20260929/runs/supplement_1101_s1109/history.jsonl
1101,Full,1109,2,22,81.0455093384,0.000452599088184,ARCHIVED_SOURCE/论文/computer and geosciences整理/论文/TARF与门控修正_续训对照与三种子验证_20260929/runs/supplement_1101_s1109/history.jsonl
1101,Full,1109,2,23,81.171546936,0.000453403567346,ARCHIVED_SOURCE/论文/computer and geosciences整理/论文/TARF与门控修正_续训对照与三种子验证_20260929/runs/supplement_1101_s1109/history.jsonl
1101,Full,1109,2,24,80.8529052734,0.000450968288785,ARCHIVED_SOURCE/论文/computer and geosciences整理/论文/TARF与门控修正_续训对照与三种子验证_20260929/runs/supplement_1101_s1109/history.jsonl
1101,Full,1109,2,25,80.7158737183,0.000450908378531,ARCHIVED_SOURCE/论文/computer and geosciences整理/论文/TARF与门控修正_续训对照与三种子验证_20260929/runs/supplement_1101_s1109/history.jsonl
1101,Full,1109,2,26,80.6063232422,0.000450098723533,ARCHIVED_SOURCE/论文/computer and geosciences整理/论文/TARF与门控修正_续训对照与三种子验证_20260929/runs/supplement_1101_s1109/history.jsonl
1101,Full,1109,2,27,80.8124847412,0.000449091584111,ARCHIVED_SOURCE/论文/computer and geosciences整理/论文/TARF与门控修正_续训对照与三种子验证_20260929/runs/supplement_1101_s1109/history.jsonl
1101,Full,1109,2,28,80.5823287964,0.000449813924443,ARCHIVED_SOURCE/论文/computer and geosciences整理/论文/TARF与门控修正_续训对照与三种子验证_20260929/runs/supplement_1101_s1109/history.jsonl
1101,Full,1109,2,29,80.6700134277,0.000449027083068,ARCHIVED_SOURCE/论文/computer and geosciences整理/论文/TARF与门控修正_续训对照与三种子验证_20260929/runs/supplement_1101_s1109/history.jsonl
1101,Full,1109,2,30,80.720664978,0.000447491558847,ARCHIVED_SOURCE/论文/computer and geosciences整理/论文/TARF与门控修正_续训对照与三种子验证_20260929/runs/supplement_1101_s1109/history.jsonl
1101,Full,1109,2,31,80.5734405518,0.000447405065577,ARCHIVED_SOURCE/论文/computer and geosciences整理/论文/TARF与门控修正_续训对照与三种子验证_20260929/runs/supplement_1101_s1109/history.jsonl
1101,Full,1109,2,32,80.6989059448,0.000446969375128,ARCHIVED_SOURCE/论文/computer and geosciences整理/论文/TARF与门控修正_续训对照与三种子验证_20260929/runs/supplement_1101_s1109/history.jsonl
1101,Full,1109,2,33,80.4979934692,0.000447529628529,ARCHIVED_SOURCE/论文/computer and geosciences整理/论文/TARF与门控修正_续训对照与三种子验证_20260929/runs/supplement_1101_s1109/history.jsonl
1101,Full,1109,2,34,80.479927063,0.000445371833763,ARCHIVED_SOURCE/论文/computer and geosciences整理/论文/TARF与门控修正_续训对照与三种子验证_20260929/runs/supplement_1101_s1109/history.jsonl
1101,Full,1109,2,35,80.2798080444,0.000447746663706,ARCHIVED_SOURCE/论文/computer and geosciences整理/论文/TARF与门控修正_续训对照与三种子验证_20260929/runs/supplement_1101_s1109/history.jsonl
1101,Full,1109,2,36,80.3694915771,0.000446116499238,ARCHIVED_SOURCE/论文/computer and geosciences整理/论文/TARF与门控修正_续训对照与三种子验证_20260929/runs/supplement_1101_s1109/history.jsonl
1101,Full,1109,2,37,80.2030181885,0.00044601558907,ARCHIVED_SOURCE/论文/computer and geosciences整理/论文/TARF与门控修正_续训对照与三种子验证_20260929/runs/supplement_1101_s1109/history.jsonl
1101,Full,1109,2,38,80.2132492065,0.000445466491858,ARCHIVED_SOURCE/论文/computer and geosciences整理/论文/TARF与门控修正_续训对照与三种子验证_20260929/runs/supplement_1101_s1109/history.jsonl
1101,Full,1109,2,39,80.19921875,0.000445368486236,ARCHIVED_SOURCE/论文/computer and geosciences整理/论文/TARF与门控修正_续训对照与三种子验证_20260929/runs/supplement_1101_s1109/history.jsonl
1101,Full,1109,2,40,80.306602478,0.000445893631805,ARCHIVED_SOURCE/论文/computer and geosciences整理/论文/TARF与门控修正_续训对照与三种子验证_20260929/runs/supplement_1101_s1109/history.jsonl
1101,Full,1109,2,41,80.1202926636,0.000444790547268,ARCHIVED_SOURCE/论文/computer and geosciences整理/论文/TARF与门控修正_续训对照与三种子验证_20260929/runs/supplement_1101_s1109/history.jsonl
1101,Full,1109,2,42,80.18800354,0.000444117906372,ARCHIVED_SOURCE/论文/computer and geosciences整理/论文/TARF与门控修正_续训对照与三种子验证_20260929/runs/supplement_1101_s1109/history.jsonl
1101,Full,1109,2,43,80.1699829102,0.000443952828673,ARCHIVED_SOURCE/论文/computer and geosciences整理/论文/TARF与门控修正_续训对照与三种子验证_20260929/runs/supplement_1101_s1109/history.jsonl
1101,Full,1109,2,44,80.158164978,0.000444268329501,ARCHIVED_SOURCE/论文/computer and geosciences整理/论文/TARF与门控修正_续训对照与三种子验证_20260929/runs/supplement_1101_s1109/history.jsonl
1101,Full,1109,2,45,80.1710510254,0.000443407500482,ARCHIVED_SOURCE/论文/computer and geosciences整理/论文/TARF与门控修正_续训对照与三种子验证_20260929/runs/supplement_1101_s1109/history.jsonl
1101,Full,1109,2,46,80.1313400269,0.00044407741855,ARCHIVED_SOURCE/论文/computer and geosciences整理/论文/TARF与门控修正_续训对照与三种子验证_20260929/runs/supplement_1101_s1109/history.jsonl
1101,Full,1109,2,47,80.1445236206,0.000443403664437,ARCHIVED_SOURCE/论文/computer and geosciences整理/论文/TARF与门控修正_续训对照与三种子验证_20260929/runs/supplement_1101_s1109/history.jsonl
1101,Full,1109,2,48,80.1251449585,0.000443666021513,ARCHIVED_SOURCE/论文/computer and geosciences整理/论文/TARF与门控修正_续训对照与三种子验证_20260929/runs/supplement_1101_s1109/history.jsonl
1101,Full,1109,2,49,80.1344604492,0.000443560235876,ARCHIVED_SOURCE/论文/computer and geosciences整理/论文/TARF与门控修正_续训对照与三种子验证_20260929/runs/supplement_1101_s1109/history.jsonl
1101,Full,1109,2,50,80.1331100464,0.000444152718008,ARCHIVED_SOURCE/论文/computer and geosciences整理/论文/TARF与门控修正_续训对照与三种子验证_20260929/runs/supplement_1101_s1109/history.jsonl
0001C,Base-继续训练,1107,2,1,134.41116333,0.000357823361986,ARCHIVED_SOURCE/论文/computer and geosciences整理/论文/TARF与门控修正_续训对照与三种子验证_20260929/runs/supplement_0001C_s1107/history.jsonl
0001C,Base-继续训练,1107,2,2,135.49432373,0.000403710649886,ARCHIVED_SOURCE/论文/computer and geosciences整理/论文/TARF与门控修正_续训对照与三种子验证_20260929/runs/supplement_0001C_s1107/history.jsonl
0001C,Base-继续训练,1107,2,3,139.92616272,0.000510223500021,ARCHIVED_SOURCE/论文/computer and geosciences整理/论文/TARF与门控修正_续训对照与三种子验证_20260929/runs/supplement_0001C_s1107/history.jsonl
0001C,Base-继续训练,1107,2,4,135.728256226,0.000527221578942,ARCHIVED_SOURCE/论文/computer and geosciences整理/论文/TARF与门控修正_续训对照与三种子验证_20260929/runs/supplement_0001C_s1107/history.jsonl
0001C,Base-继续训练,1107,2,5,130.89881897,0.000493948484951,ARCHIVED_SOURCE/论文/computer and geosciences整理/论文/TARF与门控修正_续训对照与三种子验证_20260929/runs/supplement_0001C_s1107/history.jsonl
0001C,Base-继续训练,1107,2,6,137.369354248,0.000471194079022,ARCHIVED_SOURCE/论文/computer and geosciences整理/论文/TARF与门控修正_续训对照与三种子验证_20260929/runs/supplement_0001C_s1107/history.jsonl
0001C,Base-继续训练,1107,2,7,134.741104126,0.000457059876064,ARCHIVED_SOURCE/论文/computer and geosciences整理/论文/TARF与门控修正_续训对照与三种子验证_20260929/runs/supplement_0001C_s1107/history.jsonl
0001C,Base-继续训练,1107,2,8,139.23336792,0.000445572835411,ARCHIVED_SOURCE/论文/computer and geosciences整理/论文/TARF与门控修正_续训对照与三种子验证_20260929/runs/supplement_0001C_s1107/history.jsonl
0001C,Base-继续训练,1107,2,9,134.00491333,0.000427462413817,ARCHIVED_SOURCE/论文/computer and geosciences整理/论文/TARF与门控修正_续训对照与三种子验证_20260929/runs/supplement_0001C_s1107/history.jsonl
0001C,Base-继续训练,1107,2,10,141.740402222,0.000408917277933,ARCHIVED_SOURCE/论文/computer and geosciences整理/论文/TARF与门控修正_续训对照与三种子验证_20260929/runs/supplement_0001C_s1107/history.jsonl
0001C,Base-继续训练,1107,2,11,132.149581909,0.000395380763415,ARCHIVED_SOURCE/论文/computer and geosciences整理/论文/TARF与门控修正_续训对照与三种子验证_20260929/runs/supplement_0001C_s1107/history.jsonl
0001C,Base-继续训练,1107,2,12,134.523483276,0.000379531048764,ARCHIVED_SOURCE/论文/computer and geosciences整理/论文/TARF与门控修正_续训对照与三种子验证_20260929/runs/supplement_0001C_s1107/history.jsonl
0001C,Base-继续训练,1107,2,13,138.117095947,0.000370412362433,ARCHIVED_SOURCE/论文/computer and geosciences整理/论文/TARF与门控修正_续训对照与三种子验证_20260929/runs/supplement_0001C_s1107/history.jsonl
0001C,Base-继续训练,1107,2,14,133.684814453,0.000356420011908,ARCHIVED_SOURCE/论文/computer and geosciences整理/论文/TARF与门控修正_续训对照与三种子验证_20260929/runs/supplement_0001C_s1107/history.jsonl
0001C,Base-继续训练,1107,2,15,135.658294678,0.000342678497587,ARCHIVED_SOURCE/论文/computer and geosciences整理/论文/TARF与门控修正_续训对照与三种子验证_20260929/runs/supplement_0001C_s1107/history.jsonl
0001C,Base-继续训练,1107,2,16,135.91506958,0.000329054537333,ARCHIVED_SOURCE/论文/computer and geosciences整理/论文/TARF与门控修正_续训对照与三种子验证_20260929/runs/supplement_0001C_s1107/history.jsonl
0001C,Base-继续训练,1107,2,17,136.125228882,0.000318079534093,ARCHIVED_SOURCE/论文/computer and geosciences整理/论文/TARF与门控修正_续训对照与三种子验证_20260929/runs/supplement_0001C_s1107/history.jsonl
0001C,Base-继续训练,1107,2,18,133.969528198,0.000302422806215,ARCHIVED_SOURCE/论文/computer and geosciences整理/论文/TARF与门控修正_续训对照与三种子验证_20260929/runs/supplement_0001C_s1107/history.jsonl
0001C,Base-继续训练,1107,2,19,133.96472168,0.000291142365071,ARCHIVED_SOURCE/论文/computer and geosciences整理/论文/TARF与门控修正_续训对照与三种子验证_20260929/runs/supplement_0001C_s1107/history.jsonl
0001C,Base-继续训练,1107,2,20,133.490249634,0.000283074775839,ARCHIVED_SOURCE/论文/computer and geosciences整理/论文/TARF与门控修正_续训对照与三种子验证_20260929/runs/supplement_0001C_s1107/history.jsonl
0001C,Base-继续训练,1107,2,21,132.272750854,0.000269707288659,ARCHIVED_SOURCE/论文/computer and geosciences整理/论文/TARF与门控修正_续训对照与三种子验证_20260929/runs/supplement_0001C_s1107/history.jsonl
0001C,Base-继续训练,1107,2,22,133.447280884,0.000260631006507,ARCHIVED_SOURCE/论文/computer and geosciences整理/论文/TARF与门控修正_续训对照与三种子验证_20260929/runs/supplement_0001C_s1107/history.jsonl
0001C,Base-继续训练,1107,2,23,133.202697754,0.000252488988874,ARCHIVED_SOURCE/论文/computer and geosciences整理/论文/TARF与门控修正_续训对照与三种子验证_20260929/runs/supplement_0001C_s1107/history.jsonl
0001C,Base-继续训练,1107,2,24,138.326309204,0.000241552570871,ARCHIVED_SOURCE/论文/computer and geosciences整理/论文/TARF与门控修正_续训对照与三种子验证_20260929/runs/supplement_0001C_s1107/history.jsonl
0001C,Base-继续训练,1107,2,25,135.127822876,0.000232930757665,ARCHIVED_SOURCE/论文/computer and geosciences整理/论文/TARF与门控修正_续训对照与三种子验证_20260929/runs/supplement_0001C_s1107/history.jsonl
0001C,Base-继续训练,1107,2,26,134.945617676,0.000225419778227,ARCHIVED_SOURCE/论文/computer and geosciences整理/论文/TARF与门控修正_续训对照与三种子验证_20260929/runs/supplement_0001C_s1107/history.jsonl
0001C,Base-继续训练,1107,2,27,134.774902344,0.000216049779952,ARCHIVED_SOURCE/论文/computer and geosciences整理/论文/TARF与门控修正_续训对照与三种子验证_20260929/runs/supplement_0001C_s1107/history.jsonl
0001C,Base-继续训练,1107,2,28,134.953369141,0.000211413476311,ARCHIVED_SOURCE/论文/computer and geosciences整理/论文/TARF与门控修正_续训对照与三种子验证_20260929/runs/supplement_0001C_s1107/history.jsonl
0001C,Base-继续训练,1107,2,29,134.618011475,0.000203908534121,ARCHIVED_SOURCE/论文/computer and geosciences整理/论文/TARF与门控修正_续训对照与三种子验证_20260929/runs/supplement_0001C_s1107/history.jsonl
0001C,Base-继续训练,1107,2,30,135.641876221,0.000196385957877,ARCHIVED_SOURCE/论文/computer and geosciences整理/论文/TARF与门控修正_续训对照与三种子验证_20260929/runs/supplement_0001C_s1107/history.jsonl
0001C,Base-继续训练,1107,2,31,136.138916016,0.000190193814875,ARCHIVED_SOURCE/论文/computer and geosciences整理/论文/TARF与门控修正_续训对照与三种子验证_20260929/runs/supplement_0001C_s1107/history.jsonl
0001C,Base-继续训练,1107,2,32,135.350357056,0.000184342620082,ARCHIVED_SOURCE/论文/computer and geosciences整理/论文/TARF与门控修正_续训对照与三种子验证_20260929/runs/supplement_0001C_s1107/history.jsonl
0001C,Base-继续训练,1107,2,33,134.974838257,0.00017904185955,ARCHIVED_SOURCE/论文/computer and geosciences整理/论文/TARF与门控修正_续训对照与三种子验证_20260929/runs/supplement_0001C_s1107/history.jsonl
0001C,Base-继续训练,1107,2,34,136.668121338,0.000173098940814,ARCHIVED_SOURCE/论文/computer and geosciences整理/论文/TARF与门控修正_续训对照与三种子验证_20260929/runs/supplement_0001C_s1107/history.jsonl
0001C,Base-继续训练,1107,2,35,135.701293945,0.000168766732604,ARCHIVED_SOURCE/论文/computer and geosciences整理/论文/TARF与门控修正_续训对照与三种子验证_20260929/runs/supplement_0001C_s1107/history.jsonl
0001C,Base-继续训练,1107,2,36,136.331451416,0.000164258422633,ARCHIVED_SOURCE/论文/computer and geosciences整理/论文/TARF与门控修正_续训对照与三种子验证_20260929/runs/supplement_0001C_s1107/history.jsonl
0001C,Base-继续训练,1107,2,37,135.684906006,0.000160329588957,ARCHIVED_SOURCE/论文/computer and geosciences整理/论文/TARF与门控修正_续训对照与三种子验证_20260929/runs/supplement_0001C_s1107/history.jsonl
0001C,Base-继续训练,1107,2,38,136.523239136,0.00015659747617,ARCHIVED_SOURCE/论文/computer and geosciences整理/论文/TARF与门控修正_续训对照与三种子验证_20260929/runs/supplement_0001C_s1107/history.jsonl
0001C,Base-继续训练,1107,2,39,136.586181641,0.000153883772831,ARCHIVED_SOURCE/论文/computer and geosciences整理/论文/TARF与门控修正_续训对照与三种子验证_20260929/runs/supplement_0001C_s1107/history.jsonl
0001C,Base-继续训练,1107,2,40,136.012802124,0.000151185179504,ARCHIVED_SOURCE/论文/computer and geosciences整理/论文/TARF与门控修正_续训对照与三种子验证_20260929/runs/supplement_0001C_s1107/history.jsonl
0001C,Base-继续训练,1107,2,41,137.326126099,0.000148642476601,ARCHIVED_SOURCE/论文/computer and geosciences整理/论文/TARF与门控修正_续训对照与三种子验证_20260929/runs/supplement_0001C_s1107/history.jsonl
0001C,Base-继续训练,1107,2,42,136.714019775,0.000146323382206,ARCHIVED_SOURCE/论文/computer and geosciences整理/论文/TARF与门控修正_续训对照与三种子验证_20260929/runs/supplement_0001C_s1107/history.jsonl
0001C,Base-继续训练,1107,2,43,136.764480591,0.000144716199862,ARCHIVED_SOURCE/论文/computer and geosciences整理/论文/TARF与门控修正_续训对照与三种子验证_20260929/runs/supplement_0001C_s1107/history.jsonl
0001C,Base-继续训练,1107,2,44,136.591781616,0.000143462921572,ARCHIVED_SOURCE/论文/computer and geosciences整理/论文/TARF与门控修正_续训对照与三种子验证_20260929/runs/supplement_0001C_s1107/history.jsonl
0001C,Base-继续训练,1107,2,45,136.725219727,0.000142271427726,ARCHIVED_SOURCE/论文/computer and geosciences整理/论文/TARF与门控修正_续训对照与三种子验证_20260929/runs/supplement_0001C_s1107/history.jsonl
0001C,Base-继续训练,1107,2,46,136.710693359,0.000140781151899,ARCHIVED_SOURCE/论文/computer and geosciences整理/论文/TARF与门控修正_续训对照与三种子验证_20260929/runs/supplement_0001C_s1107/history.jsonl
0001C,Base-继续训练,1107,2,47,136.794174194,0.000140425009159,ARCHIVED_SOURCE/论文/computer and geosciences整理/论文/TARF与门控修正_续训对照与三种子验证_20260929/runs/supplement_0001C_s1107/history.jsonl
0001C,Base-继续训练,1107,2,48,136.838546753,0.000139750663287,ARCHIVED_SOURCE/论文/computer and geosciences整理/论文/TARF与门控修正_续训对照与三种子验证_20260929/runs/supplement_0001C_s1107/history.jsonl
0001C,Base-继续训练,1107,2,49,136.794219971,0.000139521989473,ARCHIVED_SOURCE/论文/computer and geosciences整理/论文/TARF与门控修正_续训对照与三种子验证_20260929/runs/supplement_0001C_s1107/history.jsonl
0001C,Base-继续训练,1107,2,50,136.78288269,0.000139400810172,ARCHIVED_SOURCE/论文/computer and geosciences整理/论文/TARF与门控修正_续训对照与三种子验证_20260929/runs/supplement_0001C_s1107/history.jsonl
0001C,Base-继续训练,1108,2,1,129.558670044,0.000507836932986,ARCHIVED_SOURCE/论文/computer and geosciences整理/论文/TARF与门控修正_续训对照与三种子验证_20260929/runs/supplement_0001C_s1108/history.jsonl
0001C,Base-继续训练,1108,2,2,135.777099609,0.000527069642888,ARCHIVED_SOURCE/论文/computer and geosciences整理/论文/TARF与门控修正_续训对照与三种子验证_20260929/runs/supplement_0001C_s1108/history.jsonl
0001C,Base-继续训练,1108,2,3,133.627975464,0.00062276536123,ARCHIVED_SOURCE/论文/computer and geosciences整理/论文/TARF与门控修正_续训对照与三种子验证_20260929/runs/supplement_0001C_s1108/history.jsonl
0001C,Base-继续训练,1108,2,4,142.912612915,0.00062769838845,ARCHIVED_SOURCE/论文/computer and geosciences整理/论文/TARF与门控修正_续训对照与三种子验证_20260929/runs/supplement_0001C_s1108/history.jsonl
0001C,Base-继续训练,1108,2,5,135.241607666,0.000582009829772,ARCHIVED_SOURCE/论文/computer and geosciences整理/论文/TARF与门控修正_续训对照与三种子验证_20260929/runs/supplement_0001C_s1108/history.jsonl
0001C,Base-继续训练,1108,2,6,143.630706787,0.000560389673537,ARCHIVED_SOURCE/论文/computer and geosciences整理/论文/TARF与门控修正_续训对照与三种子验证_20260929/runs/supplement_0001C_s1108/history.jsonl
0001C,Base-继续训练,1108,2,7,138.906204224,0.000534524414064,ARCHIVED_SOURCE/论文/computer and geosciences整理/论文/TARF与门控修正_续训对照与三种子验证_20260929/runs/supplement_0001C_s1108/history.jsonl
0001C,Base-继续训练,1108,2,8,137.889541626,0.000514802313905,ARCHIVED_SOURCE/论文/computer and geosciences整理/论文/TARF与门控修正_续训对照与三种子验证_20260929/runs/supplement_0001C_s1108/history.jsonl
0001C,Base-继续训练,1108,2,9,137.897705078,0.000488742341046,ARCHIVED_SOURCE/论文/computer and geosciences整理/论文/TARF与门控修正_续训对照与三种子验证_20260929/runs/supplement_0001C_s1108/history.jsonl
0001C,Base-继续训练,1108,2,10,134.898101807,0.000473496512228,ARCHIVED_SOURCE/论文/computer and geosciences整理/论文/TARF与门控修正_续训对照与三种子验证_20260929/runs/supplement_0001C_s1108/history.jsonl
0001C,Base-继续训练,1108,2,11,135.465927124,0.000452466054566,ARCHIVED_SOURCE/论文/computer and geosciences整理/论文/TARF与门控修正_续训对照与三种子验证_20260929/runs/supplement_0001C_s1108/history.jsonl
0001C,Base-继续训练,1108,2,12,135.465301514,0.000429706277351,ARCHIVED_SOURCE/论文/computer and geosciences整理/论文/TARF与门控修正_续训对照与三种子验证_20260929/runs/supplement_0001C_s1108/history.jsonl
0001C,Base-继续训练,1108,2,13,133.149246216,0.000417430447676,ARCHIVED_SOURCE/论文/computer and geosciences整理/论文/TARF与门控修正_续训对照与三种子验证_20260929/runs/supplement_0001C_s1108/history.jsonl
0001C,Base-继续训练,1108,2,14,133.785476685,0.000400830217121,ARCHIVED_SOURCE/论文/computer and geosciences整理/论文/TARF与门控修正_续训对照与三种子验证_20260929/runs/supplement_0001C_s1108/history.jsonl
0001C,Base-继续训练,1108,2,15,134.825088501,0.000379189325022,ARCHIVED_SOURCE/论文/computer and geosciences整理/论文/TARF与门控修正_续训对照与三种子验证_20260929/runs/supplement_0001C_s1108/history.jsonl
0001C,Base-继续训练,1108,2,16,134.710632324,0.000367583941398,ARCHIVED_SOURCE/论文/computer and geosciences整理/论文/TARF与门控修正_续训对照与三种子验证_20260929/runs/supplement_0001C_s1108/history.jsonl
0001C,Base-继续训练,1108,2,17,132.882781982,0.000352123279257,ARCHIVED_SOURCE/论文/computer and geosciences整理/论文/TARF与门控修正_续训对照与三种子验证_20260929/runs/supplement_0001C_s1108/history.jsonl
0001C,Base-继续训练,1108,2,18,133.773223877,0.000336874332159,ARCHIVED_SOURCE/论文/computer and geosciences整理/论文/TARF与门控修正_续训对照与三种子验证_20260929/runs/supplement_0001C_s1108/history.jsonl
0001C,Base-继续训练,1108,2,19,131.516204834,0.0003256585683,ARCHIVED_SOURCE/论文/computer and geosciences整理/论文/TARF与门控修正_续训对照与三种子验证_20260929/runs/supplement_0001C_s1108/history.jsonl
0001C,Base-继续训练,1108,2,20,134.830917358,0.000317088150616,ARCHIVED_SOURCE/论文/computer and geosciences整理/论文/TARF与门控修正_续训对照与三种子验证_20260929/runs/supplement_0001C_s1108/history.jsonl
0001C,Base-继续训练,1108,2,21,134.34286499,0.000303585272091,ARCHIVED_SOURCE/论文/computer and geosciences整理/论文/TARF与门控修正_续训对照与三种子验证_20260929/runs/supplement_0001C_s1108/history.jsonl
0001C,Base-继续训练,1108,2,22,132.308807373,0.000290758417508,ARCHIVED_SOURCE/论文/computer and geosciences整理/论文/TARF与门控修正_续训对照与三种子验证_20260929/runs/supplement_0001C_s1108/history.jsonl
0001C,Base-继续训练,1108,2,23,133.783630371,0.000280493219498,ARCHIVED_SOURCE/论文/computer and geosciences整理/论文/TARF与门控修正_续训对照与三种子验证_20260929/runs/supplement_0001C_s1108/history.jsonl
0001C,Base-继续训练,1108,2,24,134.13671875,0.000268489162267,ARCHIVED_SOURCE/论文/computer and geosciences整理/论文/TARF与门控修正_续训对照与三种子验证_20260929/runs/supplement_0001C_s1108/history.jsonl
0001C,Base-继续训练,1108,2,25,137.146408081,0.000258937210908,ARCHIVED_SOURCE/论文/computer and geosciences整理/论文/TARF与门控修正_续训对照与三种子验证_20260929/runs/supplement_0001C_s1108/history.jsonl
0001C,Base-继续训练,1108,2,26,134.268310547,0.000248320738919,ARCHIVED_SOURCE/论文/computer and geosciences整理/论文/TARF与门控修正_续训对照与三种子验证_20260929/runs/supplement_0001C_s1108/history.jsonl
0001C,Base-继续训练,1108,2,27,133.698242188,0.000240185916934,ARCHIVED_SOURCE/论文/computer and geosciences整理/论文/TARF与门控修正_续训对照与三种子验证_20260929/runs/supplement_0001C_s1108/history.jsonl
0001C,Base-继续训练,1108,2,28,133.476928711,0.000229927360044,ARCHIVED_SOURCE/论文/computer and geosciences整理/论文/TARF与门控修正_续训对照与三种子验证_20260929/runs/supplement_0001C_s1108/history.jsonl
0001C,Base-继续训练,1108,2,29,134.514129639,0.000221475453064,ARCHIVED_SOURCE/论文/computer and geosciences整理/论文/TARF与门控修正_续训对照与三种子验证_20260929/runs/supplement_0001C_s1108/history.jsonl
0001C,Base-继续训练,1108,2,30,134.369598389,0.000213126617025,ARCHIVED_SOURCE/论文/computer and geosciences整理/论文/TARF与门控修正_续训对照与三种子验证_20260929/runs/supplement_0001C_s1108/history.jsonl
0001C,Base-继续训练,1108,2,31,134.54750061,0.000205392396413,ARCHIVED_SOURCE/论文/computer and geosciences整理/论文/TARF与门控修正_续训对照与三种子验证_20260929/runs/supplement_0001C_s1108/history.jsonl
0001C,Base-继续训练,1108,2,32,133.49307251,0.000200011849051,ARCHIVED_SOURCE/论文/computer and geosciences整理/论文/TARF与门控修正_续训对照与三种子验证_20260929/runs/supplement_0001C_s1108/history.jsonl
0001C,Base-继续训练,1108,2,33,134.27255249,0.00019357800823,ARCHIVED_SOURCE/论文/computer and geosciences整理/论文/TARF与门控修正_续训对照与三种子验证_20260929/runs/supplement_0001C_s1108/history.jsonl
0001C,Base-继续训练,1108,2,34,134.780044556,0.000187333353334,ARCHIVED_SOURCE/论文/computer and geosciences整理/论文/TARF与门控修正_续训对照与三种子验证_20260929/runs/supplement_0001C_s1108/history.jsonl
0001C,Base-继续训练,1108,2,35,133.81048584,0.000182274122623,ARCHIVED_SOURCE/论文/computer and geosciences整理/论文/TARF与门控修正_续训对照与三种子验证_20260929/runs/supplement_0001C_s1108/history.jsonl
0001C,Base-继续训练,1108,2,36,134.616577148,0.0001767898183,ARCHIVED_SOURCE/论文/computer and geosciences整理/论文/TARF与门控修正_续训对照与三种子验证_20260929/runs/supplement_0001C_s1108/history.jsonl
0001C,Base-继续训练,1108,2,37,134.260131836,0.000172933479439,ARCHIVED_SOURCE/论文/computer and geosciences整理/论文/TARF与门控修正_续训对照与三种子验证_20260929/runs/supplement_0001C_s1108/history.jsonl
0001C,Base-继续训练,1108,2,38,134.315383911,0.00016794981404,ARCHIVED_SOURCE/论文/computer and geosciences整理/论文/TARF与门控修正_续训对照与三种子验证_20260929/runs/supplement_0001C_s1108/history.jsonl
0001C,Base-继续训练,1108,2,39,134.644821167,0.000165221425235,ARCHIVED_SOURCE/论文/computer and geosciences整理/论文/TARF与门控修正_续训对照与三种子验证_20260929/runs/supplement_0001C_s1108/history.jsonl
0001C,Base-继续训练,1108,2,40,134.980041504,0.000162255033157,ARCHIVED_SOURCE/论文/computer and geosciences整理/论文/TARF与门控修正_续训对照与三种子验证_20260929/runs/supplement_0001C_s1108/history.jsonl
0001C,Base-继续训练,1108,2,41,135.163192749,0.0001594849498,ARCHIVED_SOURCE/论文/computer and geosciences整理/论文/TARF与门控修正_续训对照与三种子验证_20260929/runs/supplement_0001C_s1108/history.jsonl
0001C,Base-继续训练,1108,2,42,135.37449646,0.0001570168111,ARCHIVED_SOURCE/论文/computer and geosciences整理/论文/TARF与门控修正_续训对照与三种子验证_20260929/runs/supplement_0001C_s1108/history.jsonl
0001C,Base-继续训练,1108,2,43,135.422225952,0.000154957636503,ARCHIVED_SOURCE/论文/computer and geosciences整理/论文/TARF与门控修正_续训对照与三种子验证_20260929/runs/supplement_0001C_s1108/history.jsonl
0001C,Base-继续训练,1108,2,44,135.389877319,0.000153585495926,ARCHIVED_SOURCE/论文/computer and geosciences整理/论文/TARF与门控修正_续训对照与三种子验证_20260929/runs/supplement_0001C_s1108/history.jsonl
0001C,Base-继续训练,1108,2,45,135.678207397,0.000152239577644,ARCHIVED_SOURCE/论文/computer and geosciences整理/论文/TARF与门控修正_续训对照与三种子验证_20260929/runs/supplement_0001C_s1108/history.jsonl
0001C,Base-继续训练,1108,2,46,135.69493103,0.000151134673866,ARCHIVED_SOURCE/论文/computer and geosciences整理/论文/TARF与门控修正_续训对照与三种子验证_20260929/runs/supplement_0001C_s1108/history.jsonl
0001C,Base-继续训练,1108,2,47,135.632827759,0.000150071411143,ARCHIVED_SOURCE/论文/computer and geosciences整理/论文/TARF与门控修正_续训对照与三种子验证_20260929/runs/supplement_0001C_s1108/history.jsonl
0001C,Base-继续训练,1108,2,48,135.593597412,0.000149844651641,ARCHIVED_SOURCE/论文/computer and geosciences整理/论文/TARF与门控修正_续训对照与三种子验证_20260929/runs/supplement_0001C_s1108/history.jsonl
0001C,Base-继续训练,1108,2,49,135.554367065,0.000149442244261,ARCHIVED_SOURCE/论文/computer and geosciences整理/论文/TARF与门控修正_续训对照与三种子验证_20260929/runs/supplement_0001C_s1108/history.jsonl
0001C,Base-继续训练,1108,2,50,135.501022339,0.000149271554727,ARCHIVED_SOURCE/论文/computer and geosciences整理/论文/TARF与门控修正_续训对照与三种子验证_20260929/runs/supplement_0001C_s1108/history.jsonl
0001C,Base-继续训练,1109,2,1,121.640937805,0.000612699544057,ARCHIVED_SOURCE/论文/computer and geosciences整理/论文/TARF与门控修正_续训对照与三种子验证_20260929/runs/supplement_0001C_s1109/history.jsonl
0001C,Base-继续训练,1109,2,2,122.530738831,0.000635721981386,ARCHIVED_SOURCE/论文/computer and geosciences整理/论文/TARF与门控修正_续训对照与三种子验证_20260929/runs/supplement_0001C_s1109/history.jsonl
0001C,Base-继续训练,1109,2,3,124.349449158,0.000703384328582,ARCHIVED_SOURCE/论文/computer and geosciences整理/论文/TARF与门控修正_续训对照与三种子验证_20260929/runs/supplement_0001C_s1109/history.jsonl
0001C,Base-继续训练,1109,2,4,128.649673462,0.00069079351017,ARCHIVED_SOURCE/论文/computer and geosciences整理/论文/TARF与门控修正_续训对照与三种子验证_20260929/runs/supplement_0001C_s1109/history.jsonl
0001C,Base-继续训练,1109,2,5,125.1195755,0.000656299073673,ARCHIVED_SOURCE/论文/computer and geosciences整理/论文/TARF与门控修正_续训对照与三种子验证_20260929/runs/supplement_0001C_s1109/history.jsonl
0001C,Base-继续训练,1109,2,6,131.299224854,0.000621429284274,ARCHIVED_SOURCE/论文/computer and geosciences整理/论文/TARF与门控修正_续训对照与三种子验证_20260929/runs/supplement_0001C_s1109/history.jsonl
0001C,Base-继续训练,1109,2,7,124.636352539,0.000590186781572,ARCHIVED_SOURCE/论文/computer and geosciences整理/论文/TARF与门控修正_续训对照与三种子验证_20260929/runs/supplement_0001C_s1109/history.jsonl
0001C,Base-继续训练,1109,2,8,126.231460571,0.000565156723567,ARCHIVED_SOURCE/论文/computer and geosciences整理/论文/TARF与门控修正_续训对照与三种子验证_20260929/runs/supplement_0001C_s1109/history.jsonl
0001C,Base-继续训练,1109,2,9,129.689651489,0.000534771947654,ARCHIVED_SOURCE/论文/computer and geosciences整理/论文/TARF与门控修正_续训对照与三种子验证_20260929/runs/supplement_0001C_s1109/history.jsonl
0001C,Base-继续训练,1109,2,10,128.932907104,0.000515435415357,ARCHIVED_SOURCE/论文/computer and geosciences整理/论文/TARF与门控修正_续训对照与三种子验证_20260929/runs/supplement_0001C_s1109/history.jsonl
0001C,Base-继续训练,1109,2,11,126.129524231,0.000495972416117,ARCHIVED_SOURCE/论文/computer and geosciences整理/论文/TARF与门控修正_续训对照与三种子验证_20260929/runs/supplement_0001C_s1109/history.jsonl
0001C,Base-继续训练,1109,2,12,127.130073547,0.000466215476172,ARCHIVED_SOURCE/论文/computer and geosciences整理/论文/TARF与门控修正_续训对照与三种子验证_20260929/runs/supplement_0001C_s1109/history.jsonl
0001C,Base-继续训练,1109,2,13,128.794113159,0.000446937552287,ARCHIVED_SOURCE/论文/computer and geosciences整理/论文/TARF与门控修正_续训对照与三种子验证_20260929/runs/supplement_0001C_s1109/history.jsonl
0001C,Base-继续训练,1109,2,14,129.05255127,0.000429552259005,ARCHIVED_SOURCE/论文/computer and geosciences整理/论文/TARF与门控修正_续训对照与三种子验证_20260929/runs/supplement_0001C_s1109/history.jsonl
0001C,Base-继续训练,1109,2,15,128.972000122,0.000408311458734,ARCHIVED_SOURCE/论文/computer and geosciences整理/论文/TARF与门控修正_续训对照与三种子验证_20260929/runs/supplement_0001C_s1109/history.jsonl
0001C,Base-继续训练,1109,2,16,124.884925842,0.000390858479486,ARCHIVED_SOURCE/论文/computer and geosciences整理/论文/TARF与门控修正_续训对照与三种子验证_20260929/runs/supplement_0001C_s1109/history.jsonl
0001C,Base-继续训练,1109,2,17,132.81350708,0.00038116178896,ARCHIVED_SOURCE/论文/computer and geosciences整理/论文/TARF与门控修正_续训对照与三种子验证_20260929/runs/supplement_0001C_s1109/history.jsonl
0001C,Base-继续训练,1109,2,18,129.737716675,0.000362473490813,ARCHIVED_SOURCE/论文/computer and geosciences整理/论文/TARF与门控修正_续训对照与三种子验证_20260929/runs/supplement_0001C_s1109/history.jsonl
0001C,Base-继续训练,1109,2,19,129.463256836,0.000349421525046,ARCHIVED_SOURCE/论文/computer and geosciences整理/论文/TARF与门控修正_续训对照与三种子验证_20260929/runs/supplement_0001C_s1109/history.jsonl
0001C,Base-继续训练,1109,2,20,129.181991577,0.000330869354713,ARCHIVED_SOURCE/论文/computer and geosciences整理/论文/TARF与门控修正_续训对照与三种子验证_20260929/runs/supplement_0001C_s1109/history.jsonl
0001C,Base-继续训练,1109,2,21,128.80569458,0.000318626387871,ARCHIVED_SOURCE/论文/computer and geosciences整理/论文/TARF与门控修正_续训对照与三种子验证_20260929/runs/supplement_0001C_s1109/history.jsonl
0001C,Base-继续训练,1109,2,22,129.686218262,0.000305741855016,ARCHIVED_SOURCE/论文/computer and geosciences整理/论文/TARF与门控修正_续训对照与三种子验证_20260929/runs/supplement_0001C_s1109/history.jsonl
0001C,Base-继续训练,1109,2,23,129.962371826,0.000291592146094,ARCHIVED_SOURCE/论文/computer and geosciences整理/论文/TARF与门控修正_续训对照与三种子验证_20260929/runs/supplement_0001C_s1109/history.jsonl
0001C,Base-继续训练,1109,2,24,129.248580933,0.000277172920303,ARCHIVED_SOURCE/论文/computer and geosciences整理/论文/TARF与门控修正_续训对照与三种子验证_20260929/runs/supplement_0001C_s1109/history.jsonl
0001C,Base-继续训练,1109,2,25,129.671661377,0.000266067478657,ARCHIVED_SOURCE/论文/computer and geosciences整理/论文/TARF与门控修正_续训对照与三种子验证_20260929/runs/supplement_0001C_s1109/history.jsonl
0001C,Base-继续训练,1109,2,26,128.766662598,0.00025618671994,ARCHIVED_SOURCE/论文/computer and geosciences整理/论文/TARF与门控修正_续训对照与三种子验证_20260929/runs/supplement_0001C_s1109/history.jsonl
0001C,Base-继续训练,1109,2,27,129.360900879,0.000247327769823,ARCHIVED_SOURCE/论文/computer and geosciences整理/论文/TARF与门控修正_续训对照与三种子验证_20260929/runs/supplement_0001C_s1109/history.jsonl
0001C,Base-继续训练,1109,2,28,130.096832275,0.000236757266077,ARCHIVED_SOURCE/论文/computer and geosciences整理/论文/TARF与门控修正_续训对照与三种子验证_20260929/runs/supplement_0001C_s1109/history.jsonl
0001C,Base-继续训练,1109,2,29,128.649215698,0.000226133942808,ARCHIVED_SOURCE/论文/computer and geosciences整理/论文/TARF与门控修正_续训对照与三种子验证_20260929/runs/supplement_0001C_s1109/history.jsonl
0001C,Base-继续训练,1109,2,30,128.167526245,0.000218358228015,ARCHIVED_SOURCE/论文/computer and geosciences整理/论文/TARF与门控修正_续训对照与三种子验证_20260929/runs/supplement_0001C_s1109/history.jsonl
0001C,Base-继续训练,1109,2,31,129.696517944,0.000210407444925,ARCHIVED_SOURCE/论文/computer and geosciences整理/论文/TARF与门控修正_续训对照与三种子验证_20260929/runs/supplement_0001C_s1109/history.jsonl
0001C,Base-继续训练,1109,2,32,130.465835571,0.000203133637969,ARCHIVED_SOURCE/论文/computer and geosciences整理/论文/TARF与门控修正_续训对照与三种子验证_20260929/runs/supplement_0001C_s1109/history.jsonl
0001C,Base-继续训练,1109,2,33,130.065734863,0.000196405016361,ARCHIVED_SOURCE/论文/computer and geosciences整理/论文/TARF与门控修正_续训对照与三种子验证_20260929/runs/supplement_0001C_s1109/history.jsonl
0001C,Base-继续训练,1109,2,34,131.028381348,0.000189842500927,ARCHIVED_SOURCE/论文/computer and geosciences整理/论文/TARF与门控修正_续训对照与三种子验证_20260929/runs/supplement_0001C_s1109/history.jsonl
0001C,Base-继续训练,1109,2,35,130.095718384,0.000184015634413,ARCHIVED_SOURCE/论文/computer and geosciences整理/论文/TARF与门控修正_续训对照与三种子验证_20260929/runs/supplement_0001C_s1109/history.jsonl
0001C,Base-继续训练,1109,2,36,129.845291138,0.000178839283665,ARCHIVED_SOURCE/论文/computer and geosciences整理/论文/TARF与门控修正_续训对照与三种子验证_20260929/runs/supplement_0001C_s1109/history.jsonl
0001C,Base-继续训练,1109,2,37,131.224151611,0.000174185897276,ARCHIVED_SOURCE/论文/computer and geosciences整理/论文/TARF与门控修正_续训对照与三种子验证_20260929/runs/supplement_0001C_s1109/history.jsonl
0001C,Base-继续训练,1109,2,38,131.297180176,0.000169684340022,ARCHIVED_SOURCE/论文/computer and geosciences整理/论文/TARF与门控修正_续训对照与三种子验证_20260929/runs/supplement_0001C_s1109/history.jsonl
0001C,Base-继续训练,1109,2,39,131.757019043,0.000166528582247,ARCHIVED_SOURCE/论文/computer and geosciences整理/论文/TARF与门控修正_续训对照与三种子验证_20260929/runs/supplement_0001C_s1109/history.jsonl
0001C,Base-继续训练,1109,2,40,131.49621582,0.000163193154567,ARCHIVED_SOURCE/论文/computer and geosciences整理/论文/TARF与门控修正_续训对照与三种子验证_20260929/runs/supplement_0001C_s1109/history.jsonl
0001C,Base-继续训练,1109,2,41,132.231719971,0.00016046977236,ARCHIVED_SOURCE/论文/computer and geosciences整理/论文/TARF与门控修正_续训对照与三种子验证_20260929/runs/supplement_0001C_s1109/history.jsonl
0001C,Base-继续训练,1109,2,42,131.529037476,0.000157485944327,ARCHIVED_SOURCE/论文/computer and geosciences整理/论文/TARF与门控修正_续训对照与三种子验证_20260929/runs/supplement_0001C_s1109/history.jsonl
0001C,Base-继续训练,1109,2,43,131.517379761,0.000155760925481,ARCHIVED_SOURCE/论文/computer and geosciences整理/论文/TARF与门控修正_续训对照与三种子验证_20260929/runs/supplement_0001C_s1109/history.jsonl
0001C,Base-继续训练,1109,2,44,132.218902588,0.000154121466724,ARCHIVED_SOURCE/论文/computer and geosciences整理/论文/TARF与门控修正_续训对照与三种子验证_20260929/runs/supplement_0001C_s1109/history.jsonl
0001C,Base-继续训练,1109,2,45,131.629669189,0.000152587521446,ARCHIVED_SOURCE/论文/computer and geosciences整理/论文/TARF与门控修正_续训对照与三种子验证_20260929/runs/supplement_0001C_s1109/history.jsonl
0001C,Base-继续训练,1109,2,46,131.97833252,0.000151796481964,ARCHIVED_SOURCE/论文/computer and geosciences整理/论文/TARF与门控修正_续训对照与三种子验证_20260929/runs/supplement_0001C_s1109/history.jsonl
0001C,Base-继续训练,1109,2,47,131.961242676,0.000150663812508,ARCHIVED_SOURCE/论文/computer and geosciences整理/论文/TARF与门控修正_续训对照与三种子验证_20260929/runs/supplement_0001C_s1109/history.jsonl
0001C,Base-继续训练,1109,2,48,131.940856934,0.000149907984169,ARCHIVED_SOURCE/论文/computer and geosciences整理/论文/TARF与门控修正_续训对照与三种子验证_20260929/runs/supplement_0001C_s1109/history.jsonl
0001C,Base-继续训练,1109,2,49,131.992431641,0.000150057377576,ARCHIVED_SOURCE/论文/computer and geosciences整理/论文/TARF与门控修正_续训对照与三种子验证_20260929/runs/supplement_0001C_s1109/history.jsonl
0001C,Base-继续训练,1109,2,50,131.963180542,0.000149834884001,ARCHIVED_SOURCE/论文/computer and geosciences整理/论文/TARF与门控修正_续训对照与三种子验证_20260929/runs/supplement_0001C_s1109/history.jsonl
1001C,Base-TARF-继续训练,1107,2,1,106.130088806,0.000616244508474,ARCHIVED_SOURCE/论文/computer and geosciences整理/论文/TARF与门控修正_续训对照与三种子验证_20260929/runs/supplement_1001C_s1107/history.jsonl
1001C,Base-TARF-继续训练,1107,2,2,108.077148438,0.000646420681705,ARCHIVED_SOURCE/论文/computer and geosciences整理/论文/TARF与门控修正_续训对照与三种子验证_20260929/runs/supplement_1001C_s1107/history.jsonl
1001C,Base-TARF-继续训练,1107,2,3,113.236465454,0.000698748815949,ARCHIVED_SOURCE/论文/computer and geosciences整理/论文/TARF与门控修正_续训对照与三种子验证_20260929/runs/supplement_1001C_s1107/history.jsonl
1001C,Base-TARF-继续训练,1107,2,4,106.317436218,0.00070500817941,ARCHIVED_SOURCE/论文/computer and geosciences整理/论文/TARF与门控修正_续训对照与三种子验证_20260929/runs/supplement_1001C_s1107/history.jsonl
1001C,Base-TARF-继续训练,1107,2,5,107.870353699,0.000667626622319,ARCHIVED_SOURCE/论文/computer and geosciences整理/论文/TARF与门控修正_续训对照与三种子验证_20260929/runs/supplement_1001C_s1107/history.jsonl
1001C,Base-TARF-继续训练,1107,2,6,112.396461487,0.000634926313069,ARCHIVED_SOURCE/论文/computer and geosciences整理/论文/TARF与门控修正_续训对照与三种子验证_20260929/runs/supplement_1001C_s1107/history.jsonl
1001C,Base-TARF-继续训练,1107,2,7,106.882347107,0.000606566971983,ARCHIVED_SOURCE/论文/computer and geosciences整理/论文/TARF与门控修正_续训对照与三种子验证_20260929/runs/supplement_1001C_s1107/history.jsonl
1001C,Base-TARF-继续训练,1107,2,8,108.050071716,0.000573263476872,ARCHIVED_SOURCE/论文/computer and geosciences整理/论文/TARF与门控修正_续训对照与三种子验证_20260929/runs/supplement_1001C_s1107/history.jsonl
1001C,Base-TARF-继续训练,1107,2,9,105.822372437,0.000549119724891,ARCHIVED_SOURCE/论文/computer and geosciences整理/论文/TARF与门控修正_续训对照与三种子验证_20260929/runs/supplement_1001C_s1107/history.jsonl
1001C,Base-TARF-继续训练,1107,2,10,117.553062439,0.000518284767801,ARCHIVED_SOURCE/论文/computer and geosciences整理/论文/TARF与门控修正_续训对照与三种子验证_20260929/runs/supplement_1001C_s1107/history.jsonl
1001C,Base-TARF-继续训练,1107,2,11,111.137290955,0.000500499870064,ARCHIVED_SOURCE/论文/computer and geosciences整理/论文/TARF与门控修正_续训对照与三种子验证_20260929/runs/supplement_1001C_s1107/history.jsonl
1001C,Base-TARF-继续训练,1107,2,12,109.323478699,0.000469614801801,ARCHIVED_SOURCE/论文/computer and geosciences整理/论文/TARF与门控修正_续训对照与三种子验证_20260929/runs/supplement_1001C_s1107/history.jsonl
1001C,Base-TARF-继续训练,1107,2,13,114.82611084,0.00045626820241,ARCHIVED_SOURCE/论文/computer and geosciences整理/论文/TARF与门控修正_续训对照与三种子验证_20260929/runs/supplement_1001C_s1107/history.jsonl
1001C,Base-TARF-继续训练,1107,2,14,111.362548828,0.000433774324131,ARCHIVED_SOURCE/论文/computer and geosciences整理/论文/TARF与门控修正_续训对照与三种子验证_20260929/runs/supplement_1001C_s1107/history.jsonl
1001C,Base-TARF-继续训练,1107,2,15,114.295639038,0.000403140165195,ARCHIVED_SOURCE/论文/computer and geosciences整理/论文/TARF与门控修正_续训对照与三种子验证_20260929/runs/supplement_1001C_s1107/history.jsonl
1001C,Base-TARF-继续训练,1107,2,16,115.686714172,0.000393188916386,ARCHIVED_SOURCE/论文/computer and geosciences整理/论文/TARF与门控修正_续训对照与三种子验证_20260929/runs/supplement_1001C_s1107/history.jsonl
1001C,Base-TARF-继续训练,1107,2,17,115.825714111,0.000374508069164,ARCHIVED_SOURCE/论文/computer and geosciences整理/论文/TARF与门控修正_续训对照与三种子验证_20260929/runs/supplement_1001C_s1107/history.jsonl
1001C,Base-TARF-继续训练,1107,2,18,116.927627563,0.000355987229281,ARCHIVED_SOURCE/论文/computer and geosciences整理/论文/TARF与门控修正_续训对照与三种子验证_20260929/runs/supplement_1001C_s1107/history.jsonl
1001C,Base-TARF-继续训练,1107,2,19,119.683853149,0.000343720528749,ARCHIVED_SOURCE/论文/computer and geosciences整理/论文/TARF与门控修正_续训对照与三种子验证_20260929/runs/supplement_1001C_s1107/history.jsonl
1001C,Base-TARF-继续训练,1107,2,20,119.109298706,0.000336691508217,ARCHIVED_SOURCE/论文/computer and geosciences整理/论文/TARF与门控修正_续训对照与三种子验证_20260929/runs/supplement_1001C_s1107/history.jsonl
1001C,Base-TARF-继续训练,1107,2,21,118.056602478,0.000312581753542,ARCHIVED_SOURCE/论文/computer and geosciences整理/论文/TARF与门控修正_续训对照与三种子验证_20260929/runs/supplement_1001C_s1107/history.jsonl
1001C,Base-TARF-继续训练,1107,2,22,122.145851135,0.000296946877064,ARCHIVED_SOURCE/论文/computer and geosciences整理/论文/TARF与门控修正_续训对照与三种子验证_20260929/runs/supplement_1001C_s1107/history.jsonl
1001C,Base-TARF-继续训练,1107,2,23,121.075675964,0.000292573465484,ARCHIVED_SOURCE/论文/computer and geosciences整理/论文/TARF与门控修正_续训对照与三种子验证_20260929/runs/supplement_1001C_s1107/history.jsonl
1001C,Base-TARF-继续训练,1107,2,24,122.634277344,0.000274213154323,ARCHIVED_SOURCE/论文/computer and geosciences整理/论文/TARF与门控修正_续训对照与三种子验证_20260929/runs/supplement_1001C_s1107/history.jsonl
1001C,Base-TARF-继续训练,1107,2,25,123.25769043,0.00026210258007,ARCHIVED_SOURCE/论文/computer and geosciences整理/论文/TARF与门控修正_续训对照与三种子验证_20260929/runs/supplement_1001C_s1107/history.jsonl
1001C,Base-TARF-继续训练,1107,2,26,121.8620224,0.000252919027744,ARCHIVED_SOURCE/论文/computer and geosciences整理/论文/TARF与门控修正_续训对照与三种子验证_20260929/runs/supplement_1001C_s1107/history.jsonl
1001C,Base-TARF-继续训练,1107,2,27,124.159690857,0.000243543084463,ARCHIVED_SOURCE/论文/computer and geosciences整理/论文/TARF与门控修正_续训对照与三种子验证_20260929/runs/supplement_1001C_s1107/history.jsonl
1001C,Base-TARF-继续训练,1107,2,28,124.101852417,0.000233238583257,ARCHIVED_SOURCE/论文/computer and geosciences整理/论文/TARF与门控修正_续训对照与三种子验证_20260929/runs/supplement_1001C_s1107/history.jsonl
1001C,Base-TARF-继续训练,1107,2,29,125.502235413,0.00022413631447,ARCHIVED_SOURCE/论文/computer and geosciences整理/论文/TARF与门控修正_续训对照与三种子验证_20260929/runs/supplement_1001C_s1107/history.jsonl
1001C,Base-TARF-继续训练,1107,2,30,125.497550964,0.000215726669897,ARCHIVED_SOURCE/论文/computer and geosciences整理/论文/TARF与门控修正_续训对照与三种子验证_20260929/runs/supplement_1001C_s1107/history.jsonl
1001C,Base-TARF-继续训练,1107,2,31,124.435028076,0.000206837204665,ARCHIVED_SOURCE/论文/computer and geosciences整理/论文/TARF与门控修正_续训对照与三种子验证_20260929/runs/supplement_1001C_s1107/history.jsonl
1001C,Base-TARF-继续训练,1107,2,32,127.363761902,0.0002025719454,ARCHIVED_SOURCE/论文/computer and geosciences整理/论文/TARF与门控修正_续训对照与三种子验证_20260929/runs/supplement_1001C_s1107/history.jsonl
1001C,Base-TARF-继续训练,1107,2,33,126.263839722,0.000194138872401,ARCHIVED_SOURCE/论文/computer and geosciences整理/论文/TARF与门控修正_续训对照与三种子验证_20260929/runs/supplement_1001C_s1107/history.jsonl
1001C,Base-TARF-继续训练,1107,2,34,127.024940491,0.00018728890942,ARCHIVED_SOURCE/论文/computer and geosciences整理/论文/TARF与门控修正_续训对照与三种子验证_20260929/runs/supplement_1001C_s1107/history.jsonl
1001C,Base-TARF-继续训练,1107,2,35,127.5570755,0.000182603215531,ARCHIVED_SOURCE/论文/computer and geosciences整理/论文/TARF与门控修正_续训对照与三种子验证_20260929/runs/supplement_1001C_s1107/history.jsonl
1001C,Base-TARF-继续训练,1107,2,36,127.562850952,0.000177082650847,ARCHIVED_SOURCE/论文/computer and geosciences整理/论文/TARF与门控修正_续训对照与三种子验证_20260929/runs/supplement_1001C_s1107/history.jsonl
1001C,Base-TARF-继续训练,1107,2,37,128.02444458,0.000172410878775,ARCHIVED_SOURCE/论文/computer and geosciences整理/论文/TARF与门控修正_续训对照与三种子验证_20260929/runs/supplement_1001C_s1107/history.jsonl
1001C,Base-TARF-继续训练,1107,2,38,128.106231689,0.000168513743932,ARCHIVED_SOURCE/论文/computer and geosciences整理/论文/TARF与门控修正_续训对照与三种子验证_20260929/runs/supplement_1001C_s1107/history.jsonl
1001C,Base-TARF-继续训练,1107,2,39,128.383407593,0.000164676479448,ARCHIVED_SOURCE/论文/computer and geosciences整理/论文/TARF与门控修正_续训对照与三种子验证_20260929/runs/supplement_1001C_s1107/history.jsonl
1001C,Base-TARF-继续训练,1107,2,40,128.477828979,0.00016207827608,ARCHIVED_SOURCE/论文/computer and geosciences整理/论文/TARF与门控修正_续训对照与三种子验证_20260929/runs/supplement_1001C_s1107/history.jsonl
1001C,Base-TARF-继续训练,1107,2,41,129.088806152,0.000159010470671,ARCHIVED_SOURCE/论文/computer and geosciences整理/论文/TARF与门控修正_续训对照与三种子验证_20260929/runs/supplement_1001C_s1107/history.jsonl
1001C,Base-TARF-继续训练,1107,2,42,128.985595703,0.000156638511831,ARCHIVED_SOURCE/论文/computer and geosciences整理/论文/TARF与门控修正_续训对照与三种子验证_20260929/runs/supplement_1001C_s1107/history.jsonl
1001C,Base-TARF-继续训练,1107,2,43,129.275863647,0.000154536015535,ARCHIVED_SOURCE/论文/computer and geosciences整理/论文/TARF与门控修正_续训对照与三种子验证_20260929/runs/supplement_1001C_s1107/history.jsonl
1001C,Base-TARF-继续训练,1107,2,44,128.798431396,0.000152860823763,ARCHIVED_SOURCE/论文/computer and geosciences整理/论文/TARF与门控修正_续训对照与三种子验证_20260929/runs/supplement_1001C_s1107/history.jsonl
1001C,Base-TARF-继续训练,1107,2,45,129.203445435,0.000151545684146,ARCHIVED_SOURCE/论文/computer and geosciences整理/论文/TARF与门控修正_续训对照与三种子验证_20260929/runs/supplement_1001C_s1107/history.jsonl
1001C,Base-TARF-继续训练,1107,2,46,129.283248901,0.00015025914211,ARCHIVED_SOURCE/论文/computer and geosciences整理/论文/TARF与门控修正_续训对照与三种子验证_20260929/runs/supplement_1001C_s1107/history.jsonl
1001C,Base-TARF-继续训练,1107,2,47,129.347595215,0.000149698013611,ARCHIVED_SOURCE/论文/computer and geosciences整理/论文/TARF与门控修正_续训对照与三种子验证_20260929/runs/supplement_1001C_s1107/history.jsonl
1001C,Base-TARF-继续训练,1107,2,48,129.359466553,0.000149126960902,ARCHIVED_SOURCE/论文/computer and geosciences整理/论文/TARF与门控修正_续训对照与三种子验证_20260929/runs/supplement_1001C_s1107/history.jsonl
1001C,Base-TARF-继续训练,1107,2,49,129.391220093,0.000148952829798,ARCHIVED_SOURCE/论文/computer and geosciences整理/论文/TARF与门控修正_续训对照与三种子验证_20260929/runs/supplement_1001C_s1107/history.jsonl
1001C,Base-TARF-继续训练,1107,2,50,129.355926514,0.000148819001285,ARCHIVED_SOURCE/论文/computer and geosciences整理/论文/TARF与门控修正_续训对照与三种子验证_20260929/runs/supplement_1001C_s1107/history.jsonl
1001C,Base-TARF-继续训练,1108,2,1,114.585388184,0.000562580922681,ARCHIVED_SOURCE/论文/computer and geosciences整理/论文/TARF与门控修正_续训对照与三种子验证_20260929/runs/supplement_1001C_s1108/history.jsonl
1001C,Base-TARF-继续训练,1108,2,2,122.337287903,0.000580981949737,ARCHIVED_SOURCE/论文/computer and geosciences整理/论文/TARF与门控修正_续训对照与三种子验证_20260929/runs/supplement_1001C_s1108/history.jsonl
1001C,Base-TARF-继续训练,1108,2,3,115.496139526,0.000663786034524,ARCHIVED_SOURCE/论文/computer and geosciences整理/论文/TARF与门控修正_续训对照与三种子验证_20260929/runs/supplement_1001C_s1108/history.jsonl
1001C,Base-TARF-继续训练,1108,2,4,123.455238342,0.000640096919158,ARCHIVED_SOURCE/论文/computer and geosciences整理/论文/TARF与门控修正_续训对照与三种子验证_20260929/runs/supplement_1001C_s1108/history.jsonl
1001C,Base-TARF-继续训练,1108,2,5,122.200576782,0.000617439266446,ARCHIVED_SOURCE/论文/computer and geosciences整理/论文/TARF与门控修正_续训对照与三种子验证_20260929/runs/supplement_1001C_s1108/history.jsonl
1001C,Base-TARF-继续训练,1108,2,6,118.089126587,0.000587620507657,ARCHIVED_SOURCE/论文/computer and geosciences整理/论文/TARF与门控修正_续训对照与三种子验证_20260929/runs/supplement_1001C_s1108/history.jsonl
1001C,Base-TARF-继续训练,1108,2,7,126.100486755,0.00055518055714,ARCHIVED_SOURCE/论文/computer and geosciences整理/论文/TARF与门控修正_续训对照与三种子验证_20260929/runs/supplement_1001C_s1108/history.jsonl
1001C,Base-TARF-继续训练,1108,2,8,120.744438171,0.000524117417528,ARCHIVED_SOURCE/论文/computer and geosciences整理/论文/TARF与门控修正_续训对照与三种子验证_20260929/runs/supplement_1001C_s1108/history.jsonl
1001C,Base-TARF-继续训练,1108,2,9,122.381134033,0.000509915345461,ARCHIVED_SOURCE/论文/computer and geosciences整理/论文/TARF与门控修正_续训对照与三种子验证_20260929/runs/supplement_1001C_s1108/history.jsonl
1001C,Base-TARF-继续训练,1108,2,10,120.143486023,0.000479620196275,ARCHIVED_SOURCE/论文/computer and geosciences整理/论文/TARF与门控修正_续训对照与三种子验证_20260929/runs/supplement_1001C_s1108/history.jsonl
1001C,Base-TARF-继续训练,1108,2,11,126.161071777,0.0004575177797,ARCHIVED_SOURCE/论文/computer and geosciences整理/论文/TARF与门控修正_续训对照与三种子验证_20260929/runs/supplement_1001C_s1108/history.jsonl
1001C,Base-TARF-继续训练,1108,2,12,119.959625244,0.000435926337532,ARCHIVED_SOURCE/论文/computer and geosciences整理/论文/TARF与门控修正_续训对照与三种子验证_20260929/runs/supplement_1001C_s1108/history.jsonl
1001C,Base-TARF-继续训练,1108,2,13,120.142059326,0.000420336798118,ARCHIVED_SOURCE/论文/computer and geosciences整理/论文/TARF与门控修正_续训对照与三种子验证_20260929/runs/supplement_1001C_s1108/history.jsonl
1001C,Base-TARF-继续训练,1108,2,14,120.804901123,0.000397076667543,ARCHIVED_SOURCE/论文/computer and geosciences整理/论文/TARF与门控修正_续训对照与三种子验证_20260929/runs/supplement_1001C_s1108/history.jsonl
1001C,Base-TARF-继续训练,1108,2,15,124.552574158,0.00037664706279,ARCHIVED_SOURCE/论文/computer and geosciences整理/论文/TARF与门控修正_续训对照与三种子验证_20260929/runs/supplement_1001C_s1108/history.jsonl
1001C,Base-TARF-继续训练,1108,2,16,126.705223083,0.00036568518143,ARCHIVED_SOURCE/论文/computer and geosciences整理/论文/TARF与门控修正_续训对照与三种子验证_20260929/runs/supplement_1001C_s1108/history.jsonl
1001C,Base-TARF-继续训练,1108,2,17,122.890151978,0.000347239757718,ARCHIVED_SOURCE/论文/computer and geosciences整理/论文/TARF与门控修正_续训对照与三种子验证_20260929/runs/supplement_1001C_s1108/history.jsonl
1001C,Base-TARF-继续训练,1108,2,18,124.78301239,0.000331752804987,ARCHIVED_SOURCE/论文/computer and geosciences整理/论文/TARF与门控修正_续训对照与三种子验证_20260929/runs/supplement_1001C_s1108/history.jsonl
1001C,Base-TARF-继续训练,1108,2,19,125.18712616,0.000324691113041,ARCHIVED_SOURCE/论文/computer and geosciences整理/论文/TARF与门控修正_续训对照与三种子验证_20260929/runs/supplement_1001C_s1108/history.jsonl
1001C,Base-TARF-继续训练,1108,2,20,124.47743988,0.000308618192297,ARCHIVED_SOURCE/论文/computer and geosciences整理/论文/TARF与门控修正_续训对照与三种子验证_20260929/runs/supplement_1001C_s1108/history.jsonl
1001C,Base-TARF-继续训练,1108,2,21,125.448776245,0.000295252662094,ARCHIVED_SOURCE/论文/computer and geosciences整理/论文/TARF与门控修正_续训对照与三种子验证_20260929/runs/supplement_1001C_s1108/history.jsonl
1001C,Base-TARF-继续训练,1108,2,22,127.024650574,0.000282549393454,ARCHIVED_SOURCE/论文/computer and geosciences整理/论文/TARF与门控修正_续训对照与三种子验证_20260929/runs/supplement_1001C_s1108/history.jsonl
1001C,Base-TARF-继续训练,1108,2,23,129.030990601,0.000271550510279,ARCHIVED_SOURCE/论文/computer and geosciences整理/论文/TARF与门控修正_续训对照与三种子验证_20260929/runs/supplement_1001C_s1108/history.jsonl
1001C,Base-TARF-继续训练,1108,2,24,127.843788147,0.00025907678314,ARCHIVED_SOURCE/论文/computer and geosciences整理/论文/TARF与门控修正_续训对照与三种子验证_20260929/runs/supplement_1001C_s1108/history.jsonl
1001C,Base-TARF-继续训练,1108,2,25,130.7762146,0.000249573405414,ARCHIVED_SOURCE/论文/computer and geosciences整理/论文/TARF与门控修正_续训对照与三种子验证_20260929/runs/supplement_1001C_s1108/history.jsonl
1001C,Base-TARF-继续训练,1108,2,26,128.545349121,0.000239811389133,ARCHIVED_SOURCE/论文/computer and geosciences整理/论文/TARF与门控修正_续训对照与三种子验证_20260929/runs/supplement_1001C_s1108/history.jsonl
1001C,Base-TARF-继续训练,1108,2,27,127.703140259,0.000230087453353,ARCHIVED_SOURCE/论文/computer and geosciences整理/论文/TARF与门控修正_续训对照与三种子验证_20260929/runs/supplement_1001C_s1108/history.jsonl
1001C,Base-TARF-继续训练,1108,2,28,129.247131348,0.000219364221941,ARCHIVED_SOURCE/论文/computer and geosciences整理/论文/TARF与门控修正_续训对照与三种子验证_20260929/runs/supplement_1001C_s1108/history.jsonl
1001C,Base-TARF-继续训练,1108,2,29,129.567092896,0.000211628524375,ARCHIVED_SOURCE/论文/computer and geosciences整理/论文/TARF与门控修正_续训对照与三种子验证_20260929/runs/supplement_1001C_s1108/history.jsonl
1001C,Base-TARF-继续训练,1108,2,30,129.605422974,0.000203455295104,ARCHIVED_SOURCE/论文/computer and geosciences整理/论文/TARF与门控修正_续训对照与三种子验证_20260929/runs/supplement_1001C_s1108/history.jsonl
1001C,Base-TARF-继续训练,1108,2,31,129.790344238,0.000196220869415,ARCHIVED_SOURCE/论文/computer and geosciences整理/论文/TARF与门控修正_续训对照与三种子验证_20260929/runs/supplement_1001C_s1108/history.jsonl
1001C,Base-TARF-继续训练,1108,2,32,129.395080566,0.000189499176069,ARCHIVED_SOURCE/论文/computer and geosciences整理/论文/TARF与门控修正_续训对照与三种子验证_20260929/runs/supplement_1001C_s1108/history.jsonl
1001C,Base-TARF-继续训练,1108,2,33,130.05241394,0.000183723210968,ARCHIVED_SOURCE/论文/computer and geosciences整理/论文/TARF与门控修正_续训对照与三种子验证_20260929/runs/supplement_1001C_s1108/history.jsonl
1001C,Base-TARF-继续训练,1108,2,34,130.329589844,0.000177806856701,ARCHIVED_SOURCE/论文/computer and geosciences整理/论文/TARF与门控修正_续训对照与三种子验证_20260929/runs/supplement_1001C_s1108/history.jsonl
1001C,Base-TARF-继续训练,1108,2,35,129.620605469,0.000172814638924,ARCHIVED_SOURCE/论文/computer and geosciences整理/论文/TARF与门控修正_续训对照与三种子验证_20260929/runs/supplement_1001C_s1108/history.jsonl
1001C,Base-TARF-继续训练,1108,2,36,131.071594238,0.000168166079042,ARCHIVED_SOURCE/论文/computer and geosciences整理/论文/TARF与门控修正_续训对照与三种子验证_20260929/runs/supplement_1001C_s1108/history.jsonl
1001C,Base-TARF-继续训练,1108,2,37,130.442977905,0.000163445797522,ARCHIVED_SOURCE/论文/computer and geosciences整理/论文/TARF与门控修正_续训对照与三种子验证_20260929/runs/supplement_1001C_s1108/history.jsonl
1001C,Base-TARF-继续训练,1108,2,38,131.340057373,0.000159283074157,ARCHIVED_SOURCE/论文/computer and geosciences整理/论文/TARF与门控修正_续训对照与三种子验证_20260929/runs/supplement_1001C_s1108/history.jsonl
1001C,Base-TARF-继续训练,1108,2,39,131.136444092,0.000155928777796,ARCHIVED_SOURCE/论文/computer and geosciences整理/论文/TARF与门控修正_续训对照与三种子验证_20260929/runs/supplement_1001C_s1108/history.jsonl
1001C,Base-TARF-继续训练,1108,2,40,131.684646606,0.000152882356562,ARCHIVED_SOURCE/论文/computer and geosciences整理/论文/TARF与门控修正_续训对照与三种子验证_20260929/runs/supplement_1001C_s1108/history.jsonl
1001C,Base-TARF-继续训练,1108,2,41,131.77204895,0.000150389290455,ARCHIVED_SOURCE/论文/computer and geosciences整理/论文/TARF与门控修正_续训对照与三种子验证_20260929/runs/supplement_1001C_s1108/history.jsonl
1001C,Base-TARF-继续训练,1108,2,42,131.449447632,0.000148438137196,ARCHIVED_SOURCE/论文/computer and geosciences整理/论文/TARF与门控修正_续训对照与三种子验证_20260929/runs/supplement_1001C_s1108/history.jsonl
1001C,Base-TARF-继续训练,1108,2,43,131.961120605,0.000146175731696,ARCHIVED_SOURCE/论文/computer and geosciences整理/论文/TARF与门控修正_续训对照与三种子验证_20260929/runs/supplement_1001C_s1108/history.jsonl
1001C,Base-TARF-继续训练,1108,2,44,131.86164856,0.000144772494388,ARCHIVED_SOURCE/论文/computer and geosciences整理/论文/TARF与门控修正_续训对照与三种子验证_20260929/runs/supplement_1001C_s1108/history.jsonl
1001C,Base-TARF-继续训练,1108,2,45,131.877227783,0.000143040408985,ARCHIVED_SOURCE/论文/computer and geosciences整理/论文/TARF与门控修正_续训对照与三种子验证_20260929/runs/supplement_1001C_s1108/history.jsonl
1001C,Base-TARF-继续训练,1108,2,46,131.938095093,0.000142651256576,ARCHIVED_SOURCE/论文/computer and geosciences整理/论文/TARF与门控修正_续训对照与三种子验证_20260929/runs/supplement_1001C_s1108/history.jsonl
1001C,Base-TARF-继续训练,1108,2,47,132.12538147,0.000141674838156,ARCHIVED_SOURCE/论文/computer and geosciences整理/论文/TARF与门控修正_续训对照与三种子验证_20260929/runs/supplement_1001C_s1108/history.jsonl
1001C,Base-TARF-继续训练,1108,2,48,132.025695801,0.000141042931115,ARCHIVED_SOURCE/论文/computer and geosciences整理/论文/TARF与门控修正_续训对照与三种子验证_20260929/runs/supplement_1001C_s1108/history.jsonl
1001C,Base-TARF-继续训练,1108,2,49,132.002120972,0.000140728396183,ARCHIVED_SOURCE/论文/computer and geosciences整理/论文/TARF与门控修正_续训对照与三种子验证_20260929/runs/supplement_1001C_s1108/history.jsonl
1001C,Base-TARF-继续训练,1108,2,50,132.054946899,0.000140733763833,ARCHIVED_SOURCE/论文/computer and geosciences整理/论文/TARF与门控修正_续训对照与三种子验证_20260929/runs/supplement_1001C_s1108/history.jsonl
1001C,Base-TARF-继续训练,1109,2,1,105.269851685,0.000658518539865,ARCHIVED_SOURCE/论文/computer and geosciences整理/论文/TARF与门控修正_续训对照与三种子验证_20260929/runs/supplement_1001C_s1109/history.jsonl
1001C,Base-TARF-继续训练,1109,2,2,112.756187439,0.000684276254726,ARCHIVED_SOURCE/论文/computer and geosciences整理/论文/TARF与门控修正_续训对照与三种子验证_20260929/runs/supplement_1001C_s1109/history.jsonl
1001C,Base-TARF-继续训练,1109,2,3,117.439109802,0.000741924693693,ARCHIVED_SOURCE/论文/computer and geosciences整理/论文/TARF与门控修正_续训对照与三种子验证_20260929/runs/supplement_1001C_s1109/history.jsonl
1001C,Base-TARF-继续训练,1109,2,4,111.977073669,0.000718636668958,ARCHIVED_SOURCE/论文/computer and geosciences整理/论文/TARF与门控修正_续训对照与三种子验证_20260929/runs/supplement_1001C_s1109/history.jsonl
1001C,Base-TARF-继续训练,1109,2,5,105.407600403,0.000691982627939,ARCHIVED_SOURCE/论文/computer and geosciences整理/论文/TARF与门控修正_续训对照与三种子验证_20260929/runs/supplement_1001C_s1109/history.jsonl
1001C,Base-TARF-继续训练,1109,2,6,118.222999573,0.000665280524169,ARCHIVED_SOURCE/论文/computer and geosciences整理/论文/TARF与门控修正_续训对照与三种子验证_20260929/runs/supplement_1001C_s1109/history.jsonl
1001C,Base-TARF-继续训练,1109,2,7,116.244903564,0.000625471745026,ARCHIVED_SOURCE/论文/computer and geosciences整理/论文/TARF与门控修正_续训对照与三种子验证_20260929/runs/supplement_1001C_s1109/history.jsonl
1001C,Base-TARF-继续训练,1109,2,8,111.961853027,0.000591340829188,ARCHIVED_SOURCE/论文/computer and geosciences整理/论文/TARF与门控修正_续训对照与三种子验证_20260929/runs/supplement_1001C_s1109/history.jsonl
1001C,Base-TARF-继续训练,1109,2,9,120.195350647,0.000565510351912,ARCHIVED_SOURCE/论文/computer and geosciences整理/论文/TARF与门控修正_续训对照与三种子验证_20260929/runs/supplement_1001C_s1109/history.jsonl
1001C,Base-TARF-继续训练,1109,2,10,116.751800537,0.00053251474329,ARCHIVED_SOURCE/论文/computer and geosciences整理/论文/TARF与门控修正_续训对照与三种子验证_20260929/runs/supplement_1001C_s1109/history.jsonl
1001C,Base-TARF-继续训练,1109,2,11,115.363952637,0.000515039882608,ARCHIVED_SOURCE/论文/computer and geosciences整理/论文/TARF与门控修正_续训对照与三种子验证_20260929/runs/supplement_1001C_s1109/history.jsonl
1001C,Base-TARF-继续训练,1109,2,12,118.737709045,0.000489490238842,ARCHIVED_SOURCE/论文/computer and geosciences整理/论文/TARF与门控修正_续训对照与三种子验证_20260929/runs/supplement_1001C_s1109/history.jsonl
1001C,Base-TARF-继续训练,1109,2,13,114.521102905,0.000464106015439,ARCHIVED_SOURCE/论文/computer and geosciences整理/论文/TARF与门控修正_续训对照与三种子验证_20260929/runs/supplement_1001C_s1109/history.jsonl
1001C,Base-TARF-继续训练,1109,2,14,120.925811768,0.000440076869213,ARCHIVED_SOURCE/论文/computer and geosciences整理/论文/TARF与门控修正_续训对照与三种子验证_20260929/runs/supplement_1001C_s1109/history.jsonl
1001C,Base-TARF-继续训练,1109,2,15,119.594299316,0.000417453886873,ARCHIVED_SOURCE/论文/computer and geosciences整理/论文/TARF与门控修正_续训对照与三种子验证_20260929/runs/supplement_1001C_s1109/history.jsonl
1001C,Base-TARF-继续训练,1109,2,16,117.620376587,0.000401937236243,ARCHIVED_SOURCE/论文/computer and geosciences整理/论文/TARF与门控修正_续训对照与三种子验证_20260929/runs/supplement_1001C_s1109/history.jsonl
1001C,Base-TARF-继续训练,1109,2,17,121.040184021,0.000389710102648,ARCHIVED_SOURCE/论文/computer and geosciences整理/论文/TARF与门控修正_续训对照与三种子验证_20260929/runs/supplement_1001C_s1109/history.jsonl
1001C,Base-TARF-继续训练,1109,2,18,125.195960999,0.000372927077349,ARCHIVED_SOURCE/论文/computer and geosciences整理/论文/TARF与门控修正_续训对照与三种子验证_20260929/runs/supplement_1001C_s1109/history.jsonl
1001C,Base-TARF-继续训练,1109,2,19,126.068351746,0.000357311559564,ARCHIVED_SOURCE/论文/computer and geosciences整理/论文/TARF与门控修正_续训对照与三种子验证_20260929/runs/supplement_1001C_s1109/history.jsonl
1001C,Base-TARF-继续训练,1109,2,20,126.306137085,0.000336842079957,ARCHIVED_SOURCE/论文/computer and geosciences整理/论文/TARF与门控修正_续训对照与三种子验证_20260929/runs/supplement_1001C_s1109/history.jsonl
1001C,Base-TARF-继续训练,1109,2,21,124.792709351,0.000324149090062,ARCHIVED_SOURCE/论文/computer and geosciences整理/论文/TARF与门控修正_续训对照与三种子验证_20260929/runs/supplement_1001C_s1109/history.jsonl
1001C,Base-TARF-继续训练,1109,2,22,123.004562378,0.000310475733653,ARCHIVED_SOURCE/论文/computer and geosciences整理/论文/TARF与门控修正_续训对照与三种子验证_20260929/runs/supplement_1001C_s1109/history.jsonl
1001C,Base-TARF-继续训练,1109,2,23,127.527603149,0.000294702193744,ARCHIVED_SOURCE/论文/computer and geosciences整理/论文/TARF与门控修正_续训对照与三种子验证_20260929/runs/supplement_1001C_s1109/history.jsonl
1001C,Base-TARF-继续训练,1109,2,24,124.015602112,0.000285342477729,ARCHIVED_SOURCE/论文/computer and geosciences整理/论文/TARF与门控修正_续训对照与三种子验证_20260929/runs/supplement_1001C_s1109/history.jsonl
1001C,Base-TARF-继续训练,1109,2,25,127.832588196,0.000271927346248,ARCHIVED_SOURCE/论文/computer and geosciences整理/论文/TARF与门控修正_续训对照与三种子验证_20260929/runs/supplement_1001C_s1109/history.jsonl
1001C,Base-TARF-继续训练,1109,2,26,125.677986145,0.000259796135135,ARCHIVED_SOURCE/论文/computer and geosciences整理/论文/TARF与门控修正_续训对照与三种子验证_20260929/runs/supplement_1001C_s1109/history.jsonl
1001C,Base-TARF-继续训练,1109,2,27,129.255874634,0.000248326905942,ARCHIVED_SOURCE/论文/computer and geosciences整理/论文/TARF与门控修正_续训对照与三种子验证_20260929/runs/supplement_1001C_s1109/history.jsonl
1001C,Base-TARF-继续训练,1109,2,28,127.359199524,0.000238394712629,ARCHIVED_SOURCE/论文/computer and geosciences整理/论文/TARF与门控修正_续训对照与三种子验证_20260929/runs/supplement_1001C_s1109/history.jsonl
1001C,Base-TARF-继续训练,1109,2,29,126.270401001,0.00022992156394,ARCHIVED_SOURCE/论文/computer and geosciences整理/论文/TARF与门控修正_续训对照与三种子验证_20260929/runs/supplement_1001C_s1109/history.jsonl
1001C,Base-TARF-继续训练,1109,2,30,126.671661377,0.000220959521557,ARCHIVED_SOURCE/论文/computer and geosciences整理/论文/TARF与门控修正_续训对照与三种子验证_20260929/runs/supplement_1001C_s1109/history.jsonl
1001C,Base-TARF-继续训练,1109,2,31,127.95438385,0.000212641671047,ARCHIVED_SOURCE/论文/computer and geosciences整理/论文/TARF与门控修正_续训对照与三种子验证_20260929/runs/supplement_1001C_s1109/history.jsonl
1001C,Base-TARF-继续训练,1109,2,32,129.359481812,0.000204678391149,ARCHIVED_SOURCE/论文/computer and geosciences整理/论文/TARF与门控修正_续训对照与三种子验证_20260929/runs/supplement_1001C_s1109/history.jsonl
1001C,Base-TARF-继续训练,1109,2,33,128.836624146,0.000198764117629,ARCHIVED_SOURCE/论文/computer and geosciences整理/论文/TARF与门控修正_续训对照与三种子验证_20260929/runs/supplement_1001C_s1109/history.jsonl
1001C,Base-TARF-继续训练,1109,2,34,129.307830811,0.00019202928652,ARCHIVED_SOURCE/论文/computer and geosciences整理/论文/TARF与门控修正_续训对照与三种子验证_20260929/runs/supplement_1001C_s1109/history.jsonl
1001C,Base-TARF-继续训练,1109,2,35,129.638961792,0.000186806341172,ARCHIVED_SOURCE/论文/computer and geosciences整理/论文/TARF与门控修正_续训对照与三种子验证_20260929/runs/supplement_1001C_s1109/history.jsonl
1001C,Base-TARF-继续训练,1109,2,36,131.191833496,0.00018117218468,ARCHIVED_SOURCE/论文/computer and geosciences整理/论文/TARF与门控修正_续训对照与三种子验证_20260929/runs/supplement_1001C_s1109/history.jsonl
1001C,Base-TARF-继续训练,1109,2,37,131.602920532,0.000176192698874,ARCHIVED_SOURCE/论文/computer and geosciences整理/论文/TARF与门控修正_续训对照与三种子验证_20260929/runs/supplement_1001C_s1109/history.jsonl
1001C,Base-TARF-继续训练,1109,2,38,130.643203735,0.00017209708087,ARCHIVED_SOURCE/论文/computer and geosciences整理/论文/TARF与门控修正_续训对照与三种子验证_20260929/runs/supplement_1001C_s1109/history.jsonl
1001C,Base-TARF-继续训练,1109,2,39,131.22416687,0.00016797909956,ARCHIVED_SOURCE/论文/computer and geosciences整理/论文/TARF与门控修正_续训对照与三种子验证_20260929/runs/supplement_1001C_s1109/history.jsonl
1001C,Base-TARF-继续训练,1109,2,40,131.894668579,0.000165249956867,ARCHIVED_SOURCE/论文/computer and geosciences整理/论文/TARF与门控修正_续训对照与三种子验证_20260929/runs/supplement_1001C_s1109/history.jsonl
1001C,Base-TARF-继续训练,1109,2,41,132.038818359,0.000162470174914,ARCHIVED_SOURCE/论文/computer and geosciences整理/论文/TARF与门控修正_续训对照与三种子验证_20260929/runs/supplement_1001C_s1109/history.jsonl
1001C,Base-TARF-继续训练,1109,2,42,131.56652832,0.000159929178388,ARCHIVED_SOURCE/论文/computer and geosciences整理/论文/TARF与门控修正_续训对照与三种子验证_20260929/runs/supplement_1001C_s1109/history.jsonl
1001C,Base-TARF-继续训练,1109,2,43,131.918121338,0.000157381585049,ARCHIVED_SOURCE/论文/computer and geosciences整理/论文/TARF与门控修正_续训对照与三种子验证_20260929/runs/supplement_1001C_s1109/history.jsonl
1001C,Base-TARF-继续训练,1109,2,44,132.060455322,0.000155808438541,ARCHIVED_SOURCE/论文/computer and geosciences整理/论文/TARF与门控修正_续训对照与三种子验证_20260929/runs/supplement_1001C_s1109/history.jsonl
1001C,Base-TARF-继续训练,1109,2,45,132.084869385,0.000154609948896,ARCHIVED_SOURCE/论文/computer and geosciences整理/论文/TARF与门控修正_续训对照与三种子验证_20260929/runs/supplement_1001C_s1109/history.jsonl
1001C,Base-TARF-继续训练,1109,2,46,132.2084198,0.000153308536111,ARCHIVED_SOURCE/论文/computer and geosciences整理/论文/TARF与门控修正_续训对照与三种子验证_20260929/runs/supplement_1001C_s1109/history.jsonl
1001C,Base-TARF-继续训练,1109,2,47,132.12171936,0.000152433156782,ARCHIVED_SOURCE/论文/computer and geosciences整理/论文/TARF与门控修正_续训对照与三种子验证_20260929/runs/supplement_1001C_s1109/history.jsonl
1001C,Base-TARF-继续训练,1109,2,48,132.07963562,0.000151903525545,ARCHIVED_SOURCE/论文/computer and geosciences整理/论文/TARF与门控修正_续训对照与三种子验证_20260929/runs/supplement_1001C_s1109/history.jsonl
1001C,Base-TARF-继续训练,1109,2,49,132.139556885,0.000151732123587,ARCHIVED_SOURCE/论文/computer and geosciences整理/论文/TARF与门控修正_续训对照与三种子验证_20260929/runs/supplement_1001C_s1109/history.jsonl
1001C,Base-TARF-继续训练,1109,2,50,132.146606445,0.000151315336713,ARCHIVED_SOURCE/论文/computer and geosciences整理/论文/TARF与门控修正_续训对照与三种子验证_20260929/runs/supplement_1001C_s1109/history.jsonl
T0P,SC,1107,1,1,402.274291992,0.0284174756178,ARCHIVED_SOURCE/论文/computer and geosciences整理/五六分量物理互补利用_V033基座_20260923_PhysicsLoss/runs/phys_baseline_T0P_s1107/history.jsonl
T0P,SC,1107,1,2,316.81137085,0.00359895186927,ARCHIVED_SOURCE/论文/computer and geosciences整理/五六分量物理互补利用_V033基座_20260923_PhysicsLoss/runs/phys_baseline_T0P_s1107/history.jsonl
T0P,SC,1107,1,3,274.010253906,0.00289892499737,ARCHIVED_SOURCE/论文/computer and geosciences整理/五六分量物理互补利用_V033基座_20260923_PhysicsLoss/runs/phys_baseline_T0P_s1107/history.jsonl
T0P,SC,1107,1,4,229.84475708,0.00247652615519,ARCHIVED_SOURCE/论文/computer and geosciences整理/五六分量物理互补利用_V033基座_20260923_PhysicsLoss/runs/phys_baseline_T0P_s1107/history.jsonl
T0P,SC,1107,1,5,197.032943726,0.00197162258159,ARCHIVED_SOURCE/论文/computer and geosciences整理/五六分量物理互补利用_V033基座_20260923_PhysicsLoss/runs/phys_baseline_T0P_s1107/history.jsonl
T0P,SC,1107,1,6,183.916091919,0.00166140276227,ARCHIVED_SOURCE/论文/computer and geosciences整理/五六分量物理互补利用_V033基座_20260923_PhysicsLoss/runs/phys_baseline_T0P_s1107/history.jsonl
T0P,SC,1107,1,7,180.621856689,0.00151989867098,ARCHIVED_SOURCE/论文/computer and geosciences整理/五六分量物理互补利用_V033基座_20260923_PhysicsLoss/runs/phys_baseline_T0P_s1107/history.jsonl
T0P,SC,1107,1,8,170.063873291,0.00141833959139,ARCHIVED_SOURCE/论文/computer and geosciences整理/五六分量物理互补利用_V033基座_20260923_PhysicsLoss/runs/phys_baseline_T0P_s1107/history.jsonl
T0P,SC,1107,1,9,152.493347168,0.00132862624107,ARCHIVED_SOURCE/论文/computer and geosciences整理/五六分量物理互补利用_V033基座_20260923_PhysicsLoss/runs/phys_baseline_T0P_s1107/history.jsonl
T0P,SC,1107,1,10,156.190170288,0.00124415694228,ARCHIVED_SOURCE/论文/computer and geosciences整理/五六分量物理互补利用_V033基座_20260923_PhysicsLoss/runs/phys_baseline_T0P_s1107/history.jsonl
T0P,SC,1107,1,11,146.363739014,0.00118670928619,ARCHIVED_SOURCE/论文/computer and geosciences整理/五六分量物理互补利用_V033基座_20260923_PhysicsLoss/runs/phys_baseline_T0P_s1107/history.jsonl
T0P,SC,1107,1,12,144.861877441,0.00111479003517,ARCHIVED_SOURCE/论文/computer and geosciences整理/五六分量物理互补利用_V033基座_20260923_PhysicsLoss/runs/phys_baseline_T0P_s1107/history.jsonl
T0P,SC,1107,1,13,138.568618774,0.00105727447597,ARCHIVED_SOURCE/论文/computer and geosciences整理/五六分量物理互补利用_V033基座_20260923_PhysicsLoss/runs/phys_baseline_T0P_s1107/history.jsonl
T0P,SC,1107,1,14,146.950881958,0.00100844531971,ARCHIVED_SOURCE/论文/computer and geosciences整理/五六分量物理互补利用_V033基座_20260923_PhysicsLoss/runs/phys_baseline_T0P_s1107/history.jsonl
T0P,SC,1107,1,15,141.490844727,0.000957253930191,ARCHIVED_SOURCE/论文/computer and geosciences整理/五六分量物理互补利用_V033基座_20260923_PhysicsLoss/runs/phys_baseline_T0P_s1107/history.jsonl
T0P,SC,1107,1,16,151.415588379,0.000913788860923,ARCHIVED_SOURCE/论文/computer and geosciences整理/五六分量物理互补利用_V033基座_20260923_PhysicsLoss/runs/phys_baseline_T0P_s1107/history.jsonl
T0P,SC,1107,1,17,135.262481689,0.00085789654189,ARCHIVED_SOURCE/论文/computer and geosciences整理/五六分量物理互补利用_V033基座_20260923_PhysicsLoss/runs/phys_baseline_T0P_s1107/history.jsonl
T0P,SC,1107,1,18,130.306549072,0.000813966721524,ARCHIVED_SOURCE/论文/computer and geosciences整理/五六分量物理互补利用_V033基座_20260923_PhysicsLoss/runs/phys_baseline_T0P_s1107/history.jsonl
T0P,SC,1107,1,19,139.393707275,0.000781833634571,ARCHIVED_SOURCE/论文/computer and geosciences整理/五六分量物理互补利用_V033基座_20260923_PhysicsLoss/runs/phys_baseline_T0P_s1107/history.jsonl
T0P,SC,1107,1,20,145.096618652,0.000733685795255,ARCHIVED_SOURCE/论文/computer and geosciences整理/五六分量物理互补利用_V033基座_20260923_PhysicsLoss/runs/phys_baseline_T0P_s1107/history.jsonl
T0P,SC,1107,1,21,150.943435669,0.000697715104851,ARCHIVED_SOURCE/论文/computer and geosciences整理/五六分量物理互补利用_V033基座_20260923_PhysicsLoss/runs/phys_baseline_T0P_s1107/history.jsonl
T0P,SC,1107,1,22,147.825912476,0.0006541680303,ARCHIVED_SOURCE/论文/computer and geosciences整理/五六分量物理互补利用_V033基座_20260923_PhysicsLoss/runs/phys_baseline_T0P_s1107/history.jsonl
T0P,SC,1107,1,23,136.861083984,0.000622324618799,ARCHIVED_SOURCE/论文/computer and geosciences整理/五六分量物理互补利用_V033基座_20260923_PhysicsLoss/runs/phys_baseline_T0P_s1107/history.jsonl
T0P,SC,1107,1,24,149.495300293,0.000589648474964,ARCHIVED_SOURCE/论文/computer and geosciences整理/五六分量物理互补利用_V033基座_20260923_PhysicsLoss/runs/phys_baseline_T0P_s1107/history.jsonl
T0P,SC,1107,1,25,148.142486572,0.000562029802753,ARCHIVED_SOURCE/论文/computer and geosciences整理/五六分量物理互补利用_V033基座_20260923_PhysicsLoss/runs/phys_baseline_T0P_s1107/history.jsonl
T0P,SC,1107,1,26,142.366119385,0.000526763937352,ARCHIVED_SOURCE/论文/computer and geosciences整理/五六分量物理互补利用_V033基座_20260923_PhysicsLoss/runs/phys_baseline_T0P_s1107/history.jsonl
T0P,SC,1107,1,27,143.469268799,0.000498316393784,ARCHIVED_SOURCE/论文/computer and geosciences整理/五六分量物理互补利用_V033基座_20260923_PhysicsLoss/runs/phys_baseline_T0P_s1107/history.jsonl
T0P,SC,1107,1,28,141.694274902,0.000474969143258,ARCHIVED_SOURCE/论文/computer and geosciences整理/五六分量物理互补利用_V033基座_20260923_PhysicsLoss/runs/phys_baseline_T0P_s1107/history.jsonl
T0P,SC,1107,1,29,144.229003906,0.000451123076781,ARCHIVED_SOURCE/论文/computer and geosciences整理/五六分量物理互补利用_V033基座_20260923_PhysicsLoss/runs/phys_baseline_T0P_s1107/history.jsonl
T0P,SC,1107,1,30,145.955627441,0.000428812660921,ARCHIVED_SOURCE/论文/computer and geosciences整理/五六分量物理互补利用_V033基座_20260923_PhysicsLoss/runs/phys_baseline_T0P_s1107/history.jsonl
T0P,SC,1107,1,31,143.799880981,0.000404456408877,ARCHIVED_SOURCE/论文/computer and geosciences整理/五六分量物理互补利用_V033基座_20260923_PhysicsLoss/runs/phys_baseline_T0P_s1107/history.jsonl
T0P,SC,1107,1,32,147.036331177,0.000386955186902,ARCHIVED_SOURCE/论文/computer and geosciences整理/五六分量物理互补利用_V033基座_20260923_PhysicsLoss/runs/phys_baseline_T0P_s1107/history.jsonl
T0P,SC,1107,1,33,146.873794556,0.000371546649619,ARCHIVED_SOURCE/论文/computer and geosciences整理/五六分量物理互补利用_V033基座_20260923_PhysicsLoss/runs/phys_baseline_T0P_s1107/history.jsonl
T0P,SC,1107,1,34,146.689376831,0.000355412191442,ARCHIVED_SOURCE/论文/computer and geosciences整理/五六分量物理互补利用_V033基座_20260923_PhysicsLoss/runs/phys_baseline_T0P_s1107/history.jsonl
T0P,SC,1107,1,35,151.126342773,0.00034240229449,ARCHIVED_SOURCE/论文/computer and geosciences整理/五六分量物理互补利用_V033基座_20260923_PhysicsLoss/runs/phys_baseline_T0P_s1107/history.jsonl
T0P,SC,1107,1,36,148.342544556,0.000330844093482,ARCHIVED_SOURCE/论文/computer and geosciences整理/五六分量物理互补利用_V033基座_20260923_PhysicsLoss/runs/phys_baseline_T0P_s1107/history.jsonl
T0P,SC,1107,1,37,150.39100647,0.000317883508185,ARCHIVED_SOURCE/论文/computer and geosciences整理/五六分量物理互补利用_V033基座_20260923_PhysicsLoss/runs/phys_baseline_T0P_s1107/history.jsonl
T0P,SC,1107,1,38,149.398452759,0.000308279193813,ARCHIVED_SOURCE/论文/computer and geosciences整理/五六分量物理互补利用_V033基座_20260923_PhysicsLoss/runs/phys_baseline_T0P_s1107/history.jsonl
T0P,SC,1107,1,39,150.688201904,0.000300103541816,ARCHIVED_SOURCE/论文/computer and geosciences整理/五六分量物理互补利用_V033基座_20260923_PhysicsLoss/runs/phys_baseline_T0P_s1107/history.jsonl
T0P,SC,1107,1,40,150.467956543,0.000292685042662,ARCHIVED_SOURCE/论文/computer and geosciences整理/五六分量物理互补利用_V033基座_20260923_PhysicsLoss/runs/phys_baseline_T0P_s1107/history.jsonl
T0P,SC,1107,1,41,150.54800415,0.000285921816269,ARCHIVED_SOURCE/论文/computer and geosciences整理/五六分量物理互补利用_V033基座_20260923_PhysicsLoss/runs/phys_baseline_T0P_s1107/history.jsonl
T0P,SC,1107,1,42,152.228485107,0.000280003768101,ARCHIVED_SOURCE/论文/computer and geosciences整理/五六分量物理互补利用_V033基座_20260923_PhysicsLoss/runs/phys_baseline_T0P_s1107/history.jsonl
T0P,SC,1107,1,43,151.233123779,0.000275428620071,ARCHIVED_SOURCE/论文/computer and geosciences整理/五六分量物理互补利用_V033基座_20260923_PhysicsLoss/runs/phys_baseline_T0P_s1107/history.jsonl
T0P,SC,1107,1,44,152.726531982,0.000271250908698,ARCHIVED_SOURCE/论文/computer and geosciences整理/五六分量物理互补利用_V033基座_20260923_PhysicsLoss/runs/phys_baseline_T0P_s1107/history.jsonl
T0P,SC,1107,1,45,152.934112549,0.00026805967421,ARCHIVED_SOURCE/论文/computer and geosciences整理/五六分量物理互补利用_V033基座_20260923_PhysicsLoss/runs/phys_baseline_T0P_s1107/history.jsonl
T0P,SC,1107,1,46,151.921844482,0.000266128612836,ARCHIVED_SOURCE/论文/computer and geosciences整理/五六分量物理互补利用_V033基座_20260923_PhysicsLoss/runs/phys_baseline_T0P_s1107/history.jsonl
T0P,SC,1107,1,47,152.649230957,0.000264313204544,ARCHIVED_SOURCE/论文/computer and geosciences整理/五六分量物理互补利用_V033基座_20260923_PhysicsLoss/runs/phys_baseline_T0P_s1107/history.jsonl
T0P,SC,1107,1,48,152.765274048,0.0002625165221,ARCHIVED_SOURCE/论文/computer and geosciences整理/五六分量物理互补利用_V033基座_20260923_PhysicsLoss/runs/phys_baseline_T0P_s1107/history.jsonl
T0P,SC,1107,1,49,152.680877686,0.000262229592714,ARCHIVED_SOURCE/论文/computer and geosciences整理/五六分量物理互补利用_V033基座_20260923_PhysicsLoss/runs/phys_baseline_T0P_s1107/history.jsonl
T0P,SC,1107,1,50,152.711654663,0.000262381060574,ARCHIVED_SOURCE/论文/computer and geosciences整理/五六分量物理互补利用_V033基座_20260923_PhysicsLoss/runs/phys_baseline_T0P_s1107/history.jsonl
T0P,SC,1108,1,1,388.349029541,0.097601453413,ARCHIVED_SOURCE/论文/computer and geosciences整理/五六分量物理互补利用_V033基座_20260923_PhysicsLoss/runs/phys_baseline_T0P_s1108/history.jsonl
T0P,SC,1108,1,2,318.396789551,0.00368385579637,ARCHIVED_SOURCE/论文/computer and geosciences整理/五六分量物理互补利用_V033基座_20260923_PhysicsLoss/runs/phys_baseline_T0P_s1108/history.jsonl
T0P,SC,1108,1,3,278.703125,0.0030479635472,ARCHIVED_SOURCE/论文/computer and geosciences整理/五六分量物理互补利用_V033基座_20260923_PhysicsLoss/runs/phys_baseline_T0P_s1108/history.jsonl
T0P,SC,1108,1,4,257.841552734,0.00269589258362,ARCHIVED_SOURCE/论文/computer and geosciences整理/五六分量物理互补利用_V033基座_20260923_PhysicsLoss/runs/phys_baseline_T0P_s1108/history.jsonl
T0P,SC,1108,1,5,245.114105225,0.00244017297714,ARCHIVED_SOURCE/论文/computer and geosciences整理/五六分量物理互补利用_V033基座_20260923_PhysicsLoss/runs/phys_baseline_T0P_s1108/history.jsonl
T0P,SC,1108,1,6,244.311447144,0.00219831347946,ARCHIVED_SOURCE/论文/computer and geosciences整理/五六分量物理互补利用_V033基座_20260923_PhysicsLoss/runs/phys_baseline_T0P_s1108/history.jsonl
T0P,SC,1108,1,7,208.949905396,0.00193865230432,ARCHIVED_SOURCE/论文/computer and geosciences整理/五六分量物理互补利用_V033基座_20260923_PhysicsLoss/runs/phys_baseline_T0P_s1108/history.jsonl
T0P,SC,1108,1,8,177.704040527,0.00159403852244,ARCHIVED_SOURCE/论文/computer and geosciences整理/五六分量物理互补利用_V033基座_20260923_PhysicsLoss/runs/phys_baseline_T0P_s1108/history.jsonl
T0P,SC,1108,1,9,197.657455444,0.00138810038732,ARCHIVED_SOURCE/论文/computer and geosciences整理/五六分量物理互补利用_V033基座_20260923_PhysicsLoss/runs/phys_baseline_T0P_s1108/history.jsonl
T0P,SC,1108,1,10,165.115402222,0.00130155235892,ARCHIVED_SOURCE/论文/computer and geosciences整理/五六分量物理互补利用_V033基座_20260923_PhysicsLoss/runs/phys_baseline_T0P_s1108/history.jsonl
T0P,SC,1108,1,11,152.637619019,0.0012165541001,ARCHIVED_SOURCE/论文/computer and geosciences整理/五六分量物理互补利用_V033基座_20260923_PhysicsLoss/runs/phys_baseline_T0P_s1108/history.jsonl
T0P,SC,1108,1,12,153.067962646,0.001153197034,ARCHIVED_SOURCE/论文/computer and geosciences整理/五六分量物理互补利用_V033基座_20260923_PhysicsLoss/runs/phys_baseline_T0P_s1108/history.jsonl
T0P,SC,1108,1,13,161.239807129,0.00108380247377,ARCHIVED_SOURCE/论文/computer and geosciences整理/五六分量物理互补利用_V033基座_20260923_PhysicsLoss/runs/phys_baseline_T0P_s1108/history.jsonl
T0P,SC,1108,1,14,146.845977783,0.00102726919144,ARCHIVED_SOURCE/论文/computer and geosciences整理/五六分量物理互补利用_V033基座_20260923_PhysicsLoss/runs/phys_baseline_T0P_s1108/history.jsonl
T0P,SC,1108,1,15,146.104217529,0.000962392766125,ARCHIVED_SOURCE/论文/computer and geosciences整理/五六分量物理互补利用_V033基座_20260923_PhysicsLoss/runs/phys_baseline_T0P_s1108/history.jsonl
T0P,SC,1108,1,16,176.548629761,0.000913537776238,ARCHIVED_SOURCE/论文/computer and geosciences整理/五六分量物理互补利用_V033基座_20260923_PhysicsLoss/runs/phys_baseline_T0P_s1108/history.jsonl
T0P,SC,1108,1,17,147.922424316,0.000857272140082,ARCHIVED_SOURCE/论文/computer and geosciences整理/五六分量物理互补利用_V033基座_20260923_PhysicsLoss/runs/phys_baseline_T0P_s1108/history.jsonl
T0P,SC,1108,1,18,154.628814697,0.00081203503114,ARCHIVED_SOURCE/论文/computer and geosciences整理/五六分量物理互补利用_V033基座_20260923_PhysicsLoss/runs/phys_baseline_T0P_s1108/history.jsonl
T0P,SC,1108,1,19,143.189300537,0.000760813993609,ARCHIVED_SOURCE/论文/computer and geosciences整理/五六分量物理互补利用_V033基座_20260923_PhysicsLoss/runs/phys_baseline_T0P_s1108/history.jsonl
T0P,SC,1108,1,20,153.778793335,0.0007130530314,ARCHIVED_SOURCE/论文/computer and geosciences整理/五六分量物理互补利用_V033基座_20260923_PhysicsLoss/runs/phys_baseline_T0P_s1108/history.jsonl
T0P,SC,1108,1,21,152.35345459,0.000675681075743,ARCHIVED_SOURCE/论文/computer and geosciences整理/五六分量物理互补利用_V033基座_20260923_PhysicsLoss/runs/phys_baseline_T0P_s1108/history.jsonl
T0P,SC,1108,1,22,151.293930054,0.00063952609117,ARCHIVED_SOURCE/论文/computer and geosciences整理/五六分量物理互补利用_V033基座_20260923_PhysicsLoss/runs/phys_baseline_T0P_s1108/history.jsonl
T0P,SC,1108,1,23,143.01890564,0.000603511530047,ARCHIVED_SOURCE/论文/computer and geosciences整理/五六分量物理互补利用_V033基座_20260923_PhysicsLoss/runs/phys_baseline_T0P_s1108/history.jsonl
T0P,SC,1108,1,24,151.845565796,0.00056360236157,ARCHIVED_SOURCE/论文/computer and geosciences整理/五六分量物理互补利用_V033基座_20260923_PhysicsLoss/runs/phys_baseline_T0P_s1108/history.jsonl
T0P,SC,1108,1,25,155.110626221,0.000534086713672,ARCHIVED_SOURCE/论文/computer and geosciences整理/五六分量物理互补利用_V033基座_20260923_PhysicsLoss/runs/phys_baseline_T0P_s1108/history.jsonl
T0P,SC,1108,1,26,151.699203491,0.000502803370261,ARCHIVED_SOURCE/论文/computer and geosciences整理/五六分量物理互补利用_V033基座_20260923_PhysicsLoss/runs/phys_baseline_T0P_s1108/history.jsonl
T0P,SC,1108,1,27,152.865158081,0.000474586324506,ARCHIVED_SOURCE/论文/computer and geosciences整理/五六分量物理互补利用_V033基座_20260923_PhysicsLoss/runs/phys_baseline_T0P_s1108/history.jsonl
T0P,SC,1108,1,28,152.562774658,0.000447012486829,ARCHIVED_SOURCE/论文/computer and geosciences整理/五六分量物理互补利用_V033基座_20260923_PhysicsLoss/runs/phys_baseline_T0P_s1108/history.jsonl
T0P,SC,1108,1,29,155.421188354,0.00042259352832,ARCHIVED_SOURCE/论文/computer and geosciences整理/五六分量物理互补利用_V033基座_20260923_PhysicsLoss/runs/phys_baseline_T0P_s1108/history.jsonl
T0P,SC,1108,1,30,153.006744385,0.000404005740038,ARCHIVED_SOURCE/论文/computer and geosciences整理/五六分量物理互补利用_V033基座_20260923_PhysicsLoss/runs/phys_baseline_T0P_s1108/history.jsonl
T0P,SC,1108,1,31,155.312530518,0.000385177199451,ARCHIVED_SOURCE/论文/computer and geosciences整理/五六分量物理互补利用_V033基座_20260923_PhysicsLoss/runs/phys_baseline_T0P_s1108/history.jsonl
T0P,SC,1108,1,32,155.695556641,0.000367206470275,ARCHIVED_SOURCE/论文/computer and geosciences整理/五六分量物理互补利用_V033基座_20260923_PhysicsLoss/runs/phys_baseline_T0P_s1108/history.jsonl
T0P,SC,1108,1,33,160.647293091,0.000352523719968,ARCHIVED_SOURCE/论文/computer and geosciences整理/五六分量物理互补利用_V033基座_20260923_PhysicsLoss/runs/phys_baseline_T0P_s1108/history.jsonl
T0P,SC,1108,1,34,155.351043701,0.000336231869133,ARCHIVED_SOURCE/论文/computer and geosciences整理/五六分量物理互补利用_V033基座_20260923_PhysicsLoss/runs/phys_baseline_T0P_s1108/history.jsonl
T0P,SC,1108,1,35,157.70640564,0.000323965215589,ARCHIVED_SOURCE/论文/computer and geosciences整理/五六分量物理互补利用_V033基座_20260923_PhysicsLoss/runs/phys_baseline_T0P_s1108/history.jsonl
T0P,SC,1108,1,36,157.877456665,0.000311979829266,ARCHIVED_SOURCE/论文/computer and geosciences整理/五六分量物理互补利用_V033基座_20260923_PhysicsLoss/runs/phys_baseline_T0P_s1108/history.jsonl
T0P,SC,1108,1,37,158.712265015,0.000300511780687,ARCHIVED_SOURCE/论文/computer and geosciences整理/五六分量物理互补利用_V033基座_20260923_PhysicsLoss/runs/phys_baseline_T0P_s1108/history.jsonl
T0P,SC,1108,1,38,158.203903198,0.000290711259313,ARCHIVED_SOURCE/论文/computer and geosciences整理/五六分量物理互补利用_V033基座_20260923_PhysicsLoss/runs/phys_baseline_T0P_s1108/history.jsonl
T0P,SC,1108,1,39,160.279022217,0.000283057701424,ARCHIVED_SOURCE/论文/computer and geosciences整理/五六分量物理互补利用_V033基座_20260923_PhysicsLoss/runs/phys_baseline_T0P_s1108/history.jsonl
T0P,SC,1108,1,40,160.664550781,0.000275742202197,ARCHIVED_SOURCE/论文/computer and geosciences整理/五六分量物理互补利用_V033基座_20260923_PhysicsLoss/runs/phys_baseline_T0P_s1108/history.jsonl
T0P,SC,1108,1,41,160.383270264,0.000271321590051,ARCHIVED_SOURCE/论文/computer and geosciences整理/五六分量物理互补利用_V033基座_20260923_PhysicsLoss/runs/phys_baseline_T0P_s1108/history.jsonl
T0P,SC,1108,1,42,160.511550903,0.000264291093742,ARCHIVED_SOURCE/论文/computer and geosciences整理/五六分量物理互补利用_V033基座_20260923_PhysicsLoss/runs/phys_baseline_T0P_s1108/history.jsonl
T0P,SC,1108,1,43,161.293823242,0.000259599170568,ARCHIVED_SOURCE/论文/computer and geosciences整理/五六分量物理互补利用_V033基座_20260923_PhysicsLoss/runs/phys_baseline_T0P_s1108/history.jsonl
T0P,SC,1108,1,44,161.204055786,0.000256483976987,ARCHIVED_SOURCE/论文/computer and geosciences整理/五六分量物理互补利用_V033基座_20260923_PhysicsLoss/runs/phys_baseline_T0P_s1108/history.jsonl
T0P,SC,1108,1,45,160.503250122,0.000253008526566,ARCHIVED_SOURCE/论文/computer and geosciences整理/五六分量物理互补利用_V033基座_20260923_PhysicsLoss/runs/phys_baseline_T0P_s1108/history.jsonl
T0P,SC,1108,1,46,161.875640869,0.000251405021169,ARCHIVED_SOURCE/论文/computer and geosciences整理/五六分量物理互补利用_V033基座_20260923_PhysicsLoss/runs/phys_baseline_T0P_s1108/history.jsonl
T0P,SC,1108,1,47,161.591598511,0.000249454862514,ARCHIVED_SOURCE/论文/computer and geosciences整理/五六分量物理互补利用_V033基座_20260923_PhysicsLoss/runs/phys_baseline_T0P_s1108/history.jsonl
T0P,SC,1108,1,48,161.278930664,0.000247967797791,ARCHIVED_SOURCE/论文/computer and geosciences整理/五六分量物理互补利用_V033基座_20260923_PhysicsLoss/runs/phys_baseline_T0P_s1108/history.jsonl
T0P,SC,1108,1,49,161.412582397,0.000247406261783,ARCHIVED_SOURCE/论文/computer and geosciences整理/五六分量物理互补利用_V033基座_20260923_PhysicsLoss/runs/phys_baseline_T0P_s1108/history.jsonl
T0P,SC,1108,1,50,161.384353638,0.000247293189426,ARCHIVED_SOURCE/论文/computer and geosciences整理/五六分量物理互补利用_V033基座_20260923_PhysicsLoss/runs/phys_baseline_T0P_s1108/history.jsonl
T0P,SC,1109,1,1,415.888214111,0.0180453003317,ARCHIVED_SOURCE/论文/computer and geosciences整理/五六分量物理互补利用_V033基座_20260923_PhysicsLoss/runs/phys_baseline_T0P_s1109/history.jsonl
T0P,SC,1109,1,2,313.291564941,0.00361495152916,ARCHIVED_SOURCE/论文/computer and geosciences整理/五六分量物理互补利用_V033基座_20260923_PhysicsLoss/runs/phys_baseline_T0P_s1109/history.jsonl
T0P,SC,1109,1,3,259.313812256,0.00301174814866,ARCHIVED_SOURCE/论文/computer and geosciences整理/五六分量物理互补利用_V033基座_20260923_PhysicsLoss/runs/phys_baseline_T0P_s1109/history.jsonl
T0P,SC,1109,1,4,252.245544434,0.00266993197489,ARCHIVED_SOURCE/论文/computer and geosciences整理/五六分量物理互补利用_V033基座_20260923_PhysicsLoss/runs/phys_baseline_T0P_s1109/history.jsonl
T0P,SC,1109,1,5,278.202392578,0.00242911404666,ARCHIVED_SOURCE/论文/computer and geosciences整理/五六分量物理互补利用_V033基座_20260923_PhysicsLoss/runs/phys_baseline_T0P_s1109/history.jsonl
T0P,SC,1109,1,6,223.906326294,0.00218257104417,ARCHIVED_SOURCE/论文/computer and geosciences整理/五六分量物理互补利用_V033基座_20260923_PhysicsLoss/runs/phys_baseline_T0P_s1109/history.jsonl
T0P,SC,1109,1,7,193.186676025,0.00190930208374,ARCHIVED_SOURCE/论文/computer and geosciences整理/五六分量物理互补利用_V033基座_20260923_PhysicsLoss/runs/phys_baseline_T0P_s1109/history.jsonl
T0P,SC,1109,1,8,206.027481079,0.00167982478998,ARCHIVED_SOURCE/论文/computer and geosciences整理/五六分量物理互补利用_V033基座_20260923_PhysicsLoss/runs/phys_baseline_T0P_s1109/history.jsonl
T0P,SC,1109,1,9,221.770645142,0.00151927712615,ARCHIVED_SOURCE/论文/computer and geosciences整理/五六分量物理互补利用_V033基座_20260923_PhysicsLoss/runs/phys_baseline_T0P_s1109/history.jsonl
T0P,SC,1109,1,10,158.236206055,0.00137346483316,ARCHIVED_SOURCE/论文/computer and geosciences整理/五六分量物理互补利用_V033基座_20260923_PhysicsLoss/runs/phys_baseline_T0P_s1109/history.jsonl
T0P,SC,1109,1,11,158.483825684,0.00129153634151,ARCHIVED_SOURCE/论文/computer and geosciences整理/五六分量物理互补利用_V033基座_20260923_PhysicsLoss/runs/phys_baseline_T0P_s1109/history.jsonl
T0P,SC,1109,1,12,156.098480225,0.0011956773951,ARCHIVED_SOURCE/论文/computer and geosciences整理/五六分量物理互补利用_V033基座_20260923_PhysicsLoss/runs/phys_baseline_T0P_s1109/history.jsonl
T0P,SC,1109,1,13,150.440643311,0.00112511243249,ARCHIVED_SOURCE/论文/computer and geosciences整理/五六分量物理互补利用_V033基座_20260923_PhysicsLoss/runs/phys_baseline_T0P_s1109/history.jsonl
T0P,SC,1109,1,14,160.157867432,0.00105641793303,ARCHIVED_SOURCE/论文/computer and geosciences整理/五六分量物理互补利用_V033基座_20260923_PhysicsLoss/runs/phys_baseline_T0P_s1109/history.jsonl
T0P,SC,1109,1,15,159.577682495,0.000989519005249,ARCHIVED_SOURCE/论文/computer and geosciences整理/五六分量物理互补利用_V033基座_20260923_PhysicsLoss/runs/phys_baseline_T0P_s1109/history.jsonl
T0P,SC,1109,1,16,144.38104248,0.000932995157246,ARCHIVED_SOURCE/论文/computer and geosciences整理/五六分量物理互补利用_V033基座_20260923_PhysicsLoss/runs/phys_baseline_T0P_s1109/history.jsonl
T0P,SC,1109,1,17,160.659759521,0.000879494533911,ARCHIVED_SOURCE/论文/computer and geosciences整理/五六分量物理互补利用_V033基座_20260923_PhysicsLoss/runs/phys_baseline_T0P_s1109/history.jsonl
T0P,SC,1109,1,18,160.162826538,0.000832125873107,ARCHIVED_SOURCE/论文/computer and geosciences整理/五六分量物理互补利用_V033基座_20260923_PhysicsLoss/runs/phys_baseline_T0P_s1109/history.jsonl
T0P,SC,1109,1,19,153.314804077,0.000793120045352,ARCHIVED_SOURCE/论文/computer and geosciences整理/五六分量物理互补利用_V033基座_20260923_PhysicsLoss/runs/phys_baseline_T0P_s1109/history.jsonl
T0P,SC,1109,1,20,152.483505249,0.000739566506653,ARCHIVED_SOURCE/论文/computer and geosciences整理/五六分量物理互补利用_V033基座_20260923_PhysicsLoss/runs/phys_baseline_T0P_s1109/history.jsonl
T0P,SC,1109,1,21,145.948043823,0.000707542034358,ARCHIVED_SOURCE/论文/computer and geosciences整理/五六分量物理互补利用_V033基座_20260923_PhysicsLoss/runs/phys_baseline_T0P_s1109/history.jsonl
T0P,SC,1109,1,22,154.297653198,0.000668551932019,ARCHIVED_SOURCE/论文/computer and geosciences整理/五六分量物理互补利用_V033基座_20260923_PhysicsLoss/runs/phys_baseline_T0P_s1109/history.jsonl
T0P,SC,1109,1,23,148.40020752,0.000625042219934,ARCHIVED_SOURCE/论文/computer and geosciences整理/五六分量物理互补利用_V033基座_20260923_PhysicsLoss/runs/phys_baseline_T0P_s1109/history.jsonl
T0P,SC,1109,1,24,150.138046265,0.000588933777208,ARCHIVED_SOURCE/论文/computer and geosciences整理/五六分量物理互补利用_V033基座_20260923_PhysicsLoss/runs/phys_baseline_T0P_s1109/history.jsonl
T0P,SC,1109,1,25,157.787414551,0.000561085389059,ARCHIVED_SOURCE/论文/computer and geosciences整理/五六分量物理互补利用_V033基座_20260923_PhysicsLoss/runs/phys_baseline_T0P_s1109/history.jsonl
T0P,SC,1109,1,26,145.289245605,0.000532108625796,ARCHIVED_SOURCE/论文/computer and geosciences整理/五六分量物理互补利用_V033基座_20260923_PhysicsLoss/runs/phys_baseline_T0P_s1109/history.jsonl
T0P,SC,1109,1,27,152.264526367,0.000502467396666,ARCHIVED_SOURCE/论文/computer and geosciences整理/五六分量物理互补利用_V033基座_20260923_PhysicsLoss/runs/phys_baseline_T0P_s1109/history.jsonl
T0P,SC,1109,1,28,150.866134644,0.000475735823061,ARCHIVED_SOURCE/论文/computer and geosciences整理/五六分量物理互补利用_V033基座_20260923_PhysicsLoss/runs/phys_baseline_T0P_s1109/history.jsonl
T0P,SC,1109,1,29,157.503601074,0.000449959550207,ARCHIVED_SOURCE/论文/computer and geosciences整理/五六分量物理互补利用_V033基座_20260923_PhysicsLoss/runs/phys_baseline_T0P_s1109/history.jsonl
T0P,SC,1109,1,30,154.228668213,0.000427269196456,ARCHIVED_SOURCE/论文/computer and geosciences整理/五六分量物理互补利用_V033基座_20260923_PhysicsLoss/runs/phys_baseline_T0P_s1109/history.jsonl
T0P,SC,1109,1,31,150.650268555,0.000408080888804,ARCHIVED_SOURCE/论文/computer and geosciences整理/五六分量物理互补利用_V033基座_20260923_PhysicsLoss/runs/phys_baseline_T0P_s1109/history.jsonl
T0P,SC,1109,1,32,156.341644287,0.000391129214024,ARCHIVED_SOURCE/论文/computer and geosciences整理/五六分量物理互补利用_V033基座_20260923_PhysicsLoss/runs/phys_baseline_T0P_s1109/history.jsonl
T0P,SC,1109,1,33,154.784744263,0.000373293327297,ARCHIVED_SOURCE/论文/computer and geosciences整理/五六分量物理互补利用_V033基座_20260923_PhysicsLoss/runs/phys_baseline_T0P_s1109/history.jsonl
T0P,SC,1109,1,34,156.457168579,0.000358705043044,ARCHIVED_SOURCE/论文/computer and geosciences整理/五六分量物理互补利用_V033基座_20260923_PhysicsLoss/runs/phys_baseline_T0P_s1109/history.jsonl
T0P,SC,1109,1,35,156.709106445,0.000345535929574,ARCHIVED_SOURCE/论文/computer and geosciences整理/五六分量物理互补利用_V033基座_20260923_PhysicsLoss/runs/phys_baseline_T0P_s1109/history.jsonl
T0P,SC,1109,1,36,157.301956177,0.000333593422652,ARCHIVED_SOURCE/论文/computer and geosciences整理/五六分量物理互补利用_V033基座_20260923_PhysicsLoss/runs/phys_baseline_T0P_s1109/history.jsonl
T0P,SC,1109,1,37,158.653060913,0.00032200097232,ARCHIVED_SOURCE/论文/computer and geosciences整理/五六分量物理互补利用_V033基座_20260923_PhysicsLoss/runs/phys_baseline_T0P_s1109/history.jsonl
T0P,SC,1109,1,38,156.321380615,0.000312597371974,ARCHIVED_SOURCE/论文/computer and geosciences整理/五六分量物理互补利用_V033基座_20260923_PhysicsLoss/runs/phys_baseline_T0P_s1109/history.jsonl
T0P,SC,1109,1,39,159.597473145,0.000303871044381,ARCHIVED_SOURCE/论文/computer and geosciences整理/五六分量物理互补利用_V033基座_20260923_PhysicsLoss/runs/phys_baseline_T0P_s1109/history.jsonl
T0P,SC,1109,1,40,159.761901855,0.000296570709702,ARCHIVED_SOURCE/论文/computer and geosciences整理/五六分量物理互补利用_V033基座_20260923_PhysicsLoss/runs/phys_baseline_T0P_s1109/history.jsonl
T0P,SC,1109,1,41,158.164718628,0.000290355289562,ARCHIVED_SOURCE/论文/computer and geosciences整理/五六分量物理互补利用_V033基座_20260923_PhysicsLoss/runs/phys_baseline_T0P_s1109/history.jsonl
T0P,SC,1109,1,42,158.019851685,0.00028509639326,ARCHIVED_SOURCE/论文/computer and geosciences整理/五六分量物理互补利用_V033基座_20260923_PhysicsLoss/runs/phys_baseline_T0P_s1109/history.jsonl
T0P,SC,1109,1,43,159.802001953,0.00027960191807,ARCHIVED_SOURCE/论文/computer and geosciences整理/五六分量物理互补利用_V033基座_20260923_PhysicsLoss/runs/phys_baseline_T0P_s1109/history.jsonl
T0P,SC,1109,1,44,158.266540527,0.000275845136077,ARCHIVED_SOURCE/论文/computer and geosciences整理/五六分量物理互补利用_V033基座_20260923_PhysicsLoss/runs/phys_baseline_T0P_s1109/history.jsonl
T0P,SC,1109,1,45,158.890106201,0.000272861821244,ARCHIVED_SOURCE/论文/computer and geosciences整理/五六分量物理互补利用_V033基座_20260923_PhysicsLoss/runs/phys_baseline_T0P_s1109/history.jsonl
T0P,SC,1109,1,46,159.485824585,0.000270213419894,ARCHIVED_SOURCE/论文/computer and geosciences整理/五六分量物理互补利用_V033基座_20260923_PhysicsLoss/runs/phys_baseline_T0P_s1109/history.jsonl
T0P,SC,1109,1,47,159.238540649,0.000268451883462,ARCHIVED_SOURCE/论文/computer and geosciences整理/五六分量物理互补利用_V033基座_20260923_PhysicsLoss/runs/phys_baseline_T0P_s1109/history.jsonl
T0P,SC,1109,1,48,159.084182739,0.000267241618977,ARCHIVED_SOURCE/论文/computer and geosciences整理/五六分量物理互补利用_V033基座_20260923_PhysicsLoss/runs/phys_baseline_T0P_s1109/history.jsonl
T0P,SC,1109,1,49,159.184646606,0.000267097441198,ARCHIVED_SOURCE/论文/computer and geosciences整理/五六分量物理互补利用_V033基座_20260923_PhysicsLoss/runs/phys_baseline_T0P_s1109/history.jsonl
T0P,SC,1109,1,50,159.280700684,0.000265925973394,ARCHIVED_SOURCE/论文/computer and geosciences整理/五六分量物理互补利用_V033基座_20260923_PhysicsLoss/runs/phys_baseline_T0P_s1109/history.jsonl
B0P,MC,1107,1,1,419.017486572,0.0224650720823,ARCHIVED_SOURCE/论文/computer and geosciences整理/五六分量物理互补利用_V033基座_20260923_PhysicsLoss/runs/phys_baseline_B0P_s1107/history.jsonl
B0P,MC,1107,1,2,348.707092285,0.00379378690364,ARCHIVED_SOURCE/论文/computer and geosciences整理/五六分量物理互补利用_V033基座_20260923_PhysicsLoss/runs/phys_baseline_B0P_s1107/history.jsonl
B0P,MC,1107,1,3,275.707397461,0.00304768314381,ARCHIVED_SOURCE/论文/computer and geosciences整理/五六分量物理互补利用_V033基座_20260923_PhysicsLoss/runs/phys_baseline_B0P_s1107/history.jsonl
B0P,MC,1107,1,4,237.879776001,0.00259304979465,ARCHIVED_SOURCE/论文/computer and geosciences整理/五六分量物理互补利用_V033基座_20260923_PhysicsLoss/runs/phys_baseline_B0P_s1107/history.jsonl
B0P,MC,1107,1,5,232.000396729,0.00225004969646,ARCHIVED_SOURCE/论文/computer and geosciences整理/五六分量物理互补利用_V033基座_20260923_PhysicsLoss/runs/phys_baseline_B0P_s1107/history.jsonl
B0P,MC,1107,1,6,225.449905396,0.00199594322559,ARCHIVED_SOURCE/论文/computer and geosciences整理/五六分量物理互补利用_V033基座_20260923_PhysicsLoss/runs/phys_baseline_B0P_s1107/history.jsonl
B0P,MC,1107,1,7,225.109069824,0.00181065882043,ARCHIVED_SOURCE/论文/computer and geosciences整理/五六分量物理互补利用_V033基座_20260923_PhysicsLoss/runs/phys_baseline_B0P_s1107/history.jsonl
B0P,MC,1107,1,8,219.453277588,0.00167870351008,ARCHIVED_SOURCE/论文/computer and geosciences整理/五六分量物理互补利用_V033基座_20260923_PhysicsLoss/runs/phys_baseline_B0P_s1107/history.jsonl
B0P,MC,1107,1,9,178.41444397,0.00154723370491,ARCHIVED_SOURCE/论文/computer and geosciences整理/五六分量物理互补利用_V033基座_20260923_PhysicsLoss/runs/phys_baseline_B0P_s1107/history.jsonl
B0P,MC,1107,1,10,184.988922119,0.00140268937889,ARCHIVED_SOURCE/论文/computer and geosciences整理/五六分量物理互补利用_V033基座_20260923_PhysicsLoss/runs/phys_baseline_B0P_s1107/history.jsonl
B0P,MC,1107,1,11,184.845230103,0.00126838050088,ARCHIVED_SOURCE/论文/computer and geosciences整理/五六分量物理互补利用_V033基座_20260923_PhysicsLoss/runs/phys_baseline_B0P_s1107/history.jsonl
B0P,MC,1107,1,12,163.772247314,0.00112359786767,ARCHIVED_SOURCE/论文/computer and geosciences整理/五六分量物理互补利用_V033基座_20260923_PhysicsLoss/runs/phys_baseline_B0P_s1107/history.jsonl
B0P,MC,1107,1,13,171.660308838,0.00103502719814,ARCHIVED_SOURCE/论文/computer and geosciences整理/五六分量物理互补利用_V033基座_20260923_PhysicsLoss/runs/phys_baseline_B0P_s1107/history.jsonl
B0P,MC,1107,1,14,165.231445312,0.0009396053515,ARCHIVED_SOURCE/论文/computer and geosciences整理/五六分量物理互补利用_V033基座_20260923_PhysicsLoss/runs/phys_baseline_B0P_s1107/history.jsonl
B0P,MC,1107,1,15,158.145950317,0.000855710030619,ARCHIVED_SOURCE/论文/computer and geosciences整理/五六分量物理互补利用_V033基座_20260923_PhysicsLoss/runs/phys_baseline_B0P_s1107/history.jsonl
B0P,MC,1107,1,16,165.569656372,0.000812119277028,ARCHIVED_SOURCE/论文/computer and geosciences整理/五六分量物理互补利用_V033基座_20260923_PhysicsLoss/runs/phys_baseline_B0P_s1107/history.jsonl
B0P,MC,1107,1,17,152.83380127,0.00075896396956,ARCHIVED_SOURCE/论文/computer and geosciences整理/五六分量物理互补利用_V033基座_20260923_PhysicsLoss/runs/phys_baseline_B0P_s1107/history.jsonl
B0P,MC,1107,1,18,157.617111206,0.000716477158557,ARCHIVED_SOURCE/论文/computer and geosciences整理/五六分量物理互补利用_V033基座_20260923_PhysicsLoss/runs/phys_baseline_B0P_s1107/history.jsonl
B0P,MC,1107,1,19,155.625549316,0.000672598510582,ARCHIVED_SOURCE/论文/computer and geosciences整理/五六分量物理互补利用_V033基座_20260923_PhysicsLoss/runs/phys_baseline_B0P_s1107/history.jsonl
B0P,MC,1107,1,20,157.181854248,0.000633327269691,ARCHIVED_SOURCE/论文/computer and geosciences整理/五六分量物理互补利用_V033基座_20260923_PhysicsLoss/runs/phys_baseline_B0P_s1107/history.jsonl
B0P,MC,1107,1,21,155.606231689,0.000598836589078,ARCHIVED_SOURCE/论文/computer and geosciences整理/五六分量物理互补利用_V033基座_20260923_PhysicsLoss/runs/phys_baseline_B0P_s1107/history.jsonl
B0P,MC,1107,1,22,160.760894775,0.000564804050555,ARCHIVED_SOURCE/论文/computer and geosciences整理/五六分量物理互补利用_V033基座_20260923_PhysicsLoss/runs/phys_baseline_B0P_s1107/history.jsonl
B0P,MC,1107,1,23,150.579330444,0.00053287355829,ARCHIVED_SOURCE/论文/computer and geosciences整理/五六分量物理互补利用_V033基座_20260923_PhysicsLoss/runs/phys_baseline_B0P_s1107/history.jsonl
B0P,MC,1107,1,24,155.428405762,0.000505023771295,ARCHIVED_SOURCE/论文/computer and geosciences整理/五六分量物理互补利用_V033基座_20260923_PhysicsLoss/runs/phys_baseline_B0P_s1107/history.jsonl
B0P,MC,1107,1,25,152.994934082,0.00048089601145,ARCHIVED_SOURCE/论文/computer and geosciences整理/五六分量物理互补利用_V033基座_20260923_PhysicsLoss/runs/phys_baseline_B0P_s1107/history.jsonl
B0P,MC,1107,1,26,151.528686523,0.000457828215066,ARCHIVED_SOURCE/论文/computer and geosciences整理/五六分量物理互补利用_V033基座_20260923_PhysicsLoss/runs/phys_baseline_B0P_s1107/history.jsonl
B0P,MC,1107,1,27,152.173751831,0.000433404728853,ARCHIVED_SOURCE/论文/computer and geosciences整理/五六分量物理互补利用_V033基座_20260923_PhysicsLoss/runs/phys_baseline_B0P_s1107/history.jsonl
B0P,MC,1107,1,28,148.024307251,0.000413620159566,ARCHIVED_SOURCE/论文/computer and geosciences整理/五六分量物理互补利用_V033基座_20260923_PhysicsLoss/runs/phys_baseline_B0P_s1107/history.jsonl
B0P,MC,1107,1,29,154.324905396,0.000392813363314,ARCHIVED_SOURCE/论文/computer and geosciences整理/五六分量物理互补利用_V033基座_20260923_PhysicsLoss/runs/phys_baseline_B0P_s1107/history.jsonl
B0P,MC,1107,1,30,149.488723755,0.000374488419172,ARCHIVED_SOURCE/论文/computer and geosciences整理/五六分量物理互补利用_V033基座_20260923_PhysicsLoss/runs/phys_baseline_B0P_s1107/history.jsonl
B0P,MC,1107,1,31,151.823471069,0.000355355958075,ARCHIVED_SOURCE/论文/computer and geosciences整理/五六分量物理互补利用_V033基座_20260923_PhysicsLoss/runs/phys_baseline_B0P_s1107/history.jsonl
B0P,MC,1107,1,32,150.553405762,0.000342884078136,ARCHIVED_SOURCE/论文/computer and geosciences整理/五六分量物理互补利用_V033基座_20260923_PhysicsLoss/runs/phys_baseline_B0P_s1107/history.jsonl
B0P,MC,1107,1,33,150.743743896,0.000329099306166,ARCHIVED_SOURCE/论文/computer and geosciences整理/五六分量物理互补利用_V033基座_20260923_PhysicsLoss/runs/phys_baseline_B0P_s1107/history.jsonl
B0P,MC,1107,1,34,148.964050293,0.000315062835947,ARCHIVED_SOURCE/论文/computer and geosciences整理/五六分量物理互补利用_V033基座_20260923_PhysicsLoss/runs/phys_baseline_B0P_s1107/history.jsonl
B0P,MC,1107,1,35,152.64491272,0.000304424173767,ARCHIVED_SOURCE/论文/computer and geosciences整理/五六分量物理互补利用_V033基座_20260923_PhysicsLoss/runs/phys_baseline_B0P_s1107/history.jsonl
B0P,MC,1107,1,36,149.874801636,0.000293184662933,ARCHIVED_SOURCE/论文/computer and geosciences整理/五六分量物理互补利用_V033基座_20260923_PhysicsLoss/runs/phys_baseline_B0P_s1107/history.jsonl
B0P,MC,1107,1,37,149.537231445,0.000284045176795,ARCHIVED_SOURCE/论文/computer and geosciences整理/五六分量物理互补利用_V033基座_20260923_PhysicsLoss/runs/phys_baseline_B0P_s1107/history.jsonl
B0P,MC,1107,1,38,150.312225342,0.000275682164523,ARCHIVED_SOURCE/论文/computer and geosciences整理/五六分量物理互补利用_V033基座_20260923_PhysicsLoss/runs/phys_baseline_B0P_s1107/history.jsonl
B0P,MC,1107,1,39,150.774429321,0.000268429200592,ARCHIVED_SOURCE/论文/computer and geosciences整理/五六分量物理互补利用_V033基座_20260923_PhysicsLoss/runs/phys_baseline_B0P_s1107/history.jsonl
B0P,MC,1107,1,40,149.277130127,0.000261792604184,ARCHIVED_SOURCE/论文/computer and geosciences整理/五六分量物理互补利用_V033基座_20260923_PhysicsLoss/runs/phys_baseline_B0P_s1107/history.jsonl
B0P,MC,1107,1,41,149.731033325,0.000255775284768,ARCHIVED_SOURCE/论文/computer and geosciences整理/五六分量物理互补利用_V033基座_20260923_PhysicsLoss/runs/phys_baseline_B0P_s1107/history.jsonl
B0P,MC,1107,1,42,150.644271851,0.000251462398328,ARCHIVED_SOURCE/论文/computer and geosciences整理/五六分量物理互补利用_V033基座_20260923_PhysicsLoss/runs/phys_baseline_B0P_s1107/history.jsonl
B0P,MC,1107,1,43,150.309295654,0.000247442431038,ARCHIVED_SOURCE/论文/computer and geosciences整理/五六分量物理互补利用_V033基座_20260923_PhysicsLoss/runs/phys_baseline_B0P_s1107/history.jsonl
B0P,MC,1107,1,44,150.573669434,0.000243531884143,ARCHIVED_SOURCE/论文/computer and geosciences整理/五六分量物理互补利用_V033基座_20260923_PhysicsLoss/runs/phys_baseline_B0P_s1107/history.jsonl
B0P,MC,1107,1,45,150.330093384,0.000240856605405,ARCHIVED_SOURCE/论文/computer and geosciences整理/五六分量物理互补利用_V033基座_20260923_PhysicsLoss/runs/phys_baseline_B0P_s1107/history.jsonl
B0P,MC,1107,1,46,150.24937439,0.000239447725022,ARCHIVED_SOURCE/论文/computer and geosciences整理/五六分量物理互补利用_V033基座_20260923_PhysicsLoss/runs/phys_baseline_B0P_s1107/history.jsonl
B0P,MC,1107,1,47,150.311553955,0.000237431399675,ARCHIVED_SOURCE/论文/computer and geosciences整理/五六分量物理互补利用_V033基座_20260923_PhysicsLoss/runs/phys_baseline_B0P_s1107/history.jsonl
B0P,MC,1107,1,48,150.688827515,0.000236134674115,ARCHIVED_SOURCE/论文/computer and geosciences整理/五六分量物理互补利用_V033基座_20260923_PhysicsLoss/runs/phys_baseline_B0P_s1107/history.jsonl
B0P,MC,1107,1,49,150.428665161,0.00023577517497,ARCHIVED_SOURCE/论文/computer and geosciences整理/五六分量物理互补利用_V033基座_20260923_PhysicsLoss/runs/phys_baseline_B0P_s1107/history.jsonl
B0P,MC,1107,1,50,150.466644287,0.000235922026754,ARCHIVED_SOURCE/论文/computer and geosciences整理/五六分量物理互补利用_V033基座_20260923_PhysicsLoss/runs/phys_baseline_B0P_s1107/history.jsonl
B0P,MC,1108,1,1,426.819091797,0.0680125205891,ARCHIVED_SOURCE/论文/computer and geosciences整理/五六分量物理互补利用_V033基座_20260923_PhysicsLoss/runs/phys_baseline_B0P_s1108/history.jsonl
B0P,MC,1108,1,2,350.868011475,0.00399739613252,ARCHIVED_SOURCE/论文/computer and geosciences整理/五六分量物理互补利用_V033基座_20260923_PhysicsLoss/runs/phys_baseline_B0P_s1108/history.jsonl
B0P,MC,1108,1,3,279.015991211,0.00318890168015,ARCHIVED_SOURCE/论文/computer and geosciences整理/五六分量物理互补利用_V033基座_20260923_PhysicsLoss/runs/phys_baseline_B0P_s1108/history.jsonl
B0P,MC,1108,1,4,263.567962646,0.00270227647073,ARCHIVED_SOURCE/论文/computer and geosciences整理/五六分量物理互补利用_V033基座_20260923_PhysicsLoss/runs/phys_baseline_B0P_s1108/history.jsonl
B0P,MC,1108,1,5,261.121765137,0.00236152777109,ARCHIVED_SOURCE/论文/computer and geosciences整理/五六分量物理互补利用_V033基座_20260923_PhysicsLoss/runs/phys_baseline_B0P_s1108/history.jsonl
B0P,MC,1108,1,6,242.489227295,0.00210376436247,ARCHIVED_SOURCE/论文/computer and geosciences整理/五六分量物理互补利用_V033基座_20260923_PhysicsLoss/runs/phys_baseline_B0P_s1108/history.jsonl
B0P,MC,1108,1,7,227.958343506,0.00192741821187,ARCHIVED_SOURCE/论文/computer and geosciences整理/五六分量物理互补利用_V033基座_20260923_PhysicsLoss/runs/phys_baseline_B0P_s1108/history.jsonl
B0P,MC,1108,1,8,208.006256104,0.00178908354701,ARCHIVED_SOURCE/论文/computer and geosciences整理/五六分量物理互补利用_V033基座_20260923_PhysicsLoss/runs/phys_baseline_B0P_s1108/history.jsonl
B0P,MC,1108,1,9,193.249053955,0.00163725065946,ARCHIVED_SOURCE/论文/computer and geosciences整理/五六分量物理互补利用_V033基座_20260923_PhysicsLoss/runs/phys_baseline_B0P_s1108/history.jsonl
B0P,MC,1108,1,10,204.784835815,0.00150297729884,ARCHIVED_SOURCE/论文/computer and geosciences整理/五六分量物理互补利用_V033基座_20260923_PhysicsLoss/runs/phys_baseline_B0P_s1108/history.jsonl
B0P,MC,1108,1,11,184.055740356,0.00137698071661,ARCHIVED_SOURCE/论文/computer and geosciences整理/五六分量物理互补利用_V033基座_20260923_PhysicsLoss/runs/phys_baseline_B0P_s1108/history.jsonl
B0P,MC,1108,1,12,195.950775146,0.00124200606516,ARCHIVED_SOURCE/论文/computer and geosciences整理/五六分量物理互补利用_V033基座_20260923_PhysicsLoss/runs/phys_baseline_B0P_s1108/history.jsonl
B0P,MC,1108,1,13,178.949493408,0.00110194714448,ARCHIVED_SOURCE/论文/computer and geosciences整理/五六分量物理互补利用_V033基座_20260923_PhysicsLoss/runs/phys_baseline_B0P_s1108/history.jsonl
B0P,MC,1108,1,14,168.54574585,0.0010008067822,ARCHIVED_SOURCE/论文/computer and geosciences整理/五六分量物理互补利用_V033基座_20260923_PhysicsLoss/runs/phys_baseline_B0P_s1108/history.jsonl
B0P,MC,1108,1,15,169.434768677,0.000911533688632,ARCHIVED_SOURCE/论文/computer and geosciences整理/五六分量物理互补利用_V033基座_20260923_PhysicsLoss/runs/phys_baseline_B0P_s1108/history.jsonl
B0P,MC,1108,1,16,175.860549927,0.000840681098377,ARCHIVED_SOURCE/论文/computer and geosciences整理/五六分量物理互补利用_V033基座_20260923_PhysicsLoss/runs/phys_baseline_B0P_s1108/history.jsonl
B0P,MC,1108,1,17,162.526931763,0.000786909284581,ARCHIVED_SOURCE/论文/computer and geosciences整理/五六分量物理互补利用_V033基座_20260923_PhysicsLoss/runs/phys_baseline_B0P_s1108/history.jsonl
B0P,MC,1108,1,18,162.142349243,0.00072693636621,ARCHIVED_SOURCE/论文/computer and geosciences整理/五六分量物理互补利用_V033基座_20260923_PhysicsLoss/runs/phys_baseline_B0P_s1108/history.jsonl
B0P,MC,1108,1,19,163.785705566,0.000687662308002,ARCHIVED_SOURCE/论文/computer and geosciences整理/五六分量物理互补利用_V033基座_20260923_PhysicsLoss/runs/phys_baseline_B0P_s1108/history.jsonl
B0P,MC,1108,1,20,169.365570068,0.000646278044223,ARCHIVED_SOURCE/论文/computer and geosciences整理/五六分量物理互补利用_V033基座_20260923_PhysicsLoss/runs/phys_baseline_B0P_s1108/history.jsonl
B0P,MC,1108,1,21,163.416397095,0.000608652554876,ARCHIVED_SOURCE/论文/computer and geosciences整理/五六分量物理互补利用_V033基座_20260923_PhysicsLoss/runs/phys_baseline_B0P_s1108/history.jsonl
B0P,MC,1108,1,22,161.800338745,0.000576096521972,ARCHIVED_SOURCE/论文/computer and geosciences整理/五六分量物理互补利用_V033基座_20260923_PhysicsLoss/runs/phys_baseline_B0P_s1108/history.jsonl
B0P,MC,1108,1,23,160.463684082,0.000539850618187,ARCHIVED_SOURCE/论文/computer and geosciences整理/五六分量物理互补利用_V033基座_20260923_PhysicsLoss/runs/phys_baseline_B0P_s1108/history.jsonl
B0P,MC,1108,1,24,161.421279907,0.000514103649176,ARCHIVED_SOURCE/论文/computer and geosciences整理/五六分量物理互补利用_V033基座_20260923_PhysicsLoss/runs/phys_baseline_B0P_s1108/history.jsonl
B0P,MC,1108,1,25,157.876678467,0.000488256211489,ARCHIVED_SOURCE/论文/computer and geosciences整理/五六分量物理互补利用_V033基座_20260923_PhysicsLoss/runs/phys_baseline_B0P_s1108/history.jsonl
B0P,MC,1108,1,26,157.211029053,0.000461176460827,ARCHIVED_SOURCE/论文/computer and geosciences整理/五六分量物理互补利用_V033基座_20260923_PhysicsLoss/runs/phys_baseline_B0P_s1108/history.jsonl
B0P,MC,1108,1,27,155.847183228,0.000437572980382,ARCHIVED_SOURCE/论文/computer and geosciences整理/五六分量物理互补利用_V033基座_20260923_PhysicsLoss/runs/phys_baseline_B0P_s1108/history.jsonl
B0P,MC,1108,1,28,155.417907715,0.000415387551732,ARCHIVED_SOURCE/论文/computer and geosciences整理/五六分量物理互补利用_V033基座_20260923_PhysicsLoss/runs/phys_baseline_B0P_s1108/history.jsonl
B0P,MC,1108,1,29,152.713394165,0.000396341671979,ARCHIVED_SOURCE/论文/computer and geosciences整理/五六分量物理互补利用_V033基座_20260923_PhysicsLoss/runs/phys_baseline_B0P_s1108/history.jsonl
B0P,MC,1108,1,30,154.147369385,0.000379459999657,ARCHIVED_SOURCE/论文/computer and geosciences整理/五六分量物理互补利用_V033基座_20260923_PhysicsLoss/runs/phys_baseline_B0P_s1108/history.jsonl
B0P,MC,1108,1,31,153.318435669,0.000358431232103,ARCHIVED_SOURCE/论文/computer and geosciences整理/五六分量物理互补利用_V033基座_20260923_PhysicsLoss/runs/phys_baseline_B0P_s1108/history.jsonl
B0P,MC,1108,1,32,154.097442627,0.000344699826112,ARCHIVED_SOURCE/论文/computer and geosciences整理/五六分量物理互补利用_V033基座_20260923_PhysicsLoss/runs/phys_baseline_B0P_s1108/history.jsonl
B0P,MC,1108,1,33,153.849761963,0.000332798472648,ARCHIVED_SOURCE/论文/computer and geosciences整理/五六分量物理互补利用_V033基座_20260923_PhysicsLoss/runs/phys_baseline_B0P_s1108/history.jsonl
B0P,MC,1108,1,34,152.45149231,0.000317730578756,ARCHIVED_SOURCE/论文/computer and geosciences整理/五六分量物理互补利用_V033基座_20260923_PhysicsLoss/runs/phys_baseline_B0P_s1108/history.jsonl
B0P,MC,1108,1,35,151.579055786,0.000306721158905,ARCHIVED_SOURCE/论文/computer and geosciences整理/五六分量物理互补利用_V033基座_20260923_PhysicsLoss/runs/phys_baseline_B0P_s1108/history.jsonl
B0P,MC,1108,1,36,153.797348022,0.000295558557969,ARCHIVED_SOURCE/论文/computer and geosciences整理/五六分量物理互补利用_V033基座_20260923_PhysicsLoss/runs/phys_baseline_B0P_s1108/history.jsonl
B0P,MC,1108,1,37,152.390625,0.000287379229608,ARCHIVED_SOURCE/论文/computer and geosciences整理/五六分量物理互补利用_V033基座_20260923_PhysicsLoss/runs/phys_baseline_B0P_s1108/history.jsonl
B0P,MC,1108,1,38,152.32850647,0.000277220616668,ARCHIVED_SOURCE/论文/computer and geosciences整理/五六分量物理互补利用_V033基座_20260923_PhysicsLoss/runs/phys_baseline_B0P_s1108/history.jsonl
B0P,MC,1108,1,39,152.901992798,0.000269128191692,ARCHIVED_SOURCE/论文/computer and geosciences整理/五六分量物理互补利用_V033基座_20260923_PhysicsLoss/runs/phys_baseline_B0P_s1108/history.jsonl
B0P,MC,1108,1,40,153.703216553,0.000264045757212,ARCHIVED_SOURCE/论文/computer and geosciences整理/五六分量物理互补利用_V033基座_20260923_PhysicsLoss/runs/phys_baseline_B0P_s1108/history.jsonl
B0P,MC,1108,1,41,153.01461792,0.00025844869128,ARCHIVED_SOURCE/论文/computer and geosciences整理/五六分量物理互补利用_V033基座_20260923_PhysicsLoss/runs/phys_baseline_B0P_s1108/history.jsonl
B0P,MC,1108,1,42,152.933349609,0.000253114531365,ARCHIVED_SOURCE/论文/computer and geosciences整理/五六分量物理互补利用_V033基座_20260923_PhysicsLoss/runs/phys_baseline_B0P_s1108/history.jsonl
B0P,MC,1108,1,43,153.361968994,0.000248539449214,ARCHIVED_SOURCE/论文/computer and geosciences整理/五六分量物理互补利用_V033基座_20260923_PhysicsLoss/runs/phys_baseline_B0P_s1108/history.jsonl
B0P,MC,1108,1,44,152.823944092,0.00024505111277,ARCHIVED_SOURCE/论文/computer and geosciences整理/五六分量物理互补利用_V033基座_20260923_PhysicsLoss/runs/phys_baseline_B0P_s1108/history.jsonl
B0P,MC,1108,1,45,152.706100464,0.000242010323821,ARCHIVED_SOURCE/论文/computer and geosciences整理/五六分量物理互补利用_V033基座_20260923_PhysicsLoss/runs/phys_baseline_B0P_s1108/history.jsonl
B0P,MC,1108,1,46,153.15171814,0.000240105647601,ARCHIVED_SOURCE/论文/computer and geosciences整理/五六分量物理互补利用_V033基座_20260923_PhysicsLoss/runs/phys_baseline_B0P_s1108/history.jsonl
B0P,MC,1108,1,47,153.337142944,0.000238458512536,ARCHIVED_SOURCE/论文/computer and geosciences整理/五六分量物理互补利用_V033基座_20260923_PhysicsLoss/runs/phys_baseline_B0P_s1108/history.jsonl
B0P,MC,1108,1,48,152.860824585,0.000237572664203,ARCHIVED_SOURCE/论文/computer and geosciences整理/五六分量物理互补利用_V033基座_20260923_PhysicsLoss/runs/phys_baseline_B0P_s1108/history.jsonl
B0P,MC,1108,1,49,152.982208252,0.000236814803261,ARCHIVED_SOURCE/论文/computer and geosciences整理/五六分量物理互补利用_V033基座_20260923_PhysicsLoss/runs/phys_baseline_B0P_s1108/history.jsonl
B0P,MC,1108,1,50,152.996658325,0.000236628690754,ARCHIVED_SOURCE/论文/computer and geosciences整理/五六分量物理互补利用_V033基座_20260923_PhysicsLoss/runs/phys_baseline_B0P_s1108/history.jsonl
B0P,MC,1109,1,1,440.879486084,0.0204657956647,ARCHIVED_SOURCE/论文/computer and geosciences整理/五六分量物理互补利用_V033基座_20260923_PhysicsLoss/runs/phys_baseline_B0P_s1109/history.jsonl
B0P,MC,1109,1,2,326.01776123,0.00387602707792,ARCHIVED_SOURCE/论文/computer and geosciences整理/五六分量物理互补利用_V033基座_20260923_PhysicsLoss/runs/phys_baseline_B0P_s1109/history.jsonl
B0P,MC,1109,1,3,278.711639404,0.00310351598429,ARCHIVED_SOURCE/论文/computer and geosciences整理/五六分量物理互补利用_V033基座_20260923_PhysicsLoss/runs/phys_baseline_B0P_s1109/history.jsonl
B0P,MC,1109,1,4,248.38722229,0.0025961753118,ARCHIVED_SOURCE/论文/computer and geosciences整理/五六分量物理互补利用_V033基座_20260923_PhysicsLoss/runs/phys_baseline_B0P_s1109/history.jsonl
B0P,MC,1109,1,5,256.758087158,0.00229031722191,ARCHIVED_SOURCE/论文/computer and geosciences整理/五六分量物理互补利用_V033基座_20260923_PhysicsLoss/runs/phys_baseline_B0P_s1109/history.jsonl
B0P,MC,1109,1,6,237.126907349,0.0020577727438,ARCHIVED_SOURCE/论文/computer and geosciences整理/五六分量物理互补利用_V033基座_20260923_PhysicsLoss/runs/phys_baseline_B0P_s1109/history.jsonl
B0P,MC,1109,1,7,190.914932251,0.00186754689218,ARCHIVED_SOURCE/论文/computer and geosciences整理/五六分量物理互补利用_V033基座_20260923_PhysicsLoss/runs/phys_baseline_B0P_s1109/history.jsonl
B0P,MC,1109,1,8,188.331237793,0.0017077914666,ARCHIVED_SOURCE/论文/computer and geosciences整理/五六分量物理互补利用_V033基座_20260923_PhysicsLoss/runs/phys_baseline_B0P_s1109/history.jsonl
B0P,MC,1109,1,9,189.966796875,0.0015458345315,ARCHIVED_SOURCE/论文/computer and geosciences整理/五六分量物理互补利用_V033基座_20260923_PhysicsLoss/runs/phys_baseline_B0P_s1109/history.jsonl
B0P,MC,1109,1,10,164.162307739,0.00141234700671,ARCHIVED_SOURCE/论文/computer and geosciences整理/五六分量物理互补利用_V033基座_20260923_PhysicsLoss/runs/phys_baseline_B0P_s1109/history.jsonl
B0P,MC,1109,1,11,176.457046509,0.00129539971468,ARCHIVED_SOURCE/论文/computer and geosciences整理/五六分量物理互补利用_V033基座_20260923_PhysicsLoss/runs/phys_baseline_B0P_s1109/history.jsonl
B0P,MC,1109,1,12,164.962905884,0.00114778818336,ARCHIVED_SOURCE/论文/computer and geosciences整理/五六分量物理互补利用_V033基座_20260923_PhysicsLoss/runs/phys_baseline_B0P_s1109/history.jsonl
B0P,MC,1109,1,13,164.411117554,0.00105401535619,ARCHIVED_SOURCE/论文/computer and geosciences整理/五六分量物理互补利用_V033基座_20260923_PhysicsLoss/runs/phys_baseline_B0P_s1109/history.jsonl
B0P,MC,1109,1,14,154.091598511,0.000965199715572,ARCHIVED_SOURCE/论文/computer and geosciences整理/五六分量物理互补利用_V033基座_20260923_PhysicsLoss/runs/phys_baseline_B0P_s1109/history.jsonl
B0P,MC,1109,1,15,155.874511719,0.00088887676428,ARCHIVED_SOURCE/论文/computer and geosciences整理/五六分量物理互补利用_V033基座_20260923_PhysicsLoss/runs/phys_baseline_B0P_s1109/history.jsonl
B0P,MC,1109,1,16,152.71496582,0.00083326093389,ARCHIVED_SOURCE/论文/computer and geosciences整理/五六分量物理互补利用_V033基座_20260923_PhysicsLoss/runs/phys_baseline_B0P_s1109/history.jsonl
B0P,MC,1109,1,17,158.538131714,0.000784210881249,ARCHIVED_SOURCE/论文/computer and geosciences整理/五六分量物理互补利用_V033基座_20260923_PhysicsLoss/runs/phys_baseline_B0P_s1109/history.jsonl
B0P,MC,1109,1,18,151.264343262,0.000726567690356,ARCHIVED_SOURCE/论文/computer and geosciences整理/五六分量物理互补利用_V033基座_20260923_PhysicsLoss/runs/phys_baseline_B0P_s1109/history.jsonl
B0P,MC,1109,1,19,158.277267456,0.000698382205946,ARCHIVED_SOURCE/论文/computer and geosciences整理/五六分量物理互补利用_V033基座_20260923_PhysicsLoss/runs/phys_baseline_B0P_s1109/history.jsonl
B0P,MC,1109,1,20,160.712524414,0.000654506720885,ARCHIVED_SOURCE/论文/computer and geosciences整理/五六分量物理互补利用_V033基座_20260923_PhysicsLoss/runs/phys_baseline_B0P_s1109/history.jsonl
B0P,MC,1109,1,21,151.532089233,0.000619978720503,ARCHIVED_SOURCE/论文/computer and geosciences整理/五六分量物理互补利用_V033基座_20260923_PhysicsLoss/runs/phys_baseline_B0P_s1109/history.jsonl
B0P,MC,1109,1,22,152.872146606,0.000581287554425,ARCHIVED_SOURCE/论文/computer and geosciences整理/五六分量物理互补利用_V033基座_20260923_PhysicsLoss/runs/phys_baseline_B0P_s1109/history.jsonl
B0P,MC,1109,1,23,156.065414429,0.000548966580535,ARCHIVED_SOURCE/论文/computer and geosciences整理/五六分量物理互补利用_V033基座_20260923_PhysicsLoss/runs/phys_baseline_B0P_s1109/history.jsonl
B0P,MC,1109,1,24,155.28742981,0.000522917059051,ARCHIVED_SOURCE/论文/computer and geosciences整理/五六分量物理互补利用_V033基座_20260923_PhysicsLoss/runs/phys_baseline_B0P_s1109/history.jsonl
B0P,MC,1109,1,25,155.443252563,0.000491631696071,ARCHIVED_SOURCE/论文/computer and geosciences整理/五六分量物理互补利用_V033基座_20260923_PhysicsLoss/runs/phys_baseline_B0P_s1109/history.jsonl
B0P,MC,1109,1,26,148.494293213,0.000468320113694,ARCHIVED_SOURCE/论文/computer and geosciences整理/五六分量物理互补利用_V033基座_20260923_PhysicsLoss/runs/phys_baseline_B0P_s1109/history.jsonl
B0P,MC,1109,1,27,151.633956909,0.000447018169934,ARCHIVED_SOURCE/论文/computer and geosciences整理/五六分量物理互补利用_V033基座_20260923_PhysicsLoss/runs/phys_baseline_B0P_s1109/history.jsonl
B0P,MC,1109,1,28,148.288253784,0.000421449549987,ARCHIVED_SOURCE/论文/computer and geosciences整理/五六分量物理互补利用_V033基座_20260923_PhysicsLoss/runs/phys_baseline_B0P_s1109/history.jsonl
B0P,MC,1109,1,29,150.350723267,0.00039928515621,ARCHIVED_SOURCE/论文/computer and geosciences整理/五六分量物理互补利用_V033基座_20260923_PhysicsLoss/runs/phys_baseline_B0P_s1109/history.jsonl
B0P,MC,1109,1,30,151.4662323,0.000383996458549,ARCHIVED_SOURCE/论文/computer and geosciences整理/五六分量物理互补利用_V033基座_20260923_PhysicsLoss/runs/phys_baseline_B0P_s1109/history.jsonl
B0P,MC,1109,1,31,153.226623535,0.00036712014459,ARCHIVED_SOURCE/论文/computer and geosciences整理/五六分量物理互补利用_V033基座_20260923_PhysicsLoss/runs/phys_baseline_B0P_s1109/history.jsonl
B0P,MC,1109,1,32,152.654556274,0.000351758517785,ARCHIVED_SOURCE/论文/computer and geosciences整理/五六分量物理互补利用_V033基座_20260923_PhysicsLoss/runs/phys_baseline_B0P_s1109/history.jsonl
B0P,MC,1109,1,33,152.190063477,0.000338119331442,ARCHIVED_SOURCE/论文/computer and geosciences整理/五六分量物理互补利用_V033基座_20260923_PhysicsLoss/runs/phys_baseline_B0P_s1109/history.jsonl
B0P,MC,1109,1,34,152.583740234,0.00032302480262,ARCHIVED_SOURCE/论文/computer and geosciences整理/五六分量物理互补利用_V033基座_20260923_PhysicsLoss/runs/phys_baseline_B0P_s1109/history.jsonl
B0P,MC,1109,1,35,150.280456543,0.00031241885513,ARCHIVED_SOURCE/论文/computer and geosciences整理/五六分量物理互补利用_V033基座_20260923_PhysicsLoss/runs/phys_baseline_B0P_s1109/history.jsonl
B0P,MC,1109,1,36,151.331359863,0.000301067456938,ARCHIVED_SOURCE/论文/computer and geosciences整理/五六分量物理互补利用_V033基座_20260923_PhysicsLoss/runs/phys_baseline_B0P_s1109/history.jsonl
B0P,MC,1109,1,37,150.970657349,0.000291438116278,ARCHIVED_SOURCE/论文/computer and geosciences整理/五六分量物理互补利用_V033基座_20260923_PhysicsLoss/runs/phys_baseline_B0P_s1109/history.jsonl
B0P,MC,1109,1,38,153.264389038,0.000282624429246,ARCHIVED_SOURCE/论文/computer and geosciences整理/五六分量物理互补利用_V033基座_20260923_PhysicsLoss/runs/phys_baseline_B0P_s1109/history.jsonl
B0P,MC,1109,1,39,151.272354126,0.000274887943921,ARCHIVED_SOURCE/论文/computer and geosciences整理/五六分量物理互补利用_V033基座_20260923_PhysicsLoss/runs/phys_baseline_B0P_s1109/history.jsonl
B0P,MC,1109,1,40,151.483505249,0.000269293445066,ARCHIVED_SOURCE/论文/computer and geosciences整理/五六分量物理互补利用_V033基座_20260923_PhysicsLoss/runs/phys_baseline_B0P_s1109/history.jsonl
B0P,MC,1109,1,41,152.414505005,0.000263347558796,ARCHIVED_SOURCE/论文/computer and geosciences整理/五六分量物理互补利用_V033基座_20260923_PhysicsLoss/runs/phys_baseline_B0P_s1109/history.jsonl
B0P,MC,1109,1,42,150.978668213,0.000258550004926,ARCHIVED_SOURCE/论文/computer and geosciences整理/五六分量物理互补利用_V033基座_20260923_PhysicsLoss/runs/phys_baseline_B0P_s1109/history.jsonl
B0P,MC,1109,1,43,151.260360718,0.000253976972733,ARCHIVED_SOURCE/论文/computer and geosciences整理/五六分量物理互补利用_V033基座_20260923_PhysicsLoss/runs/phys_baseline_B0P_s1109/history.jsonl
B0P,MC,1109,1,44,151.805404663,0.000250169470482,ARCHIVED_SOURCE/论文/computer and geosciences整理/五六分量物理互补利用_V033基座_20260923_PhysicsLoss/runs/phys_baseline_B0P_s1109/history.jsonl
B0P,MC,1109,1,45,151.344451904,0.000247741056654,ARCHIVED_SOURCE/论文/computer and geosciences整理/五六分量物理互补利用_V033基座_20260923_PhysicsLoss/runs/phys_baseline_B0P_s1109/history.jsonl
B0P,MC,1109,1,46,152.342605591,0.000245906136283,ARCHIVED_SOURCE/论文/computer and geosciences整理/五六分量物理互补利用_V033基座_20260923_PhysicsLoss/runs/phys_baseline_B0P_s1109/history.jsonl
B0P,MC,1109,1,47,151.88760376,0.000243755039848,ARCHIVED_SOURCE/论文/computer and geosciences整理/五六分量物理互补利用_V033基座_20260923_PhysicsLoss/runs/phys_baseline_B0P_s1109/history.jsonl
B0P,MC,1109,1,48,151.781448364,0.000242874160832,ARCHIVED_SOURCE/论文/computer and geosciences整理/五六分量物理互补利用_V033基座_20260923_PhysicsLoss/runs/phys_baseline_B0P_s1109/history.jsonl
B0P,MC,1109,1,49,151.959899902,0.00024189002918,ARCHIVED_SOURCE/论文/computer and geosciences整理/五六分量物理互补利用_V033基座_20260923_PhysicsLoss/runs/phys_baseline_B0P_s1109/history.jsonl
B0P,MC,1109,1,50,151.880783081,0.000241965997002,ARCHIVED_SOURCE/论文/computer and geosciences整理/五六分量物理互补利用_V033基座_20260923_PhysicsLoss/runs/phys_baseline_B0P_s1109/history.jsonl
